quote,author,category,escola
"It is not a lack of love, but a lack of friendship that makes unhappy marriages.",Friedrich Nietzsche,"friendship, lack-of-friendship, lack-of-love, love, marriage, unhappy-marriage",Niilismo / Existencialismo (precursor)
"Being deeply loved by someone gives you strength, while loving someone deeply gives you courage.",Lao Tzu,"courage, deeply-loved, love, strength, widely-misattributed",Taoismo
"Every heart sings a song, incomplete, until another heart whispers back. Those who wish to sing always find a song. At the touch of a lover, everyone becomes a poet.",Plato,"love, poetry, song",Platonismo
There is always some madness in love. But there is also always some reason in madness.,Friedrich Nietzsche,"love, madness",Niilismo / Existencialismo (precursor)
The man of knowledge must be able not only to love his enemies but also to hate his friends.,Friedrich Nietzsche,"enemies, friends, friendship, hatred, intelligence, knowledge, love, wisdom",Niilismo / Existencialismo (precursor)
The heart has its reasons which reason knows not.,Blaise Pascal,"heart, love, quip, reason",Jansenismo / Existencialismo Cristão (precursor)
"One ought to hold on to one's heart; for if one lets it go, one soon loses control of the head too.",Friedrich Nietzsche,"emotions, heart, insanity, love, rationality, reason",Niilismo / Existencialismo (precursor)
"Amor Fati – “Love Your Fate”, which is in fact your life.",Friedrich Nietzsche,"fate, inspirational, life, love",Niilismo / Existencialismo (precursor)
"Ultimately, it is the desire, not the desired, that we love.",Friedrich Nietzsche,"desire, love",Niilismo / Existencialismo (precursor)
"In itself, homosexuality is as limiting as heterosexuality: the ideal should be to be capable of loving a woman or a man; either, a human being, without feeling fear, restraint, or obligation.",Simone de Beauvoir,"freedom-of-choice, heterosexuality, homosexuality, love",Existencialismo / Feminismo
"In love, one and one are one.",Jean-Paul Sartre,love,Existencialismo
"Nothing in life is worth,turning your back on,if you love it.",Albert Camus,"life, love",Existencialismo / Absurdismo
Love is a state in which a man sees things most decidedly as they are not.,Friedrich Nietzsche,love,Niilismo / Existencialismo (precursor)
"One's life has value so long as one attributes value to the life of others, by means of love, friendship, and compassion",Simone de Beauvoir,"friendship, love, philosophy, women",Existencialismo / Feminismo
Love is a drama of contradictions.,Franz Kafka,love,Existencialismo (influência) / Absurdo
"You're my Star, a stargazer too,and I wish that I were Heaven,with a billion eyes to look at you!",Plato,love,Platonismo
"Human relationships always help us to carry on because they always presuppose further developments, a future - and also because we live as if our only task was precisely to have relationships with other people.",Albert Camus,"future, love, relationships, society",Existencialismo / Absurdismo
"Love, and you shall be loved.",Ralph Waldo Emerson,love,Transcendentalismo
The spiritualization of sensuality is called love: it is a great triumph over Christianity.,Friedrich Nietzsche,"anti-christian, christianity, love, sensuality, spirituality",Niilismo / Existencialismo (precursor)
May I kiss you then? On this miserable paper? I might as well open the window and kiss the night air.,Franz Kafka,"kiss, letters, love, night",Existencialismo (influência) / Absurdo
"He who is in love is wise and is becoming wiser, sees newly every time he looks at the object beloved, drawing from it with his eyes and his mind those virtues which it possesses.",Ralph Waldo Emerson,love,Transcendentalismo
"What made me run away was doubtless not so much the fear of settling down, but of settling down permanently in something ugly.",Albert Camus,"life, love, romance",Existencialismo / Absurdismo
It is easy to hate and it is difficult to love. This is how the whole scheme of things works. All good things are difficult to achieve and bad things are very easy to get. ,Confucius,"hard, love",Confucionismo
"We join spokes together in a wheel, but it is the center hole that makes the wagon move.We shape clay into a pot, but it is the emptiness insidethat holds whatever we want.We hammer wood for a house, but it is the inner spacethat makes it livable.We work with being, but non-being is what we use.",Lao Tzu,"inspirational, love, philosophy, poetry",Taoismo
The Artist always has the masters in his eyes.,Ralph Waldo Emerson,"ambition, art, artist, eyes, love, master, work",Transcendentalismo
"It answers the question that was tormenting you: my love, you are not 'one thing in my life' - not even the most important - because my life no longer belongs to me because...you are always me.",Jean-Paul Sartre,"identity, love, personal-papers",Existencialismo
"Because of a great love, one is courageous.",Lao Tzu,love,Taoismo
"Do not go where the path may lead, go instead where there is no path and leave a trail.",Ralph Waldo Emerson,"inspirational, life",Transcendentalismo
Nobody realizes that some people expend tremendous energy merely to be normal.,Albert Camus,"humanity, life, mankind, mortality",Existencialismo / Absurdismo
Live to the point of tears.,Albert Camus,"life, living",Existencialismo / Absurdismo
He who has a why to live for can bear almost any how.,Friedrich Nietzsche,"how, life, purpose, questioning, questions, why",Niilismo / Existencialismo (precursor)
A good traveler has no fixed plans and is not intent on arriving.,Lao Tzu,"life, travel",Taoismo
It does not matter how slowly you go as long as you do not stop.,Confucius,"education, inspirational, life, perseverance",Confucionismo
"It is not the length of life, but the depth.",Ralph Waldo Emerson,life,Transcendentalismo
"I am awfully greedy; I want everything from life. I want to be a woman and to be a man, to have many friends and to have loneliness, to work much and write good books, to travel and enjoy myself, to be selfish and to be unselfish… You see, it is difficult to get all which I want. And then when I do not succeed I get mad with anger.",Simone de Beauvoir,"anger, books, friends, greedy, life, loneliness, man, myself, selfish, travel, woman, work, write",Existencialismo / Feminismo
"Life is not a problem to be solved, but a reality to be experienced.",Søren Kierkegaard,"life, reality",Existencialismo Cristão
"Man is condemned to be free; because once thrown into the world, he is responsible for everything he does. It is up to you to give [life] a meaning.",Jean-Paul Sartre,"freedom, life, personal-responsibility",Existencialismo
"No man ever steps in the same river twice, for it's not the same river and he's not the same man.",Heraclitus,"eternity, impermanence, journey, life, mujo",Pré-socrático
The meaning of life is that it stops.,Franz Kafka,"death, life",Existencialismo (influência) / Absurdo
You're on Earth. There's no cure for that.,Samuel Beckett,"life, planets, space-travel",Teatro do Absurdo
Do not wait for the last judgment. It comes every day.,Albert Camus,"judgement, life, religion",Existencialismo / Absurdismo
To perceive is to suffer.,Aristotle,"empathy, life, suffer, understanding",Peripatético / Aristotelismo
Art is the proper task of life. ,Friedrich Nietzsche,"art, inspirational, life",Niilismo / Existencialismo (precursor)
Life is a succession of lessons which must be lived to be understood.,Ralph Waldo Emerson,"life, life-experience",Transcendentalismo
Is life not a thousand times too short for us to bore ourselves?,Friedrich Nietzsche,"boredom, life",Niilismo / Existencialismo (precursor)
"Forget injuries, never forget kindnesses.",Confucius,"life, principles",Confucionismo
"L'éternité, c'est long ... surtout vers la fin.",Franz Kafka,"eternity, life, time",Existencialismo (influência) / Absurdo
"A man's work is nothing but this slow trek to rediscover, through the detours of art, those two or three great and simple images in whose presence his heart first opened.",Albert Camus,"art, inspiration, life",Existencialismo / Absurdismo
Give a bowl of rice to a man and you will feed him for a day. Teach him how to grow his own rice and you will save his life.,Confucius,"education, enduring-good, generosity, life, wise-advice, work",Confucionismo
"Sorrow looks back, Worry looks around, Faith looks up",Ralph Waldo Emerson,"faith, inspiration, life, sorrow, wisdom, worry",Transcendentalismo
One who makes himself a worm cannot complain afterwards if people step on him.,Immanuel Kant,"life, sucker",Idealismo Transcendental
He is terribly afraid of dying because he hasn’t yet lived.,Franz Kafka,"death, dying, fear, franz, kafka, life",Existencialismo (influência) / Absurdo
Life is a series of surprises and would not be worth taking or keeping if it were not.,Ralph Waldo Emerson,"inspirational, life",Transcendentalismo
"There is but one truly serious philosophical problem and that is suicide. Judging whether life is or is not worth living amounts to answering the fundamental question of philosophy. All the rest — whether or not the world has three dimensions, whether the mind has nine or twelve categories — comes afterwards. These are games; one must first answer.",Albert Camus,life,Existencialismo / Absurdismo
Freedom is the only worthy goal in life. It is won by disregarding things that lie beyond our control.,Epictetus,"control, freedom, goal, happiness, life, philosophy",Estoicismo
"All I am is literature, and I am not able or willing to be anything else.",Franz Kafka,"life, literature",Existencialismo (influência) / Absurdo
"Marry, and you will regret it; don’t marry, you will also regret it; marry or don’t marry, you will regret it either way. Laugh at the world’s foolishness, you will regret it; weep over it, you will regret that too; laugh at the world’s foolishness or weep over it, you will regret both. Believe a woman, you will regret it; believe her not, you will also regret it… Hang yourself, you will regret it; do not hang yourself, and you will regret that too; hang yourself or don’t hang yourself, you’ll regret it either way; whether you hang yourself or do not hang yourself, you will regret both. This, gentlemen, is the essence of all philosophy.",Søren Kierkegaard,"humor, life, regret",Existencialismo Cristão
"In dwelling, live close to the ground. In thinking, keep to the simple. In conflict, be fair and generous. In governing, don't try to control. In work, do what you enjoy. In family life, be completely present.",Lao Tzu,"advice-for-daily-living, conflict, life, living, thinking, work",Taoismo
"Life is like a play: it's not the length, but the excellence of the acting that matters.",Seneca,"inspirational, life",Estoicismo
Imitation is suicide.,Ralph Waldo Emerson,"be-yourself, creativity, life",Transcendentalismo
"No, I regret nothing, all I regret is having been born, dying is such a long tiresome business I always found.",Samuel Beckett,"death, life, regret",Teatro do Absurdo
"A 'no' does not hide anything, but a 'yes' very easily becomes a deception.",Søren Kierkegaard,"kierkegaard, life, promises",Existencialismo Cristão
"What can we see, read, acquire, but ourselves. Take the book, my friend, and read your eyes out, you will never find there what I find.",Ralph Waldo Emerson,life,Transcendentalismo
"Life has no meaning, the moment you lose the illusion of being eternal.",Jean-Paul Sartre,"eternal, life",Existencialismo
"Life is a train of moods like a string of beads; and as we pass through them they prove to be many colored lenses, which paint the world their own hue, and each shows us only what lies in its own focus.",Ralph Waldo Emerson,life,Transcendentalismo
"The overman...Who has organized the chaos of his passions, given style to his character, and become creative. Aware of life's terrors, he affirms life without resentment. ",Friedrich Nietzsche,"control, discipline, life",Niilismo / Existencialismo (precursor)
"...happiness does not consist in amusement. In fact, it would be strange if our end were amusement, and if we were to labor and suffer hardships all our life long merely to amuse ourselves.... The happy life is regarded as a life in conformity with virtue. It is a life which involves effort and is not spent in amusement....",Aristotle,"amusement, happy, life, virtue",Peripatético / Aristotelismo
"Men acquire a particular quality by constantly acting a particular way... you become just by performing just actions, temperate by performing temperate actions, brave by performing brave actions.",Aristotle,"action, life, quality, virtue",Peripatético / Aristotelismo
"Not life, but good life, is to be chiefly valued. ",Socrates,"life, value",Filosofia Socrática
"In the end,The treasure of life is missed by those who hold on and gained by those who let go.",Lao Tzu,life,Taoismo
"He who has attained the freedom of reason to any extent cannot, for a long time, regard himself otherwise than as a wanderer on the face of the earth - and not even as a traveler towards a final goal, for there is no such thing. But he certainly wants to observe and keep his eyes open to whatever actually happens in the world; therefore he cannot attach his heart too firmly to anything individual; he must have in himself something wandering that takes pleasure in change and transitoriness.",Friedrich Nietzsche,life,Niilismo / Existencialismo (precursor)
What lies behind us and what lies before us are tiny matters compared to what lies within us.,Ralph Waldo Emerson,inspirational,Transcendentalismo
Always do what you are afraid to do.,Ralph Waldo Emerson,inspirational,Transcendentalismo
"Whatever you do, you need courage. Whatever course you decide upon, there is always someone to tell you that you are wrong. There are always difficulties arising that tempt you to believe your critics are right. To map out a course of action and follow it to an end requires some of the same courage that a soldier needs. Peace has its victories, but it takes brave men and women to win them.",Ralph Waldo Emerson,"courage, inspirational",Transcendentalismo
Write it on your heart that every day is the best day in the year.,Ralph Waldo Emerson,"advice-for-daily-living, inspirational, live-in-the-moment, optimism, wonder",Transcendentalismo
"If you make a mistake and do not correct it, this is called a mistake.",Confucius,"inspirational, mistake",Confucionismo
"When I let go of what I am, I become what I might be.",Lao Tzu,inspirational,Taoismo
"Excellence is never an accident. It is always the result of high intention, sincere effort, and intelligent execution; it represents the wise choice of many alternatives - choice, not chance, determines your destiny.",Aristotle,"choice, inspirational",Peripatético / Aristotelismo
Make the most of yourself....for that is all there is of you.,Ralph Waldo Emerson,"be-yourself, inspirational, self-improvement",Transcendentalismo
Nothing great was ever achieved without enthusiasm.,Ralph Waldo Emerson,inspirational,Transcendentalismo
Shallow men believe in luck or in circumstance. Strong men believe in cause and effect.,Ralph Waldo Emerson,"causality, causation, cause-and-effect, chance, darwinism, inspirational, kalam-cosmological-argument, luck, naturalism, necessity, serendipity",Transcendentalismo
Luck is what happens when preparation meets opportunity.,Seneca,inspirational,Estoicismo
"A hero is no braver than an ordinary man, but he is brave five minutes longer.",Ralph Waldo Emerson,"brave, inspirational",Transcendentalismo
"When you see a good person, think of becoming like her/him. When you see someone not so good, reflect on your own weak points.",Confucius,"helpful, inspirational, introspection, karma, self-improvement",Confucionismo
You become what you think about all day long.,Ralph Waldo Emerson,"inspirational, obsession",Transcendentalismo
Know thyself.,Socrates,inspirational,Filosofia Socrática
Try again. Fail again. Fail better.,Samuel Beckett,"existentialism, failure, inspirational",Teatro do Absurdo
"Difficulties strengthen the mind, as labor does the body.",Seneca,"adversity, challenges, character, inspirational",Estoicismo
"It is not the failure of others to appreciate your abilities that should trouble you, but rather your failure to appreciate theirs.",Confucius,inspirational,Confucionismo
One must still have chaos in oneself to be able to give birth to a dancing star.,Friedrich Nietzsche,"creative-process, creativity, inspirational, mental-illness, outsider, self-discovery",Niilismo / Existencialismo (precursor)
"As is a tale, so is life: not how long it is, but how good it is, is what matters.",Seneca,inspirational,Estoicismo
The greatest discovery of any generation is that a human can alter his life by altering his attitude.,William James,inspirational,Pragmatismo
Employ your time in improving yourself by other men's writings so that you shall come easily by what others have labored hard for.,Socrates,"inspirational, reading, wisdom",Filosofia Socrática
"To write well, express yourself like the common people, but think like a wise man.",Aristotle,"inspirational, philosophy, writing",Peripatético / Aristotelismo
Education is teaching our children to desire the right things.,Plato,inspirational,Platonismo
Life begins on the other side of despair.,Jean-Paul Sartre,inspirational,Existencialismo
It is during our darkest moments that we must focus to see the light.,Aristotle,inspirational,Peripatético / Aristotelismo
"Death, therefore, the most awful of evils, is nothing to us, seeing that, when we are, death is not come, and, when death is come, we are not.",Epicurus,"awful, death, inspirational, peace, philosophy, serenity, wisdom",Epicurismo
Your own positive future begins in this moment. All you have is right now. Every goal is possible from here.,Lao Tzu,inspirational,Taoismo
"That which we persist in doing becomes easier to do, not that the nature of the thing has changed but that our power to do has increased.",Ralph Waldo Emerson,inspirational,Transcendentalismo
"There is only one day left, always starting over: It is given to us at dawn and taken away from us at dusk.",Jean-Paul Sartre,"carpe-diem, inspirational",Existencialismo
It is one of the beautiful compensations of life that no man can sincerely try to help another without helping himself.,Ralph Waldo Emerson,inspirational,Transcendentalismo
"The Man who says he can, and the man who says he can not.. Are both correct",Confucius,inspirational,Confucionismo
There isa time to liveand a time to diebut never to reject the moment.,Lao Tzu,"inspirational, tao-te-ching",Taoismo
Fear defeats more people than any other one thing in the world.,Ralph Waldo Emerson,"fear, inspirational, self-confidence",Transcendentalismo
"The greatest blessing granted to mankind come by way of madness, which is a divine gift.",Socrates,"inspirational, science, truth",Filosofia Socrática
No man is free who is not master of himself.,Epictetus,inspirational,Estoicismo
Life consists of what man is thinking about all day.,Ralph Waldo Emerson,inspirational,Transcendentalismo
None of us will ever accomplish anything excellent or commanding except when he listens to this whisper which is heard by him alone.,Ralph Waldo Emerson,"inspirational, self-determination, self-expression",Transcendentalismo
The reward of a thing well done is having done it.,Ralph Waldo Emerson,inspirational,Transcendentalismo
"Do your work, then step back. The only path to serenity.",Lao Tzu,"action, inspirational, serenity",Taoismo
There is no illusion greater than fear.,Lao Tzu,"inspirational, overcoming-fear",Taoismo
It is in the knowledge of the genuine conditions of our lives that we must draw our strength to live and our reasons for living.,Simone de Beauvoir,inspirational,Existencialismo / Feminismo
The journey of a thousand miles begins with a single step. Watch your step.,Lao Tzu,inspirational,Taoismo
"He who defends with love will be secure; Heaven will save him, and protect him with love.",Lao Tzu,"chivalry, god, inspirational, religion",Taoismo
Great acts are made up of small deeds.,Lao Tzu,inspirational,Taoismo
"Dancing in all its forms cannot be excluded from the curriculum of all noble education; dancing with the feet, with ideas, with words, and, need I add that one must also be able to dance with the pen?",Friedrich Nietzsche,"dancing, inspirational",Niilismo / Existencialismo (precursor)
Wise men put their trust in ideas and not in circumstances.,Ralph Waldo Emerson,inspirational,Transcendentalismo
"That which we persist in doing becomes easier to do, not that the nature of the thing has changed, but our power to do so is increased.",Ralph Waldo Emerson,inspirational,Transcendentalismo
If the stars should appear but one night every thousand years how man would marvel and adore.,Ralph Waldo Emerson,"inspirational, perspective",Transcendentalismo
Learn as if you were not reaching your goal and as though you were scared of missing it,Confucius,"confucious, inspirational, learning, life",Confucionismo
"When you were born you were crying and everyone else was smiling. Live your life so at the end, your're the one who is smiling and everyone else is crying.",Ralph Waldo Emerson,inspirational,Transcendentalismo
Arrogance on the part of the meritorious is even more offensive to us than the arrogance of those without merit: for merit itself is offensive.,Friedrich Nietzsche,"arrogance, inspirational, philosphy",Niilismo / Existencialismo (precursor)
"It is hard enough to remember my opinions, without also remembering my reasons for them!",Friedrich Nietzsche,"humor, philosophy",Niilismo / Existencialismo (precursor)
"The children now love luxury. They have bad manners, contempt for authority; they show disrespect for elders and love chatter in place of exercise.",Socrates,"humor, teachers, teens",Filosofia Socrática
"I made this [letter] very long, because I did not have the leisure to make it shorter.",Blaise Pascal,"humor, letter",Jansenismo / Existencialismo Cristão (precursor)
"Common sense is the most widely shared commodity in the world, for every man is convinced that he is well supplied with it.",René Descartes,"common-sense, humor, irony",Racionalismo
"Why do people always expect authors to answer questions? I am an author because I want to ask questions. If I had answers, I'd be a politician.",Eugène Ionesco,"humor, writer",Teatro do Absurdo
Wit is educated insolence.,Aristotle,"definitions, humor",Peripatético / Aristotelismo
"There is one other reason for dressing well, namely that dogs respect it, and will not attack you in good clothes.",Ralph Waldo Emerson,"dogs, fashion, humor, respect",Transcendentalismo
The secret to humor is surprise.,Aristotle,"humor, surprise",Peripatético / Aristotelismo
A joke is an epigram on the death of a feeling.,Friedrich Nietzsche,"humor, humour, jokes",Niilismo / Existencialismo (precursor)
"I am too tired, I must try to rest and sleep, otherwise I am lost in every respect. What an effort to keep alive! Erecting a monument does not require an expenditure of so much strength.",Franz Kafka,humor,Existencialismo (influência) / Absurdo
Man is the only creature who refuses to be what he is.,Albert Camus,"human-nature, man, mankind, philosophy",Existencialismo / Absurdismo
"When we are tired, we are attacked by ideas we conquered long ago.",Friedrich Nietzsche,"past, philosophy",Niilismo / Existencialismo (precursor)
I cannot teach anybody anything. I can only make them think,Socrates,"knowledge, philosophy",Filosofia Socrática
The price good men pay for indifference to public affairs is to be ruled by evil men.,Plato,philosophy,Platonismo
"An intellectual? Yes. And never deny it. An intellectual is someone whose mind watches itself. I like this, because I am happy to be both halves, the watcher and the watched. ""Can they be brought together?"" This is a practical question. We must get down to it. ""I despise intelligence"" really means: ""I cannot bear my doubts.",Albert Camus,"intellectuals, intelligence, philosophy, scholars",Existencialismo / Absurdismo
"Life is really simple, but we insist on making it complicated.",Confucius,"complexity, philosophy, simplicity",Confucionismo
"Do not train a child to learn by force or harshness; but direct them to it by what amuses their minds, so that you may be better able to discover with accuracy the peculiar bent of the genius of each.",Plato,"discipline, education, mentoring, philosophy",Platonismo
I would believe only in a God that knows how to dance.,Friedrich Nietzsche,philosophy,Niilismo / Existencialismo (precursor)
"Be kind, for everyone you meet is fighting a hard battle.",Socrates,philosophy,Filosofia Socrática
"The true man wants two things: danger and play. For that reason he wants woman, as the most dangerous plaything.",Friedrich Nietzsche,"philosophy, women",Niilismo / Existencialismo (precursor)
"Those who educate children well are more to be honored than they who produce them; for these only gave them life, those the art of living well.",Aristotle,"greek, mentors, philosophy, teachers",Peripatético / Aristotelismo
"If anyone tells you that a certain person speaks ill of you, do not make excuses about what is said of you but answer, ""He was ignorant of my other faults, else he would not have mentioned these alone.",Epictetus,"history, humility, philosophy",Estoicismo
One of the penalties of refusing to participate in politics is that you end up being governed by your inferiors.,Plato,"philosophy, politics",Platonismo
Some people talk in their sleep. Lecturers talk while other people sleep,Albert Camus,"albert-camus, lecture, philosophy, sleep",Existencialismo / Absurdismo
"The aim of art is to represent not the outward appearance of things, but their inward significance.",Aristotle,"art, philosophy",Peripatético / Aristotelismo
Don't explain your philosophy. Embody it.,Epictetus,"philosophers, philosophy",Estoicismo
"Au milieu de l'hiver, j'ai découvert en moi un invincible été.",Albert Camus,"existentialism, hope, philosophy",Existencialismo / Absurdismo
"The evil that is in the world almost always comes from ignorance, and good intentions may do as much harm as malevolence if they lack understanding.",Albert Camus,philosophy,Existencialismo / Absurdismo
The most perfidious way of harming a cause consists of defending it deliberately with faulty arguments.,Friedrich Nietzsche,"perception, philosophy, scientific-process, truth",Niilismo / Existencialismo (precursor)
"Non est ad astra mollis e terris via"" - ""There is no easy way from the earth to the stars",Seneca,"latin, philosophy, stars",Estoicismo
I have gained this by philosophy … I do without being ordered what some are constrained to do by their fear of the law.,Aristotle,"law, morality, philosophy, secular-ethics, secular-morality",Peripatético / Aristotelismo
A great many people think they are thinking when they are merely rearranging their prejudices.,William James,"attributed, honesty, integrity, philosophy, wisdom",Pragmatismo
Even the finest sword plunged into salt water will eventually rust.,Sun Tzu,"philosophy, thought-provoking, war",Filosofia Militar Chinesa
"In politics we presume that everyone who knows how to get votes knows how to administer a city or a state. When we are ill... we do not ask for the handsomest physician, or the most eloquent one.",Plato,"philosophy, politics",Platonismo
"The highest activity a human being can attain is learning for understanding, because to understand is to be free.",Baruch Spinoza,"education, free-thought, philosophy",Racionalismo
"He was free, free in every way, free to behave like a fool or a machine, free to accept, free to refuse, free to equivocate; to marry, to give up the game, to drag this death weight about with him for years to come. He could do what he liked, no one had the right to advise him, there would be for him no Good or Evil unless he thought them into being.",Jean-Paul Sartre,"existentialism, philosophy",Existencialismo
"I assess the power of a will by how much resistance, pain, torture it endures and knows how to turn to its advantage",Friedrich Nietzsche,"ant-christ, atheism, philosophy, religion",Niilismo / Existencialismo (precursor)
Doing nothing is better than being busy doing nothing.,Lao Tzu,"philosophy, taoism",Taoismo
"I suppose therefore that all things I see are illusions; I believe that nothing has ever existed of everything my lying memory tells me. I think I have no senses. I believe that body, shape, extension, motion, location are functions. What is there then that can be taken as true? Perhaps only this one thing, that nothing at all is certain.",René Descartes,"ethics, logic, metaphysics, ontology, philosophy, psychology, science",Racionalismo
I count him braver who overcomes his desires than him who overcomes his enemies.,Aristotle,"ethics, philosophy, self-discovery",Peripatético / Aristotelismo
I do not know how to teach philosophy without becoming a disturber of the peace.,Baruch Spinoza,philosophy,Racionalismo
"He who is not satisfied with a little, is satisfied with nothing .",Epicurus,"philosophy, satisfaction, science",Epicurismo
No man was ever wise by chance,Seneca,philosophy,Estoicismo
"I am one thing, my writings are another.",Friedrich Nietzsche,philosophy,Niilismo / Existencialismo (precursor)
"Except our own thoughts, there is nothing absolutely in our power.",René Descartes,"philosophy, self-determination, self-discipline",Racionalismo
All great things must first wear terrifying and monstrous masks in order to inscribe themselves on the hearts of humanity.,Friedrich Nietzsche,"history, humanity, philosophy",Niilismo / Existencialismo (precursor)
"If a man has character, he has also his typical experience, which always recurs.",Friedrich Nietzsche,"nietzsche, philosophy",Niilismo / Existencialismo (precursor)
"I have made a ceaseless effort not to ridicule, not to bewail, not to scorn human actions, but to understand them.",Baruch Spinoza,"philosophy, science",Racionalismo
"The more you struggle to live, the less you live. Give up the notion that you must be sure of what you are doing. Instead, surrender to what is real within you, for that alone is sure....you are above everything distressing.",Baruch Spinoza,philosophy,Racionalismo
Plato was a bore.,Friedrich Nietzsche,philosophy,Niilismo / Existencialismo (precursor)
I only know that I know nothing,Socrates,"creative-thinking, intellect, knowledge, philosophy, wisdom",Filosofia Socrática
To ridicule philosophy is really to philosophize.,Blaise Pascal,philosophy,Jansenismo / Existencialismo Cristão (precursor)
In football everything is complicated by the presence of the opposite team.,Jean-Paul Sartre,"football, philosophy",Existencialismo
"False words are not only evil in themselves, but they infect the soul with evil.",Plato,philosophy,Platonismo
"My advice to you is get married: if you find a good wife you'll be happy; if not, you'll become a philosopher.",Socrates,"happiness, humour, marriage, philosophy",Filosofia Socrática
Philosophy is the highest music.,Plato,"music, philosophy",Platonismo
"Never say that I have taken it, only that I have given it back.",Epicurus,"philosophy, stoic",Epicurismo
"What then is truth? A movable host of metaphors, metonymies, and anthropomorphisms: in short, a sum of human relations which have been poetically and rhetorically intensified, transferred, and embellished, and which, after long usage, seem to a people to be fixed, canonical, and binding. Truths are illusions which we have forgotten are illusions — they are metaphors that have become worn out and have been drained of sensuous force.",Friedrich Nietzsche,"friedrich-nietzche, philosophy",Niilismo / Existencialismo (precursor)
The best ideas are common property,Seneca,philosophy,Estoicismo
All are one,Heraclitus,philosophy,Pré-socrático
Act only according to that maxim whereby you can at the same time will that it should become a universal law.,Immanuel Kant,philosophy,Idealismo Transcendental
"As soon as you have made a thought, laugh at it.",Lao Tzu,"comedy, eastern-philosophy, philosophy",Taoismo
"Pactum serva"" - ""Keep the faith",Horace,"faith, latin, philosophy",Epicurismo (influência)
"Out of love for mankind, and out of despair at my embarrassing situation, seeing that I had accomplished nothing and was unable to make anything easier than it had already been made, and moved by a genuine interest in those who make everything easy, I conceived it as my task to create difficulties everywhere.",Søren Kierkegaard,"humor, life, philosophy",Existencialismo Cristão
"Know you not that a good man does nothing for appearance sake, but for the sake of having done right?",Epictetus,"epictetus, good-deeds, goodness, philosophy, virtue, wisdom",Estoicismo
"You say, it's dark. And in truth, I did place a cloud before your sun. But do you not see how the edges of the cloud are already glowing and turning light.",Friedrich Nietzsche,philosophy,Niilismo / Existencialismo (precursor)
The life of the enemy . Whoever lives for the sake of combating an enemy has an interest in the enemy's staying alive.,Friedrich Nietzsche,"enemies, life, philosophy",Niilismo / Existencialismo (precursor)
"I always thought old age would be a writer’s best chance. Whenever I read the late work of Goethe or W. B. Yeats I had the impertinence to identify with it. Now, my memory’s gone, all the old fluency’s disappeared. I don’t write a single sentence without saying to myself, ‘It’s a lie!’ So I know I was right. It’s the best chance I’ve ever had.",Samuel Beckett,"hope, philosophy, writer",Teatro do Absurdo
"Let whoever can do so deceive me, he will never bring it about that I am nothing, so long as I continue to think I am something.",René Descartes,philosophy,Racionalismo
"I knew a man who gave twenty years of his life to a scatterbrained woman, sacrificing everything to her, his friendships, his work, the very respectability of his life and who one evening recognized that he had never loved her. He had been bored, thats all, bored like most people. Hence he had made himself out of whole cloth a life full of complications and drama. Something must happen and that explains most human commitments. Something must happen even loveless slavery, even war or death.",Albert Camus,"albert-camus, existentialism, philosophy, the-fall",Existencialismo / Absurdismo
"If there were a party of those who aren't sure they're right, I'd belong to it. ",Albert Camus,"camus, ethics, philosophy, tony-judt",Existencialismo / Absurdismo
I have forgotten my umbrella. ,Friedrich Nietzsche,"aphorism, derrida, interpretation, philosophy",Niilismo / Existencialismo (precursor)
"I consist of body and soul - in the worlds of a child. And why shouldn't we speak like children? But the enlightened, the knowledgealbe would say: I am body through and through, nothing more; and the soul is just a word for something on the body.",Friedrich Nietzsche,philosophy,Niilismo / Existencialismo (precursor)
"Because we have for millenia made moral, aesthetic, religious demands on the world, looked upon it with blind desire, passion or fear, and abandoned ourselves to the bad habits of illogical thinking, this world has gradually become so marvelously variegated, frightful, meaningful, soulful, it has acquired color - but we have been the colorists: it is the human intellect that has made appearances appear and transported its erroneous basic conceptions into things.",Friedrich Nietzsche,"humanity, insightful, philosophy",Niilismo / Existencialismo (precursor)
"Are you not ashamed of caring so much for the making of money and for fame and prestige, when you neither think nor care about wisdom and truth and the improvement of your soul?",Socrates,"greed, philosophy, socrates, truth, wisdom",Filosofia Socrática
"Give the pupils something to do, not something to learn; and the doing is of such a nature as to demand thinking; learning naturally results.",John Dewey,"education, educational-system, philosophy, teaching",Pragmatismo
From a certain point onward there is no longer any turning back.,Franz Kafka,"pessimism, philosophy",Existencialismo (influência) / Absurdo
"It is our attitude toward events, not events themselves, which we can control. Nothing is by its own nature calamitous -- even death is terrible only if we fear it.",Epictetus,"attitude, control, philosophy",Estoicismo
"Thinking only begins at the point where we have come to know that Reason, glorified for centuries, is the most obstinate adversary of thinking.",Martin Heidegger,"philosophy, reason, science",Fenomenologia / Existencialismo
"The stone that was rolled before Christ's tomb might appropriately be called the philosopher's stone because its removal gave not only the pharisees but, now for 1800 years, the philosophers so much to think about.",Søren Kierkegaard,"god, philosophy",Existencialismo Cristão
Absurdity is one of the most human things about us: a manifestation of our most advanced and interesting characteristics. ,Thomas Nagel,"absurd, nagel, philosophy",Filosofia Analítica
"In some remote corner of the universe, poured out and glittering among innumerable solar systems, there once was a star on which clever animals invented knowledge.",Friedrich Nietzsche,philosophy,Niilismo / Existencialismo (precursor)
"Every existing thing is born without reason, prolongs itself out of weakness, and dies by chance.",Jean-Paul Sartre,philosophy,Existencialismo
"When I see the blind and wretched state of men, when I survey the whole universe in its deadness, and man left to himself with no light, as though lost in this corner of the universe without knowing who put him there, what he has to do, or what will become of him when he dies, incapable of knowing anything, I am moved to terror, like a man transported in his sleep to some terrifying desert island, who wakes up quite lost, with no means of escape. Then I marvel that so wretched a state does not drive people to despair.",Blaise Pascal,"atheism, blaise, pascal, philosophy, religion",Jansenismo / Existencialismo Cristão (precursor)
"What really frightens and dismays us is not external events themselves, but the way in which we think about them. It is not things that disturb us, but our interpretation of their significance.",Epictetus,"ethics, philosophy, stoicism",Estoicismo
Whoever is going to listen to the philosophers needs a considerable practice in listening.,Epictetus,"listening, philosophy",Estoicismo
"If your desire is for good, the people will be good.",Confucius,"confucianism, confucius, philosophy, political, politics",Confucionismo
"When a youth was giving himself airs in the Theatre and saying, 'I am wise, for I have conversed with many wise men,' Epictetus replied, 'I too have conversed with many rich men, yet I am not rich!’.",Epictetus,"epictetus, philosophy, sayings, talk-is-cheap, thought-provoking, wisdom",Estoicismo
"When any person harms you, or speaks badly of you, remember that he acts or speaks from a supposition of its being his duty. Now, it is not possible that he should follow what appears right to you, but what appears so to himself. Therefore, if he judges from a wrong appearance, he is the person hurt, since he too is the person deceived. For if anyone should suppose a true proposition to be false, the proposition is not hurt, but he who is deceived about it. Setting out, then, from these principles, you will meekly bear a person who reviles you, for you will say upon every occasion, ""It seemed so to him.""....",Epictetus,philosophy,Estoicismo
He who conquers himself is the mightiest warrior.,Confucius,"ancient, ancient-china, ancient-chinese, body, chinese, conquers, fighting, inspirational, philosophical, philosophy, proverb, self-improvement, self-realization, training, warrior",Confucionismo
No code of ethics and no effort are justifiable a priori in the face of the cruel mathematics that command our condition.,Albert Camus,"philosophy, suicide",Existencialismo / Absurdismo
"Existence is beyond the power of wordsTo define:Terms may be usedBut are none of them absolute.In the beginning of heaven and earth there were no words,Words came out of the womb of matter;And whether a man dispassionatelySees to the core of lifeOr passionatelySees the surface,The core and the surfaceAre essentially the same,Words making them seem differentOnly to express appearance.If name be needed, wonder names them both:From wonder into wonderExistence opens.",Lao Tzu,philosophy,Taoismo
"If you wish to make Pythocles rich, do not add to his store of money, but subtract from his desires.",Epicurus,"desire, epicureanism, happiness, philosophy, pythocles, wealth",Epicurismo
"It is the man of science, eager to have his every opinion regenerated, his every idea rationalized, by drinking at the fountain of fact, and devoting all the energies of his life to the cult of truth, not as he understands it, but as he does not yet understand it, that ought properly to be called a philosopher.",Charles Sanders Peirce,"philosophy, science",Pragmatismo
Words are the clothes thoughts wear.,Samuel Beckett,"language, philosophy, thinking, words",Teatro do Absurdo
He who says either that the time for philosophy has not yet come or that it has passed is like someone who says that the time for happiness has not yet come or that it has passed.,Epicurus,philosophy,Epicurismo
"A nation is a detour of nature to arrive at five or six great men- yes, and then to get around them.",Friedrich Nietzsche,"nietzsche, philosophy, politics",Niilismo / Existencialismo (precursor)
"You may lie with your mouth, but with the mouth you make as you do so you none the less tell the truth.",Friedrich Nietzsche,philosophy,Niilismo / Existencialismo (precursor)
"Then the lover, who is true and no counterfeit, must of necessity be loved by his love.",Plato,philosophy,Platonismo
There is no fate which cannot be surmounted by scorn.,Albert Camus,philosophy,Existencialismo / Absurdismo
"Pragmatism asks its usual question. ""Grant an idea or belief to be true,"" it says, ""what concrete difference will its being true make in anyone's actual life? How will the truth be realized? What experiences will be different from those which would obtain if the belief were false? What, in short, is the truth's cash-value in experiential terms?",William James,"experiential, philosophy, pragmatism",Pragmatismo
Those who lack the courage will always find a philosophy to justify it.,Albert Camus,"courage, cowardice, philosophy",Existencialismo / Absurdismo
There is but one true philosophical problem and that is suicide.,Albert Camus,"philosophy, suicide",Existencialismo / Absurdismo
"Do not trouble about those who practice philosophy, whether they are good or bad; but examine the thing itself well and carefully. And if philosophy appears a bad thing to you, turn every man from it, not only your sons; but if it appears to you such as I think it to be, take courage, pursue it, and practice it, as the saying is, 'both you and your house.",Socrates,"philosophy, socrates",Filosofia Socrática
"One can ask why the I has to appear in the cogito {Descartes’ argument “I think therefore I am.}, since the cogito, if used rightly, is the awareness of pure consciousness, not directed at any fact or action. In fact the I is not necessary here, since it is never united directly to consciousness. One can even imagine a pure and self-aware consciousness which thinks of itself as impersonal spontaneity.",Jean-Paul Sartre,"ethics, logic, metaphysics, ontology, philosophy, psychology, science",Existencialismo
Ideas are the source of all things,Plato,"intellect, knowledge, life, philosophy, wisdom",Platonismo
"Upon this first, and in one sense this sole, rule of reason, that in order to learn you must desire to learn, and in so desiring not be satisfied with what you already incline to think, there follows one corollary which itself deserves to be inscribed upon every wall of the city of philosophy: Do not block the way of inquiry.",Charles Sanders Peirce,"philosophy, science",Pragmatismo
The goal of education is to enable individuals to continue their education.,John Dewey,"education, philosophy",Pragmatismo
"Wherever there is a human being, there is an opportunity for crisis.",Seneca,philosophy,Estoicismo
"As a man, casting off worn out garments taketh new ones, so the dweller in the body, entereth into ones that are new.",Epictetus,"philosophy, reincarnation, religion",Estoicismo
He alone is free who lives with free consent under the entire guidance of reason,Baruch Spinoza,philosophy,Racionalismo
"The tragedy is that we cannot believe the dogmas of religion and metaphysics if we have the strict methods of truth in heart and head, but on the other hand, we have become through the development of humanity so tenderly suffering that we need the highest kind of means of salvation and consolation: whence arises the danger that man may bleed to death through the truth that he realises.",Friedrich Nietzsche,philosophy,Niilismo / Existencialismo (precursor)
Knowledge becomes evil if the aim be not virtuous.,Plato,"knowledge, morality, philosophy",Platonismo
I don’t know whether this world has a meaning that transcends it. But I know that I cannot know that meaning and that it is impossible for me just now to know it. ,Albert Camus,philosophy,Existencialismo / Absurdismo
"Philosophy cannot and should not give us an account of faith, but should understand itself and know just what it has indeed to offer, without taking anything away, least of all cheating people out of something by making them think it is nothing.",Søren Kierkegaard,philosophy,Existencialismo Cristão
"Philosophy does not promise to secure anything external for man, otherwise it would be admitting something that lies beyond its proper subject-matter. For as the material of the carpenter is wood, and that of statuary bronze, so the subject-matter of the art of living is each person's own life.",Epictetus,"epictetus, philosophy, quotes, robin-hard-revised-translation, stoicism",Estoicismo
the exclusive worship of the bitch-goddess sucess is our national disease,William James,philosophy,Pragmatismo
"People do not know how what is at variance agrees with itself. It is an attunement of opposite tensions, like that of the bow and the lyre.",Heraclitus,"harmony, philosophy",Pré-socrático
"whatsoever is, is in God, and without God nothing can be, or be conceived",Baruch Spinoza,"atheism, god, metaphysics, mysticism, pantheism, philosophy, spinoza",Racionalismo
"We are all inventors, each sailing out on a voyage of discovery, guided each by a private chart, of which there is no duplicate. The world is all gates, all opportunities.",Ralph Waldo Emerson,philosophy,Transcendentalismo
Empty is the argument of the philosopher which does not relieve any human suffering.,Epicurus,"humanity, philosophy",Epicurismo
True knowledge exists in knowing that you know nothing.,Socrates,philosophy,Filosofia Socrática
"Nothing, to my way of thinking, is a better proof of a well ordered mind than a man’s ability to stop just where he is and pass some time in his own company.",Seneca,"philosophy, stoic, stoicism",Estoicismo
"Man is but a reed, the most feeble thing in nature; but he is a thinking reed.",Blaise Pascal,philosophy,Jansenismo / Existencialismo Cristão (precursor)
Wisdom is seeing something in a non-habitual manner.,William James,philosophy,Pragmatismo
Let no one delay the study of philosophy while young nor weary of it when old.,Epicurus,"epicurus, philosophy",Epicurismo
For I have trained myself and am training myself always to be able to dance lightly in the service of thought,Søren Kierkegaard,"dance, kierkegaard, philosophical-fragments, philosophy",Existencialismo Cristão
Excess of strength alone is proof of strength,Friedrich Nietzsche,"axiom, philosophy",Niilismo / Existencialismo (precursor)
Things which are accidentally the causes either of hope or fear are called good or evil omens.,Baruch Spinoza,"faith, philosophy",Racionalismo
"aquele que quer responder às injúrias com o ódio vive na tristeza ou na mágoa, aquele que quer vencer o ódio com o amor combate alegremente e sem temor. Triunfa tanto sobre um grande número de inimigos quanto sobre um único, prescindindo de todo socorro da fortuna. Aqueles a quem ele consegue vencer ficam alegres por terem sido derrotados; e, derrotados, eles não são menos fortes; ao contrário, são mais fortes.",Baruch Spinoza,philosophy,Racionalismo
"Settle, for sure and universally, what conduct will promote the happiness of a rational being.",Immanuel Kant,"happiness, philosophy, utilitarianism",Idealismo Transcendental
All that exists is just and unjust and is equally justified in both respects.,Friedrich Nietzsche,philosophy,Niilismo / Existencialismo (precursor)
No woman in maternity confinement can have stranger and more impatient wishes than I have.,Søren Kierkegaard,philosophy,Existencialismo Cristão
"But it is just as useless for a man to want first of all to decide the externals and after that the fundamentals as it is for a cosmic body, thinking to form itself, first of all to decide the nature of its surface, to what bodies it should turn its light, to which its dark side, without first letting the harmony of centrifugal and centripetal forces realize [*realisere*] its existence [*Existents*] and letting the rest come of itself. One must learn first to know himself before knowing anything else (γνῶθι σε αυτόν). Not until a man has inwardly understood himself and then sees the course he is to take does his life gain peace and meaning; only then is he free of the irksome, sinister traveling companion―that irony of life which manifests itself in the sphere of knowledge and invites true knowing to begin with a not-knowing (Socrates), just as God created the world from nothing. But in the waters of morality it is especially at home to those who still have not entered the tradewinds of virtue. Here it tumbles a person about in a horrible way, for a time lets him feel happy and content in his resolve to go ahead along the right path, then hurls him into the abyss of despair. Often it lulls a man to sleep with the thought, ""After all, things cannot be otherwise,"" only to awaken him suddenly to a rigorous interrogation. Frequently it seems to let a veil of forgetfulness fall over the past, only to make every single trifle appear in a strong light again. When he struggles along the right path, rejoicing in having overcome temptation's power, there may come at almost the same time, right on the heels of perfect victory, an apparently insignificant external circumstance which pushes him down, like Sisyphus, from the height of the crag. Often when a person has concentrated on something, a minor external circumstance arises which destroys everything. (As in the case of a man who, weary of life, is about to throw himself into the Thames and at the crucial moment is halted by the sting of a mosquito). Frequently a person feels his very best when the illness is the worst, as in tuberculosis. In vain he tries to resist it but he has not sufficient strength, and it is no help to him that he has gone through the same thing many times; the kind of practice acquired in this way does not apply here. Just as no one who has been taught a great deal about swimming is able to keep afloat in a storm, but only the man who is intensely convinced and has experiences that he is actually lighter than water, so a person who lacks this inward point of poise is unable to keep afloat in life's storms.―Only when a man has understood himself in this way is he able to maintain an independent existence and thus avoid surrendering his own I. How often we see (in a period when we extol that Greek historian because he knows how to appropriate an unfamiliar style so delusively like the original author's, instead of censuring him, since the first prize always goes to an author for having his own style―that is, a mode of expression and presentation qualified by his own individuality)―how often we see people who either out of mental-spiritual laziness live on the crumbs that fall from another's table or for more egotistical reasons seek to identify themselves with others, until eventually they believe it all, just like the liar through frequent repetition of his stories.""―from_Journals_, Search for Personal Meaning",Søren Kierkegaard,"existentialism, philosophy",Existencialismo Cristão
"To be incapable of taking one’s enemies, one’s accidents, even one’s misdeeds seriously for very long - that is the sign of strong full natures in whom there is an excess of power to form, to mold, to recuperate and to forget. Mirabeau had no memory for insults and vile actions done to him and was unable to forgive simply because he - forgot. Such a man shakes off with a single shrug the many vermin that eat deep into others.",Friedrich Nietzsche,"ethics, friedrich-nietzsche, justice, morals, philosophy, psychology, truth, wisdom",Niilismo / Existencialismo (precursor)
"He in whom the love of repose predominates will accept the first creed, the first philosophy, the first political party he meets — most likely his father's. He gets rest, commodity, and reputation; but he shuts the door of truth.",Ralph Waldo Emerson,"closed-mindedness, convenience, enlightenment, narrow-mindedness, philosophy, politics, prejudice, prejudices, truth",Transcendentalismo
Plus d'un qui n'a pu liberer ses propres chaines a su pourtant en liberer son ami.,Friedrich Nietzsche,philosophy,Niilismo / Existencialismo (precursor)
Dove la moralità è troppo forte l'intelletto perisce.,Friedrich Nietzsche,"morality, philosophy",Niilismo / Existencialismo (precursor)
"To clarify the existentiality of the Self, we take as our ‘natural’ point of departure Dasein’s everyday interpretation of the Self. In *saying* “*I*,” Dasein expresses itself about ‘itself’. It is not necessary that in doing so Dasein should make any utterance. With the ‘I’, this entity has itself in view. The content of this expression is regarded as something utterly simple. In each case, it just stands for me and nothing further. Also, this ‘I’, as something simple, is not an attribute of other Things; it is not *itself* a predicate, but the absolute ‘subject’. What is expressed and what is addressed in saying “I,” is always met as the same persisting something. The characteristics of ‘simplicity’, ‘substantiality’, and ‘personality’, which Kant, for instance, made the basis for his doctrine ‘of the paralogisms of pure reason’, arise from a genuine pre-phenomenological experience. The question remains whether that which we have experienced ontically in this way may be Interpreted ontologically with the help of the ‘categories’ mentioned.Kant, indeed, in strict conformity with the phenomenal content given in saying “I,” shows that the ontical theses about the soul-substance which have been inferred [*erschlossenen*] from these characteristics, are without justification. But in so doing, he merely rejects a wrong *ontical* explanation of the “I”; he has by no means achieved an *ontological* Interpretation of Selfhood, nor has he even obtained some assurance of it and made positive preparation for it. Kant makes a more rigorous attempt than his predecessors to keep hold of the phenomenal content of saying “I”; yet even though in theory he has denied that the ontical foundations of the ontology of the substantial apply to the “I,” he still slips back into *this same* inappropriate ontology. This will be shown more exactly, in order that we may establish what it means ontologically to take saying “I” as the starting point for the analysis of Selfhood. The Kantian analysis of the ‘I think’ is now to be added as an illustration, but only so far as is demanded for clarifying these problems.""―from_Being and Time_. Translated by John Macquarrie & Edward Robinson, p. 366",Martin Heidegger,"heidegger, kant, metaphysics, ontology, philosophy",Fenomenologia / Existencialismo
"The ‘I’ is a bare consciousness, accompanying all concepts. In the ‘I’, ‘nothing more is represented than a transcendental subject of thoughts’. ‘Consciousness in itself (is) not so much a representation…as it is a form of representation in general.’ The ‘I think’ is ‘the form of apperception, which clings to every experience and precedes it.’Kant grasps the phenomenal content of the ‘I’ correctly in the expression ‘I think’, or—if one also pays heed to including the ‘practical person’ when one speaks of ‘intelligence’—in the expression ‘I take action’. In Kant’s sense we must take saying “I” as saying “I think.” Kant tries to establish the phenomenal content of the “I” as *res cogitans*. If in doing so he calls this “I” a ‘logical subject’, that does not mean that the “I” in general is a concept obtained merely by way of logic. The “I” is rather the subject of logical behavior, of binding together. ‘I think’ means ‘I bind together’. All binding together is an ‘*I* bind together’. In any taking-together or relating, the “I” always underlies—the ὑποκείμενον [hypokeimenon; subjectum; subject]. The *subjectum* is therefore ‘consciousness in itself’, not a representation but rather the ‘form’ of representation. That is to say, the “I think” is not something represented, but the formal structure of representing as such, and this formal structure alone makes it possible for anything to have been represented. When we speak of the “form” of representation, we have in view neither a framework nor a universal concept, but that which, as εἶδος [eidos], makes every representing and everything represented be what it is. If the “I” is understood as the form of representation, this amounts to saying that it is the ‘logical subject’.Kant’s analysis has two positive aspects. For one thing, he sees the impossibility of ontically reducing the “I” to a substance; for another thing, he holds fast to the “I” as ‘I think’. Nevertheless, he takes this “I” as subject again, and he does so in a sense which is ontologically inappropriate. For the ontological concept of the subject *characterizes not the Selfhood of the “I” qua Self, but the self-sameness and steadiness of something that is always present-at-hand*. To define the “I” ontologically as “*subject*” means to regard it as something always present-at-hand. The Being of the “I” is understood as the Reality of the *res cogitans*.""―from_Being and Time_. Translated by John Macquarrie & Edward Robinson, pp. 366-367",Martin Heidegger,"heidegger, kant, metaphysics, ontology, philosophy, reality",Fenomenologia / Existencialismo
"But how does it come about that while the ‘I think’ gives Kant a genuine phenomenal starting-point, he cannot exploit it ontologically, and has to fall back on the ‘subject’—that is to say, something *substantial*? The “I” is not just an ‘I think’, but an ‘I think something’. And does not Kant himself keep on stressing that the “I” remains related to its representations, and would be nothing without them?For Kant, however, these representations are the ‘empirical’, which is ‘accompanied’ by the “I”—the appearances to which the “I” ‘clings’. Kant nowhere shows the kind of Being of this ‘clinging’ and ‘accompanying’. At bottom, however, their kind of Being is understood as the constant Being-present-at-hand of the “I” along with its representations. Kant has indeed avoided cutting the “I” adrift from thinking; but he has done so without starting with the ‘I think’ itself in its full essential content as an ‘I think something’, and above all, without seeing what is ontologically ‘presupposed’ in taking the ‘I think something’ as a basic characteristic of the Self. For even the ‘I think something’ is not definite enough ontologically as a starting-point, because the ‘something’ remains indefinite. If by this “something” we understand an entity *within-the-world*, then it tacitly implies that the *world* has been presupposed; and this very phenomenon of the world co-determines the state of Being of the “I,” if indeed it is to be possible for the “I” to be something like an ‘I think something’. In saying “I,” I have in view the entity which in each case I am as an ‘I-am-in-a-world’. Kant did not see the phenomenon of the world, and was consistent enough to keep the ‘representations’ apart from the *a priori* content of the ‘I think’. But as a consequence the “I” was again forced back to an *isolated* subject, accompanying representations in a way which is ontologically quite indefinite.*In saying “I,” Dasein expresses itself as Being-in-the-world*. But does saying “I” in the everyday manner have *itself* in view *as* being-in-the-world [*in-der-Welt-seiend*]? Here we must make a distinction. When saying “I,” Dasein surely has in view the entity which, in every case, it is itself. The everyday interpretation of the Self, however, has a tendency to understand itself in terms of the ‘world’ with which it is concerned. When Dasein has itself in view ontically, it *fails to see* itself in relation to the kind of Being of that entity which it is itself. And this holds especially for the basic state of Dasein, Being-in-the-world.""―from_Being and Time_. Translated by John Macquarrie & Edward Robinson, pp. 367-370",Martin Heidegger,"heidegger, kant, metaphysics, ontology, philosophy",Fenomenologia / Existencialismo
"What is the motive for this ‘fugitive’ way of saying “I”? It is motivated by Dasein’s falling; for as falling, it *flees* in the face of itself into the “they.” When the “I” talks in the ‘natural’ manner, this is performed by the they-self. What expresses itself in the ‘I’ is that Self which, proximally and for the most part, I am *not* authentically. When one is absorbed in the everyday multiplicity and the rapid succession [*Sich-jagen] of that with which one is concerned, the Self of the self-forgetful “I am concerned” shows itself as something simple which is constantly selfsame but indefinite and empty. Yet one *is* that with which one concerns oneself. In the ‘natural’ ontical way in which the “I” talks, the phenomenal content of the Dasein which one has in view in the ""I"" gets overlooked; but this gives *no justification for our joining in this overlooking of it*, or for forcing upon the problematic of the Self an inappropriate ‘categorial’ horizon when we Interpret the “I” ontologically.Of course by thus refusing to follow the everyday way in which the “I” talks, our ontological Interpretation of the ‘I’ has by no means *solved* the problem; but it has indeed *prescribed the direction* for any further inquiries. In the “I,” we have in view that entity which one is in ‘being-in-the-world’.Being-already-in-a-world, however, as Being-alongside-the-ready-to-hand-within-the-world, means equiprimordially that one is ahead of oneself. With the ‘I’, what we have in view is that entity for which the *issue* is the Being of the entity that it is. With the ‘I’, care expresses itself, though proximally and for the most part in the ‘fugitive’ way in which the “I” talks when it concerns itself with something. The they-self keeps on saying “I” most loudly and most frequently because at bottom it *is not authentically* itself, and evades its authentic potentiality-for-Being. If the ontological constitution of the Self is not to be traced back either to an “I”-substance or to a ‘subject’, but if, on the contrary, the everyday fugitive way in which we keep on saying “I” must be understood in terms of our *authentic* potentiality-for-Being, then the proposition that the Self is the basis of care and constantly present-at-hand, is one that still does not follow. Selfhood is to be discerned existentially only in one’s authentic potentiality-for-Being-one’s-Self—that is to say, in the authenticity of Dasein’s Being *as care*. In terms of care the *constancy of the Self*, as the supposed persistence of the *subjectum*, gets clarified. But the phenomenon of this authentic potentiality-for-Being also opens our eyes for the *constancy of the Self*, in the double sense of steadiness and steadfastness, is the *authentic* counter-possibility to the non-Self-constancy which is characteristic of irresolute falling. Existentially, “*Self-constancy*” signifies nothing other than anticipatory resoluteness. The ontological structure of such resoluteness reveals the existentiality of the Self’s Selfhood.""―from_Being and Time_. Translated by John Macquarrie & Edward Robinson, pp. 368-369",Martin Heidegger,"heidegger, i, metaphysics, ontology, philosophy, self",Fenomenologia / Existencialismo
"Dasein *is authentically itself* in the primordial individualization of the reticent resoluteness which exacts anxiety of itself. *As something that keeps *silent*, authentic *Being*-one’s-Self is just the sort of thing that does not keep on saying ‘I’; but in its reticence it ‘*is*’ that thrown entity as which it can authentically be. The Self which the reticence of resolute existence unveils is the primordial phenomenal basis for the question as to the Being of the ‘I’. Only if we are oriented phenomenally by the meaning of the Being of the authentic potentiality-for-Being-one’s-Self are we put in a position to discuss what ontological justification there is for treating substantiality, simplicity, and personality as characteristics of Selfhood. In the prevalent way of saying “I,” it is constantly suggested that what we have in advance is a Self-Thing, persistently present-at-hand; the ontological question of the Being of the Self must turn away from any such suggestion.*Care does not need to be founded in a Self. But existentiality, as constitutive for care, provides the ontological constitution of Dasein’s Self-constancy, to which there belongs, in accordance with the full structural content of care, its Being-fallen factically into non-Self-constancy*. When fully conceived, the care-structure includes the phenomenon of Selfhood. This phenomenon is clarified by Interpreting the meaning of care; and it is as care that Dasein’s totality of Being has been defined.”―from_Being and Time_. Translated by John Macquarrie & Edward Robinson, pp. 369-370",Martin Heidegger,"heidegger, i, metaphysics, ontology, philosophy, self",Fenomenologia / Existencialismo
"Love has many positionings. Cordelia makes good progress. She is sitting on my lap, her arm twines, soft and warm, round my neck; she leans upon my breast, light, without gravity; the soft contours scarcely touch me; like a flower her lovely figure twines about me, freely as a ribbon. Her eyes are hidden beneath her lashes, her bosom is dazzling white like snow, so smooth that my eye cannot rest, it would glance off if her bosom were not moving. What does this movement mean? Is it love? Perhaps. It is a presentiment of it, its dream. It still lacks energy. Her embrace is comprehensive, as the cloud enfolding the transfigured one, detached as a breeze, soft as the fondling of a flower; she kisses me unspecifically, as the sky kisses the sea, gently and quietly, as the dew kisses a flower, solemnly as the sea kisses the image of the moon.I would call her passion at this moment a naive passion. When the change has been made and I begin to draw back in earnest, she will call on everything she has to captivate me. She has no other means for this purpose than the erotic itself, except that this will now appear on a quite different scale. It then becomes a weapon in her hand which she wields against me. I then have the reflected passion. She fights for her own sake because she knows I possess the erotic; she fights for her own sake so as to overcome me. She herself is in need of a higher form of the erotic. What I taught her to suspect by arousing her, my coldness now teaches her to understand but in such a way that she thinks it is she herself who discovers it. So she wants to take me by surprise; she wants to believe that she has outstripped me in audacity, and that makes me her prisoner. Her passion then becomes specific, energetic, conclusive, dialectical; her kiss total, her embrace without hesitation.—In me she seeks her freedom and finds it the better the more firmly I encompass her. The engagement bursts. When that has happened she needs a little rest, so that nothing unseemly will emerge from this wild tumult. Her passion then composes itself once more and she is mine.”—from_Either/Or: A Fragment of Life_, (as written by his pseudonym Johannes the Seducer)",Søren Kierkegaard,"kierkegaard, love, philosophy, seduction",Existencialismo Cristão
"What am I? The modest narrator who accompanies your triumphs; the dancer who supports you when you rise in your lovely grace; the branch upon which you rest a moment when you are tired of flying; the bass that interposes itself below the soprano’s fervour to let it climb even higher—what am I? I am the earthly gravity that keeps you on the ground. What am I, then? Body, mass, earth, dust and ashes.—You, my Cordelia, you are soul and spirit.”—Johannes the Seducer, from_Either/Or_",Søren Kierkegaard,"kierkegaard, love, philosophy",Existencialismo Cristão
"My love consumes me. Only my voice is left, a voice which has fallen in love with you whispers to you everywhere that I love you. Oh! Does it weary you to hear this voice? Everywhere it enfolds you; like an inexhaustible, shifting surround, I place my transparently reflected soul about your pure, deep being.”—Johannes the Seducer, from_Either/Or_",Søren Kierkegaard,"kierkegaard, love, philosophy",Existencialismo Cristão
"I am poor—you are my riches; dark—you are my light; I own nothing, need nothing. And how could I own anything? After all, it is a contradiction that he can own something who does not own himself. I am happy as a child who is neither able to own anything nor allowed to. I own nothing, for I belong only to you; I am not, I have ceased to be, in order to be yours.”—Johannes the Seducer, from_Either/Or_",Søren Kierkegaard,"kierkegaard, love, philosophy",Existencialismo Cristão
"Mine’: what does this word mean? Not what belongs to me, but what I belong to, what contains my whole being, which is mine only so far as I belong to it. My God is not the God that belongs to me, but the God to whom I belong; and so, too, when I say my native land, my home, my calling, my longing, my hope. If there had been no immortality before, this thought that I am yours would be a breach of the normal course of nature.”—Johannes the Seducer, from_Either/Or_",Søren Kierkegaard,"kierkegaard, love, philosophy",Existencialismo Cristão
"What am I? The modest narrator who accompanies your triumphs; the dancer who supports you when you rise in your lovely grace; the branch upon which you rest a moment when you are tired of flying; the bass that interposes itself below the soprano’s fervour to let it climb even higher—what am I? I am the earthly gravity that keeps you on the ground. What am I, then? Body, mass, earth, dust and ashes.—You, my […], you are soul and spirit.”—Johannes the Seducer, from_Either/Or_",Søren Kierkegaard,"kierkegaard, love, philosophy",Existencialismo Cristão
"Love is everything. So, for one who loves, everything has ceased to have meaning in itself and only means something through the interpretation love gives it. Thus if another betrothed became convinced there was some other girl he cared for, he would presumably stand there like a criminal and his fiancée be outraged. You, however, I know would see a tribute in such a confession; for me to be able to love another you know is an impossibility; it is my love for you casting its reflections over the whole of life. So when I care about someone else, it is not to convince myself that I do not love her but only you—that would be presumptuous; but since my whole soul is filled with you, life takes on another meaning for me: it becomes a myth about you.""—Johannes the Seducer, from_Either/Or_",Søren Kierkegaard,"kierkegaard, love, philosophy",Existencialismo Cristão
"We assert now that Being is the proper and sole theme of philosophy. This is not our own invention; it is a way of putting the theme which comes to life at the beginning of philosophy in antiquity, and it assumes its most grandiose form in Hegel's logic. At present we are merely asserting that Being is the proper and sole theme of philosophy. Negatively, this means that philosophy is not a science of beings but of Being or, as the Greek expression goes, ontology. We take this expression in the widest possible sense and not in the narrower one it has, say, in Scholasticism or in modern philosophy in Descartes and Leibniz.A discussion of the basic problems of phenomenology then is tantamount to providing fundamental substantiation for this assertion that philosophy is the science of Being and establishing how it is such. The discussion should show the possibility and necessity of the absolute science of Being and demonstrate its character in the very process of the inquiry. Philosophy is the theoretical conceptual interpretation of Being, of Being's structure and its possibilities. Philosophy is ontological."" ―from_The Basic Problems of Phenomenology_",Martin Heidegger,"martin-heidegger, metaphysics, ontology, phenomenology, philosophy",Fenomenologia / Existencialismo
"Our conduct of the ontological investigation in the first and second parts opens up for us at the same time a view of the way in which these phenomenological investigations proceed. This raises the question of the character of method in ontology. Thus we come to the third part of the course: the scientific method of ontology and the idea of phenomenology. The method of ontology, that is, of philosophy in general, is distinguished by the fact that ontology has nothing in common with any method of any of the other sciences, all of which as positive sciences deal with beings. On the other hand, it is precisely the analysis of the truth-character of Being which shows that Being also is, as it were, based in a being, namely, in the Dasein. Being is given only if the understanding of Being, hence the Dasein, exists. This being accordingly lays claim to a distinctive priority in ontological inquiry. It makes itself manifest in all discussions of the basic problems of ontology and above all in the fundamental question of the meaning of Being in general. The elaboration of this question and its answer requires a general analytic of the Dasein. Ontology has for its fundamental discipline the analytic of the Dasein. This implies at the same time that ontology cannot be established in a purely ontological manner. Its possibility is referred back to a being, that is, to something ontical―the Dasein. Ontology has an ontical foundation, a fact which is manifest over and over again in the history of philosophy down to the present. For example, it is expressed as early as Aristotle's dictum that the first science, the science of Being, is theology. As the work of the freedom of the human Dasein, the possibilities and destinies of philosophy are bound up with man's existence, and thus with temporality and with historicality, and indeed in a more original sense than is any other science. Consequently, in clarifying the scientific character of ontology, *the first task is the demonstration of its ontical foundation* and the characterisation of this foundation itself.""―from_The Basic Problems of Phenomenology_",Martin Heidegger,"being, martin-heidegger, metaphysics, ontology, phenomenology, philosophy",Fenomenologia / Existencialismo
"Thus with the question of the Being of truth and the necessity of presupposing it, just as with the question of the essence of knowledge, an 'ideal subject' has generally been posited. The motive for this, whether explicit or tacit, lies in the requirement that philosophy should have the '*a priori*' as its theme, rather than 'empirical facts' as such. There is some justification for this requirement, though it still needs to be grounded ontologically. Yet is this requirement satisfied by positing an 'ideal subject'? Is not such a subject *a fanciful idealization*? With such a conception have we not missed precisely the *a priori* character of that merely 'factual' subject, Dasein? Is it not an attribute of the *a priori* character of the factical subject (that is, an attribute of Dasein's facticity) that it is in the truth and in untruth equiprimordially?The ideas of a 'pure ""I""' and of a 'consciousness in general' are so far from including the *a priori* character of 'actual' subjectivity that the ontological characters of Dasein's facticity and its state of being are either passed over or not seen at all. Rejection of a 'consciousness in general' does not signify that the *a priori* is negated, any more than the positing of an idealized subject guarantees that Dasein has an *a priori* character grounded upon fact.Both the contention that there are 'eternal truths' and the jumbling together of Dasein's phenomenally grounded 'ideality' with an idealized absolute subject, belong to those residues of Christian theology within philosophical problematics which have not as yet been radically extruded.The Being of truth is connected primordially with Dasein. And only because Dasein is as constituted by disclosedness (that is, by understanding), can anything like Being be understood; only so is it possible to understand Being.""―from_Being and Time_. Translated by John Macquarrie & Edward Robinson, p. 272",Martin Heidegger,"a-priori, heidegger, metaphysics, ontology, philosophy",Fenomenologia / Existencialismo
"Curiosity is everywhere and nowhere. This mode of Being-in-the-world reveals a new kind of Being of everyday Dasein―a kind in which Dasein is constantly uprooting itself.Idle talk controls even the ways in which one may be curious. It says what one ""must"" have read and seen. In being everywhere and nowhere, curiosity is delivered over to idle talk. These two everyday modes of Being for discourse and sight are not just present-at-hand side by side in their tendency to uproot, but *either* of these ways-to-be drags the *other* one with it. Curiosity, for which nothing is closed off, and idle talk, for which there is nothing that is not understood, provide themselves (that is, the Dasein which is in this manner [*dem so seienden Dasein*]) with the guarantee of a 'life' which, supposedly, is genuinely 'lively'. But with this supposition a third phenomenon now shows itself, by which the disclosedness of everyday Dasein is characterized.""―from_Being and Time_. Translated by John Macquarrie & Edward Robinson, p. 217",Martin Heidegger,"heidegger, metaphysics, ontology, phenomenology-of-mind, philosophy",Fenomenologia / Existencialismo
"Our critique is not opposed to the *dogmatic procedure* of reason in its pure knowledge as science (for science must always be dogmatic, that is, derive its proof from secure *a priori* principles), but only to *dogmatism*, that is, to the presumption that it is possible to make any progress with pure (philosophical) knowledge from concepts according to principles, such as reason has long been in the habit of using, without first inquiring in what way, and by what right, it has come to posses them. Dogmatism is therefore the dogmatic procedure of pure reason, *without a preceding critique of its own powers*; and our opposition to this is not intended to defend that loquacious shallowness which arrogates to itself the name of popularity, much less that skepticism which makes short work of the whole of metaphysics. On the contrary, our critique is meant to form a necessary preparation in support of metaphysics as a thorough science, which must necessarily be carried out dogmatically and strictly systematically, so as to satisfy all the demands, no so much of the public at large, as of the Schools. This is an indispensable demand for it has undertaken to carry out its work entirely *a priori*, and thus to carry it out to the complete satisfaction of speculative reason. In the execution of this plan, as traced out by the critique, that is, in a future system of metaphysics, we shall have to follow the strict method of the celebrated Wolff, the greatest of all dogmatic philosophers. He was the first to give an example (and by his example initiated, in Germany, that spirit of thoroughness which is not yet extinct) of how the secure course of a science could be attained only through the lawful establishment of principles, the clear determination of concepts, the attempt at strictness of proof and avoidance of taking bold leaps in our inferences. He was therefore most eminently qualified to give metaphysics the dignity of a science, if it had only occurred to him to prepare his field in advance by criticism of the organ, that is, of pure reason itself―an omission due not so much to himself as to the dogmatic mentality of his age, about which the philosophers of his own, as well as of all previous times, have no right to reproach one another. Those who reject both the method of Wolff and the procedure of the critique of pure reason can have no other aim but to shake off the fetters of *science* altogether, and thus to change work into play, certainty into opinion and philosophy into philodoxy.""  ―from_Critique of Pure Reason_. Preface to the Second Edition. Translated, edited, and with an Introduction by Marcus Weigelt, based on the translation by Max Müller, pp. 28-29",Immanuel Kant,"epistemology, kant, metaphysics, ontology, philosophy",Idealismo Transcendental
"I am poor—you are my riches; dark—you are my light; I own nothing, need nothing. And how could I own anything? After all, it is a contradiction that he can own something who does not own himself. I am happy as a child who is neither able to own anything nor allowed to. I own nothing, for I belong only to you; I am not, I have ceased to be, in order to be yours.”—Johannes De Silentio, from_Either/Or_",Søren Kierkegaard,"existentialism, kierkegaard, love, philosophy, seduction",Existencialismo Cristão
"In provisionally characterizing the object which serves as the theme of our investigation (the Being of entities, or the meaning of Being in general), it seems that we have also delineated the method to be employed. The task of ontology is to explain Being itself and to make the Being of entities stand out in full relief. And the method of ontology remains questionable in the highest degree as long as we merely consult those ontologies which have come down to us historically, or other essays of that character. Since the term ""ontology"" is used in this investigation in a sense which is formally broad, any attempt to clarify the method of ontology by tracing its history is automatically ruled out. When, moreover, we use the term ""ontology,"" we are not talking about some definite philosophical discipline standing in interconnection with the others. Here one does not have to measure up to the tasks of some discipline that has been presented beforehand; on the contrary, only in terms of the objective necessities of definite questions and the kind of treatment which the 'things themselves' require, can one develop such a discipline. With the question of the meaning of Being, our investigation comes up against the fundamental question of philosophy. This is one that must be treated *phenomenologically*. Thus our treatise does not subscribe to a 'standpoint' or represent any special 'direction'; for phenomenology is nothing of either sort, nor can it become so as long as it understands itself. The expression 'phenomenology' signifies primarily a *methodological conception*. This expression does not characterize the what of the objects of philosophical research as subject-matter, but rather the *how* of that research. The more genuinely a methodological concept is worked out and the more comprehensively it determines the principles on which a science is to be conducted, all the more primordially is it rooted in the way we come to terms with the things themselves, and the farther is it removed from what we call ""technical devices,"" though there are many such devices even in the theoretical disciplines. Thus the term 'phenomenology' expresses a maxim which can be formulated as 'To the things themselves!' It is opposed to all free-floating constructions and accidental findings; it is opposed to taking over any conceptions which only seem to have been demonstrated; it is opposed to those pseudo-questions which parade themselves as 'problems', often for generations at a time. Yet this maxim, one may rejoin, is abundantly self-evident, and it expresses, moreover, the underlying principle of any scientific knowledge whatsoever. Why should anything so self-evident be taken up explicitly in giving a title to a branch of research? In point of fact, the issue here is a kind of 'self-evidence' which we should like to bring closer to us, so far as it is important to do so in casting light upon the procedure of our treatise. We shall expound only the preliminary conception [Vorbegriff] of phenomenology. This expression has two components: ""phenomenon"" and ""logos."" Both of these go back to terms from the Greek: φαινόμενον and λόγος. Taken superficially, the term ""phenomenology"" is formed like ""theology,"" ""biology,"" ""sociology""―names which may be translated as ""science of God,"" ""science of life,"" ""science of society."" This would make phenomenology the *science of phenomena*. We shall set forth the preliminary conception of phenomenology by characterizing what one has in mind in the term's two components, 'phenomenon' and 'logos', and by establishing the meaning of the name in which these are *put together*. The history of the word itself, which presumably arose in the Wolffian school, is here of no significance.""―from_Being and Time_. Translated by John Macquarrie & Edward Robinson, pp. 49-51",Martin Heidegger,"metaphysics, ontology, philosophy",Fenomenologia / Existencialismo
"By this freedom the will of a rational being, as belonging to the sensuous world, recognizes itself to be, like all other efficient causes, necessarily subject to the laws of causality, while in practical matters, in its other aspect as a being in itself, it is conscious of its existence as determinable in an intelligible order of things. It is conscious of this not by virtue of a particular intuition of itself but because of certain dynamic laws which determine its causality in the world of sense, for it has been sufficiently proved in another place that if freedom is attributed to us, it transfers us into an intelligible order of things.""―from_Critique of Practical Reason_. Translated, with an Introduction by Lewis White Beck, p. 43.",Immanuel Kant,"ethics, metaphysics, philosophy",Idealismo Transcendental
"On the other hand, the moral law, although it gives no such prospect, does provide a fact absolutely inexplicable from any data of the world of sense or from the whole compass of the theoretical use of reason, and this fact points to a pure intelligible world―indeed, it defines it positively and enable us to know something of it, namely a law.This law gives to the sensible world, as sensuous nature (as this concerns rational beings), the form of an intelligible world, i.e., the form of supersensuous nature, without interfering with the mechanism of the former. Nature, in the widest sense of the word, is the existence of things under laws. The sensuous nature of rational beings in general is their existence under empirically conditioned laws, and therefore it is, from the point of view of reason, heteronomy. The supersensuous nature of the same beings, on the other hand, is their existence according to laws which are independent of all empirical conditions and which therefore belong to the autonomy of pure reason. And since the laws, according to which the existence of things depends on cognition, are practical, supersensuous nature, so far as we can form a concept of it, is nothing else than nature under the autonomy of the pure practical reason. The law of this autonomy is the moral law, and it, therefore, is the fundamental law of supersensuous nature and of a pure world of the understanding, whose counterpart must exist in the world of sense without interfering with the laws of the latter. The former could be called the archetypal world (*natura archetypa*) which we know only by reason; the latter, on the other hand, could be called the ectypal world (*natura ectypa*), because it contains the possible effect of the idea of the former as the determining ground of the will.""―from_Critique of Practical Reason_. Translated, with an Introduction by Lewis White Beck, p. 44.",Immanuel Kant,"ethics, metaphysics, philosophy",Idealismo Transcendental
"Metaphysics, a completely isolated and speculative branch of rational knowledge which is raised above all teachings of experience and rests on concepts only (not, like mathematics, on their application to intuition), in which reason therefore is meant to be its own pupil, has hitherto not had the good fortune to enter upon the secure path of a science, although it is older than all other sciences, and would survive even if all the rest were swallowed up in the abyss of an all-destroying barbarism. Reason in metaphysics, even if it tries, as it professes, only to gain *a priori* insight into those laws which are confirmed by our most common experience, is constantly being brought to a standstill, and we are obliged again and again to retrace our steps, as they do not lead us where we want to go. As to unanimity among its participants, there is so little of it in metaphysics that it has rather become an arena that would seem especially suited for those who wish to exercise themselves in mock fights, where no combatant has as yet succeeded in gaining even an inch of ground that he could call his permanent possession. There cannot be any doubt, therefore, that the method of metaphysics has hitherto consisted in a mere random groping, and, what is worst of all, in groping among mere concepts.What, then, is the reason that this secure scientific course has not yet been found? Is this, perhaps, impossible? Why, in that case, should nature have afflicted our reason with the restless aspiration to look for it, and have made it one of its most important concerns? What is more, how little should we be justified in trusting our reason, with regard to one of the most important objects of which we desire knowledge, it not only abandons us, but lures us on by delusions, and in the end betrays us! Or, if hitherto we have only failed to meet with the right path, what indications are there to make us hope that, should we renew our search, we shall be more successful than others before us?""―from_Critique of Pure Reason_. Preface to the Second Edition. Translated, edited, and with an Introduction by Marcus Weigelt, based on the translation by Max Müller, p. 17",Immanuel Kant,"epistemology, kant, metaphysics, ontology, philosophy",Idealismo Transcendental
"A similar experiment may be tried in metaphysics as regards the *intuition* of objects. If the intuition had to conform to the constitution of objects, I would not understand how we could know anything of them *a priori*; but if the object (as object of the senses) conformed to the constitution of our faculty of intuition, I could very well conceive such a possibility. As, however, I cannot rest in these intuitions if they are to become knowledge, but have to refer them as representations, to something as their object, and must determine this object through them, I can assume either that the *concepts* through which I arrive at this determination also conform to the object, and I would again be as perplexed about how I can know anything about it *a priori*; or else that the objects, or what is the same thing, the *experience* in which alone they are known (as objects that are given to us), conform to those concepts. In the latter case, I recognize an easier solution because experience itself is a kind of knowledge that requires understanding; and this understanding has its rules which I must presuppose as existing within me even before objects are given to me, and hence *a priori*. These rules are expressed in *a priori* concepts to which all objects of experience must necessarily conform, and with which they must agree. With regard to objects, insofar as they are thought merely through reason and thought indeed as necessary, and which can never, at least not in the way in which reason thinks them, be given in experience, the attempts at thinking them (for they must admit of being thought) will subsequently furnish an excellent touchstone of what we are adopting as our new method of thought, namely, that we know of things *a priori* only that which we ourselves put into them.""―from_Critique of Pure Reason_. Preface to the Second Edition. Translated, edited, and with an Introduction by Marcus Weigelt, based on the translation by Max Müller, pp. 18-19",Immanuel Kant,"epistemology, kant, metaphysics, ontology, philosophy",Idealismo Transcendental
"This experiment succeeds as hoped and promises to metaphysics, in its first part, which deals with those *a priori* concepts to which the corresponding objects may be given in experience, the secure course of a science. For by thus changing our point of view, the possibility of *a priori* knowledge can well be explained, and, what is still more, the laws which *a priori* lie at the foundation of nature, as the sum total of the objects of experience, may be supplied with satisfactory proofs, neither of which was possible within the procedure hitherto adopted. But there arises from this deduction of our faculty of knowing *a priori*, as given in the first part of metaphysics, a somewhat startling result, apparently most detrimental to that purpose of metaphysics which has to be treated in its second part, namely the impossibly of using this faculty to transcend the limits of possible experience, which is precisely the most essential concern of the science of metaphysics. But here we have exactly the experiment which, by disproving the opposite, establishes the truth of the first estimate of our *a priori* rational knowledge, namely, that it is directed only at appearances and must leave the thing in itself as real for itself but unknown to us. For that which necessarily impels us to to go beyond the limits of experience and of all appearances is the *unconditioned*, which reason rightfully and necessarily demands, aside from everything conditioned, in all things in themselves, so that the series of conditions be completed. If, then, we find that, under the supposition that our empirical knowledge conforms to objects as things in themselves, the unconditioned *cannot be thought without contradiction*, while under the supposition that our representation of things as they are given to us does not conform to them as things in themselves, but, on the contrary, that these objects as appearance conform to our mode of representation, then *the contradiction vanishes*; and if we find, therefore, that the unconditioned cannot be encountered in things insofar as we are acquainted with them (insofar as they are given to us), but only in things insofar as we are not acquainted with them, that is, insofar as they are things in themselves; then it becomes apparent that what we at first assumed only for the sake of experiment is well founded. However, with speculative reason unable to make progress in the field of the supersensible, it is still open to us to investigate whether in reason's practical knowledge data may not be found which would enable us to determine that transcendent rational concept of the unconditioned, so as to allow us, in accordance with the wish of metaphysics, to get beyond the limits of all possible experience with our *a priori* knowledge, which is possible in practical matters only. Within such a procedure, speculative reason has always at least created a space for such an expansion, even if it has to leave it empty; none the less we are at liberty, indeed we are summoned, to fill it, if we are able to do so, with practical *data* of reason.""―from_Critique of Pure Reason_. Preface to the Second Edition. Translated, edited, and with an Introduction by Marcus Weigelt, based on the translation by Max Müller, pp. 19-21",Immanuel Kant,"episemology, kant, metaphysics, ontology, philosophy",Idealismo Transcendental
"The purpose of this critique of pure speculative reason consists in the attempt to change the old procedure of metaphysics, and to bring about a complete revolution after the example set by geometers and investigators of nature. This critique is a treatise on the method, not a system of the science itself; but nevertheless it marks out the whole plan of this science, both with regard to its limits and with regard to its inner organization. For it is peculiar to pure speculative reason that it is able, indeed bound, to measure its own powers according to the different ways in which it chooses its objects for thought, and to enumerate exhaustively the different ways of choosing its problems, thus tracing a complete outline of a system of metaphysics. This is due to the fact that, with regard to the first point, nothing can be attributed to objects in *a priori* knowledge, except what the thinking subject takes from within itself; while, with regard to the second point, pure reason, as far as its principles of knowledge are concerned, forms a separate and independent unity, in which, as in an organized body, every member exists for the sake of all the others, and all the others exist for the sake of the one, so that no principle can be safely applied in *one* relation unless it has been carefully examined in *all* its relations to the whole use of pure reason. Hence, too, metaphysics has this singular advantage, an advantage which cannot be shared by any other rational science which has to deal with objects (for *logic* deals only with the form of thought in general), that if by means of this critique it has been set upon the secure course of a science, it can exhaustively grasp the entire field of knowledge pertaining to it, and can thus finish its work and leave it to posterity as a capital that can never be added to, because it has to deal only with principles and with the limitations of their use, as determined by these principles themselves. And this completeness becomes indeed an obligation if metaphysics is to be a fundamental science, of which we must be able to say, *nil actum reputants, si quid superesset agendum* [to think that nothing was done for as long as something remained to be done]."" ―from_Critique of Pure Reason_. Preface to the Second Edition. Translated, edited, and with an Introduction by Marcus Weigelt, based on the translation by Max Müller, pp. 21-22",Immanuel Kant,"epistemology, kant, metaphysics, ontology, philosophy",Idealismo Transcendental
"We have seen, therefore, that I am not allowed even to *assume*, for the sake of the necessary practical use of my reason *God, freedom, immortality*, unless at the same time *I deprive* speculative reason of its pretensions to transcendent insights. Reason, namely, in order to arrive at these, must employ principles which extend only to objects of possible experience, and which, if in spite of this they are applied also to what cannot be an object of experience, actually always change this into an appearance, thus rendering all practical *expansion* of pure reason impossible. Hence I had to suspend *knowledge* in order to make room for *belief*. For the dogmatism of metaphysics without a preceding critique of pure reason, is the source of all that disbelief which opposes morality and which is always very dogmatic."" ―from_Critique of Pure Reason_. Preface to the Second Edition. Translated, edited, and with an Introduction by Marcus Weigelt, based on the translation by Max Müller, pp. 25-26",Immanuel Kant,"epistemology, kant, metaphysics, ontology, philosophy",Idealismo Transcendental
"In love with myself, that is what people say I am. It doesn’t surprise me, for how could they notice that I can love when I love only you; how could anyone else suspect it when I love only you? In love with myself. Why? Because I’m in love with you, because it is you I love, you alone, and all that truly belongs to you, and it is thus I love myself, because this, my self, belongs to you, so that if I ceased loving you I would cease loving myself. What then is, in the eyes of the profane world, an expression of the greatest egoism, is for your initiated eyes the expression of purest sympathy; what in the profane eyes of the world is an expression of the most prosaic self-preservation, is for your sacred sight the expression of the most enthusiastic self-annihilation.”―Johannes de Silentio, from_Either/Or: A Fragment of Life_",Søren Kierkegaard,"love, philosophy",Existencialismo Cristão
"Although I am still far from this kind of interior understanding of myself, with profound respect for its significance I have sought to preserve my individuality―worshipped the unknown God. With a premature anxiety I have tried to avoid coming in close contact with those things whose force of attraction might be too powerful for me. I have sought to appropriate much from them, studied their distinctive characteristics and meaning in human life, but at the same time guarded against coming, like the moth, too close to the flame. I have had little to win or to lose in association with the ordinary run of men, partly because what they do―so-called practical life―does not interest me much, partly because their coldness and indifference to the spiritual and deeper currents in man alienate me even more from them. With few exceptions my companions have had no special influence upon me. A life that has not arrived at clarity about itself must necessarily exhibit an uneven side-surface; confronted by certain facts [*Facta*] and their apparent disharmony, they simply halted there, for, as I see it, they did not have sufficient interest to seek a resolution in a higher harmony or to recognize the necessity of it. Their opinion of me was always one-sided, and I have vacillated between putting too much or too little weight on what they said. I have now withdrawn from their influence and the potential variations of my life's compass resulting from it. Thus I am again standing at the point where I must begin again in another way. I shall now calmly attempt to look at myself and begin to initiate inner action; for only thus will I be able, like a child calling itself ""I"" in its first consciously undertaken act, be able to call myself ""I"" in a profounder sense.But that takes stamina, and it is not possible to harvest immediately what one has sown. I will remember that philosopher's method of having his disciples keep silent for three years; then I dare say it will come. Just as one does not begin a feast at sunrise but at sundown, just so in the spiritual world one must first work forward for some time before the sun really shines for us and rises in all its glory; for although it is true as it says that God lets his sun shine upon the good and the evil and lets the rain fall on the just and the unjust, it is not so in the spiritual world. So let the die be cast―I am crossing the Rubicon! No doubt this road takes me into battle, but I will not renounce it. I will not lament the past―why lament? I will work energetically and not waste time in regrets, like the person stuck in a bog and first calculating how far he has sunk without recognizing that during the time he spends on that he is sinking still deeper. I will hurry along the path I have found and shout to everyone I meet: Do not look back as Lot's wife did, but remember that we are struggling up a hill.""―from_Journals_, (The Search for Personal Meaning)",Søren Kierkegaard,"authenticity, existentialism, past, philosophy",Existencialismo Cristão
"If I could forget you! Is my love then a work of memory? Even if time expunged everything from its tablets, expunged even memory itself, my relation to you would stay just as alive, you would still not be forgotten. If I could forget you! What then should I remember? For after all, I have forgotten myself in order to remember you: so if I forgot you I would come to remember myself; but the moment I remembered myself I would have to remember you again. If I could forget you! What would happen then? There is a picture from antiquity. It depicts Ariadne. She is leaping up from her couch and gazing anxiously after a ship that is hurrying away under full sail. By her side stands Cupid with unstrung bow and drying his eyes. Behind her stands a winged female figure in a helmet. It is usually assumed this is Nemesis. Imagine this picture, imagine it changed a little. Cupid is not weeping and his bow is not unstrung; or would you have become less beautiful, less victorious, if I had become mad? Cupid smiles and bends his bow. Nemesis does not stand inactive by your side; she too draws her bow. In that other picture we see a male figure on the ship, busily occupied. It is assumed it is Theseus. Not so in my picture. He stands on the stern, he looks back longingly, spreads his arms. He has repented, or rather, his madness has left him, but the ship carries him away. Cupid and Nemesis both aim at him, an arrow flies from each bow; their aim is true; one sees that, one understands, they have both hit the same place in his heart, a sign that his love was the Nemesis that wrought vengeance."" ―Johannes de Silentio, from_Either/Or: A Fragment of Life_",Søren Kierkegaard,"love, philosophy",Existencialismo Cristão
"How far removed in time must an event be for us to remember it? How far for memory's longing to be no longer able to seize it? Most people have a limit in this respect: what lies too near them in time they cannot remember, nor what lies too remote. I know no limit. What was experienced yesterday, I push back a thousand years in time, and remember as if it were yesterday.""―Johannes de Silentio, from_Either/Or_",Søren Kierkegaard,"love, philosophy",Existencialismo Cristão
"On Epicurus; He says: ""Contended poverty is an honourable estate."" Indeed, if it is contented, it is not poverty at all. It is not the man who has little, but the man who craves more, that is poor.",Seneca,"philosophy, poverty",Estoicismo
"I have a secret to confide to you, my confidante. Who should I confide it to? To Echo? She would betray it. To the stars? They are cold. People? They do not understand. Only to you can I confide it, for you know how to safeguard it. There is a girl, more beautiful than my soul’s dream, purer than the light of the sun, deeper than the source of the ocean, more proud than the flight of the eagle―there is a girl―oh! bend your head to my ear and my words, that my secret may steal into it―this girl I love more dearly than my life, for she is my life; more dearly than all my desires, for she is the only one; more dearly than all my thoughts, for she is the only one; more warmly than the sun loves the flower, more intensely than sorrow the privacy of the troubled mind; more longingly than the desert’s burning sand loves the rain―I cling to her more tenderly than the mother’s eye to the child, more confidingly than the pleading soul to God, more inseparably than the plant to its root.―Your head grows heavy and thoughtful, it sinks down on your breast, your bosom rises to its aid―my Cordelia! You have understood me, you have understood me exactly, to the letter, not one jot have you ignored. Shall I stretch the membrane of my ear and let your voice assure me of this? Should I doubt? Will you safeguard this secret? Can I depend on you? One hears of people who, in terrible crimes, dedicate themselves to mutual silence. I have confided to you a secret which is my life and my life’s content. Have you nothing to confide to me, nothing so beautiful, so significant…?”―Johannes de Silentio, from_Either/Or_",Søren Kierkegaard,"love, philosophy",Existencialismo Cristão
Amintirea plăcerilor este mai de durată și mai de încredere decât prezența lor.,Seneca,philosophy,Estoicismo
"You have the power to strip away many superfluous troubles located wholly in your judgement, and to possess a large room for yourself embracing in thought the whole cosmos, to consider everlasting time, to think of the rapid change in the parts of each thing, of how short it is from birth until dissolution, and how the void before birth and that after dissolution are equally infinite.",Marcus Aurelius,"philosophy, stoic, stoicism",Estoicismo
The unexamined life is not worth living.,Socrates,"inspiration, truth, wisdom",Filosofia Socrática
"There are no facts, only interpretations.",Friedrich Nietzsche,"perspective, truth",Niilismo / Existencialismo (precursor)
A thinker sees his own actions as experiments and questions--as attempts to find out something. Success and failure are for him answers above all.,Friedrich Nietzsche,"failure, intelligence, science, scientific-process, success, truth",Niilismo / Existencialismo (precursor)
The most common form of despair is not being who you are.,Søren Kierkegaard,"self-betrayal, truth",Existencialismo Cristão
The high-minded man must care more for the truth than for what people think.,Aristotle,truth,Peripatético / Aristotelismo
"If you would be a real seeker after truth, it is necessary that at least once in your life you doubt, as far as possible, all things.",René Descartes,"doubt, truth",Racionalismo
"I examined the poets, and I look on them as people whose talent overawes both themselves and others, people who present themselves as wise men and are taken as such, when they are nothing of the sort.From poets, I moved to artists. No one was more ignorant about the arts than I; no one was more convinced that artists possessed really beautiful secrets. However, I noticed that their condition was no better than that of the poets and that both of them have the same misconceptions. Because the most skillful among them excel in their specialty, they look upon themselves as the wisest of men. In my eyes, this presumption completely tarnished their knowledge. As a result, putting myself in the place of the oracle and asking myself what I would prefer to be — what I was or what they were, to know what they have learned or to know that I know nothing — I replied to myself and to the god: I wish to remain who I am.We do not know — neither the sophists, nor the orators, nor the artists, nor I— what the True, the Good, and the Beautiful are. But there is this difference between us: although these people know nothing, they all believe they know something; whereas, I, if I know nothing, at least have no doubts about it. As a result, all this superiority in wisdom which the oracle has attributed to me reduces itself to the single point that I am strongly convinced that I am ignorant of what I do not know.",Socrates,"humbleness, ignorance, knowledge, truth, understanding",Filosofia Socrática
Like all dreamers I confuse disenchantment with truth.,Jean-Paul Sartre,truth,Existencialismo
You should not honor men more than truth.,Plato,"honesty, honor, secrecy, truth",Platonismo
Convictions are more dangerous foes of truth than lies.,Friedrich Nietzsche,"convictions, existentialism, lies, truth",Niilismo / Existencialismo (precursor)
"The truth is always an abyss. One must — as in a swimming pool — dare to dive from the quivering springboard of trivial everyday experience and sink into the depths, in order to later rise again — laughing and fighting for breath — to the now doubly illuminated surface of things.",Franz Kafka,truth,Existencialismo (influência) / Absurdo
"The Kafka paradox: art depends on truth, but truth, being indivisable, cannot know itself: to tell the truth is to lie. thus the writer is the truth, and yet when he speaks he lies.",Franz Kafka,"truth, writing",Existencialismo (influência) / Absurdo
"Truth is so obscure in these times, and falsehood so established, that, unless we love the truth, we cannot know it.",Blaise Pascal,"falsehood, truth",Jansenismo / Existencialismo Cristão (precursor)
the worst part about being lied to is knowing you werent worth the truth,Jean-Paul Sartre,"lies, truth",Existencialismo
It is man's natural sickness to believe that he possesses the truth.,Blaise Pascal,"natural, sickness, truth",Jansenismo / Existencialismo Cristão (precursor)
You just keep pushing. You just keep pushing. I made every mistake that could be made. But I just kept pushing.,René Descartes,truth,Racionalismo
Belief means not wanting to know what is true.,Friedrich Nietzsche,"belief, truth",Niilismo / Existencialismo (precursor)
"What, then, is truth? A mobile army of metaphors, metonyms, and anthropomorphisms – in short, a sum of human relations, which have been enhanced, transposed, and embellished poetically and rhetorically, and which after long use seem firm, canonical, and obligatory to a people: truths are illusions about which one has forgotten that this is what they are; metaphors which are worn out and without sensuous power; coins which have lost their pictures and now matter only as metal, no longer as coins.",Friedrich Nietzsche,"abstraction, language, metaphor, myths, representation, truth",Niilismo / Existencialismo (precursor)
Truth is handsomer than the affectation of love. Your goodness must have some edge to it--else it is none.,Ralph Waldo Emerson,truth,Transcendentalismo
There is nothing more ancient than the truth.,René Descartes,truth,Racionalismo
"truth is that which makes a people certain, clear, and strong.",Martin Heidegger,truth,Fenomenologia / Existencialismo
"Truth is a mobile army of metaphors, metonyms, anthropomorphisms, in short a sum of human relations which have been subjected to poetic and rhetorical intensification, translation and decoration […]; truths are illusions of which we have forgotten that they are illusions, metaphors which have become worn by frequent use and have lost all sensuous vigour […]. Yet we still do not know where the drive to truth comes from, for so far we have only heard about the obligation to be truthful which society imposes in order to exist""from, ""On Truth and Lying in a Non-Moral Sense"".",Friedrich Nietzsche,"nietzsche, truth",Niilismo / Existencialismo (precursor)
"Similarly with regard to truth, won't we say that a soul is maimed if it hates a voluntary falsehood, cannot endure to have one in itself, and is greatly angered when it exists in others, but is nonetheless content to accept an involuntary falsehood, isn't angry when it is caught being ignorant, and bears its lack of learning easily, wallowing in it like a pig?",Plato,"ethics, learning, truth",Platonismo
"Lying is not only saying what isn't true. It is also, in fact especially, saying more than is true, and, in the case of the human heart, saying more than one feels.",Albert Camus,truth,Existencialismo / Absurdismo
"Klar sieht, wer von ferne sieht, nebelhaft, wer Anteil nimmt.",Lao Tzu,truth,Taoismo
"Realism falls short of reality. It shrinks it, attenuates it, falsifies it; it does not take into account our basic truths and our fundamental obsessions: love, death, astonishment. It presents man in a reduced and estranged perspective. Truth is in our dreams, in the imagination.",Eugène Ionesco,"dreams, imagination, realism, reality, truth",Teatro do Absurdo
"Some, often without knowing it, suffered from being deprived of the company of friends and from their inability to get in touch with them through the usual channels of friendship, letters, trains, and boats. Others, fewer these, Tarrou may have been one of them, had desired reunion with something they couldn't have defined, but which seemed to them the only desirable thing on earth. For want of a better name, they sometimes called it peace.",Albert Camus,"peace, plague, searching, suffering, truth",Existencialismo / Absurdismo
"He that takes truth for his guide, and duty for his end, may safely trust to God's providence to lead him aright",Blaise Pascal,"duty, god, providence, truth",Jansenismo / Existencialismo Cristão (precursor)
"Contradiction is not a sign of falsity, nor the lack of contradiction a sign of truth.",Blaise Pascal,"contradiction, false, signs, truth",Jansenismo / Existencialismo Cristão (precursor)
What we call fundamental truths are simply the ones we discover after all the others.,Albert Camus,"camus, the-fall, truth",Existencialismo / Absurdismo
"I would put myself in the attitude to look in the eye an abstract truth, and I cannot. I blench and withdraw on this side and on that. I seem to know what he meant who said, No man can see God face to face and live.",Ralph Waldo Emerson,"abstract, abstraction, fear, fear-of-truth, god, truth",Transcendentalismo
Einer hat immer Unrecht: aber mit zweien beginnt die Wahrheit. Einer kann sich nicht beweisen: aber zweie kann man bereits nicht widerlegen.,Friedrich Nietzsche,"german, proof, right, subjectivity, truth, unrecht, wahrheit",Niilismo / Existencialismo (precursor)
"The function of prayer is not to influence God, but rather to change the nature of the one who prays.",Søren Kierkegaard,"faith, god, prayer",Existencialismo Cristão
"Is God willing to prevent evil, but not able? Then he is not omnipotent. Is he able, but not willing? Then he is malevolent. Is he both able and willing? Then whence cometh evil? Is he neither able nor willing? Then why call him God?",Epicurus,"atheism, god, religion",Epicurismo
"That God does not exist, I cannot deny, That my whole being cries out for God I cannot forget.",Jean-Paul Sartre,god,Existencialismo
"The proud person always wants to do the right thing, the great thing. But because he wants to do it in his own strength, he is fighting not with man, but with God.",Søren Kierkegaard,"bible, christianity, god, pride",Existencialismo Cristão
"Every man is a divinity in disguise, a god playing the fool.",Ralph Waldo Emerson,"deities, deity, disguise, divine, divine-self, divinity, divinity-within, fool, god, godlike, godliness, godly, godly-reference, gods, higher-self, man",Transcendentalismo
The gods too are fond of a joke.,Aristotle,"god, humor, jokes, religion",Peripatético / Aristotelismo
"God takes away the minds of poets, and uses them as his ministers, as he also uses diviners and holy prophets, in order that we who hear them may know them to be speaking not of themselves who utter these priceless words in a state of unconsciousness, but that God himself is the speaker, and that through them he is conversing with us. ",Socrates,"god, inspiration, poet, prophet, socrates",Filosofia Socrática
It was a subtle refinement of God to learn Greek when he wished to write a book – and that he did not learn it better.,Friedrich Nietzsche,"god, the-bible",Niilismo / Existencialismo (precursor)
He was a wise man who invented God.,Plato,"god, religion",Platonismo
"God would seem to indicate to us and not allow us to doubt that these beautiful poems are not human, or the work of man, but divine and the work of God; and that the poets are only the interpreters of the Gods...",Socrates,"god, gods, interpretor, poems, poet",Filosofia Socrática
"If lightning is the anger of the gods, then the gods are concerned mostly about trees.",Lao Tzu,"anger, god, gods, lightning, trees, wisdom",Taoismo
All men are Prophets or else God does not exist.,Jean-Paul Sartre,"atheism, equality, god, humanism, prophecy, religion, responsbility",Existencialismo
"Fire. God of Abraham, God of Isaac, God of Jacob, not of the philosophers and the scholars. I will not forget thy word. Amen.",Blaise Pascal,"blaise, fire, god, pascal",Jansenismo / Existencialismo Cristão (precursor)
"People try to persuade us that the objections against Christianity spring from doubt. That is a complete misunderstanding. The objections against Christianity spring from insubordination, the dislike of obedience, rebellion against all authority. As a result, people have hitherto been beating the air in their struggle against objections, because they have fought intellectually with doubt instead of fighting morally with rebellion.",Søren Kierkegaard,"athiesm, belief, god, kierkegaard",Existencialismo Cristão
"Whoever extolleth him as a God of love, doth not think highly enough of love itself. Did not that God want also to be judge? But the loving one loveth irrespective of reward and requital.",Friedrich Nietzsche,god,Niilismo / Existencialismo (precursor)
Knowing yourself is the beginning of all wisdom.,Aristotle,"introspection, self-discovery, wisdom",Peripatético / Aristotelismo
The only true wisdom is in knowing you know nothing.,Socrates,"knowledge, wisdom",Filosofia Socrática
"By three methods we may learn wisdom: First, by reflection, which is noblest; Second, by imitation, which is easiest; and third by experience, which is the bitterest.",Confucius,wisdom,Confucionismo
He who knows all the answers has not been asked all the questions.,Confucius,wisdom,Confucionismo
Wonder is the beginning of wisdom.,Socrates,"amazement, wisdom, wonder",Filosofia Socrática
"If we encounter a man of rare intellect, we should ask him what books he reads.",Ralph Waldo Emerson,"books, intelligence, wisdom",Transcendentalismo
The art of being wise is knowing what to overlook.,William James,wisdom,Pragmatismo
The way out is through the door. Why is it that no one will use this method?,Confucius,"tao, wisdom, zen",Confucionismo
Only the wisest and stupidest of men never change.,Confucius,wisdom,Confucionismo
The invariable mark of wisdom is to see the miraculous in the common.,Ralph Waldo Emerson,"appreciation, wisdom, wonder",Transcendentalismo
"Water is the softest thing, yet it can penetrate mountains and earth. This shows clearly the principle ofsoftness overcoming hardness.",Lao Tzu,wisdom,Taoismo
Time flows away like the water in the river. ,Confucius,wisdom,Confucionismo
The beginning of wisdom is the definition of terms.,Socrates,"definitions, power-of-thoughts, power-of-words, rational-thought, wisdom",Filosofia Socrática
"Begin, be bold, and venture to be wise.",Horace,"act, action, begin, beginnings, bold, boldness, venture, wisdom, wise",Epicurismo (influência)
youth is easily deceived because it is quick to hope.,Aristotle,"deceit, gullibility, hope, wisdom, youth",Peripatético / Aristotelismo
"He who acts, spoils; he who grasps, lets slip.",Lao Tzu,wisdom,Taoismo
Knowledge is merely brilliance in organization of ideas and not wisdom. The truly wise person goes beyond knowledge.,Confucius,wisdom,Confucionismo
Failure is instructive. The person who really thinks learns quite as much from his failures as from his successes.,John Dewey,"experience, learning-from-mistakes, mistakes, wisdom",Pragmatismo
"The Master said, “A true teacher is one who, keeping the past alive, is also able to understand the present.”(Analects 2.11)",Confucius,"history, teachers, wisdom",Confucionismo
"To finish the moment, to find the journey's end in every step of the road, to live the greatest number of good hours, is wisdom.",Ralph Waldo Emerson,wisdom,Transcendentalismo
"The noble man is chiefly concerned with wisdom and friendship; of these, the former is a mortal good, the latter and immortal one.",Epicurus,"epicurus, friendship, life, wisdom",Epicurismo
"Without feelings of respect, what is there to distinguish men from beasts?",Confucius,"philosophical, understanding, wisdom",Confucionismo
he who will not economize will have to agonize,Confucius,"frugality, ignorance, knowledge, suffering, wisdom",Confucionismo
Don't forget to love yourself.,Søren Kierkegaard,wisdom,Existencialismo Cristão
A good traveler leaves no tracks. Good speech lacks fault-finding.,Lao Tzu,"speech, travel, wisdom",Taoismo
"Wise men talk because they have something to say; Fools, because they have to say something.",Plato,"inspirational, life, wisdom",Platonismo
"The Master said, “What a worthy man was Yan Hui! Living in a narrow alley, subsisting upon meager bits of rice and water—other people could not have borne such hardship, and yet it never spoiled Hui’s joy. What a worthy man was Hui!”(Analects 6.11)",Confucius,"happiness, inspirational, wisdom",Confucionismo
"errare humanum est, sed perseverare diabolicum: 'to err is human, but to persist (in the mistake) is diabolical.",Seneca,"inspirational, wisdom",Estoicismo
he who is greedy is always in want,Horace,"contentment, greed, satisfaction, wisdom",Epicurismo (influência)
we have to live today by what truth we can get today and be ready tomorrow to call it falsehood,William James,"belief, ignorance, knowledge, wisdom",Pragmatismo
"Wisdom, compassion, and courage are the three universally recognized moral qualities of man.",Confucius,"compassion, courage, moral-qualities, wisdom",Confucionismo
"I am not a ‘wise man,’ nor . . . shall I ever be. And so require not from me that I should be equal to the best, but that I should be better than the wicked. It is enough for me if every day I reduce the number of my vices, and blame my mistakes.",Seneca,wisdom,Estoicismo
Don’t cry and don’t rage. Understand.,Baruch Spinoza,"understanding, wisdom",Racionalismo
"Wenn du weißt, behaupte, dass du es weißt. Und wenn du etwas nicht weißt, gib zu, dass du es nicht weißt. Das ist Wissen.",Confucius,"knowledge, wisdom",Confucionismo
"It is much better to die of hunger unhindered by grief and fear than to live affluently beset with worry, dread, suspicion and unchecked desire.",Epictetus,wisdom,Estoicismo
a problem well put is half solved.,John Dewey,"knowledge, problem-solving, wisdom",Pragmatismo
"The man who makes everything that leads to happiness depends upon himself, and not upon other men, has adopted the very best plan for living happily. This is the man of moderation, the man of manly character and of wisdom.",Plato,"character, happiness, life, manliness, moderation, wisdom",Platonismo
"One hundred victories in one hundred battles is not the most skillful, subduing the other's military without battle is the most skillful.",Sun Tzu,"battle, war, wisdom",Filosofia Militar Chinesa
"Huius (sapientis) opus unum est de divinis humanisque verum invenire; ab hac numquam recedit religio, pietas, iustitia ...",Seneca,"sapiens, seneca, wisdom",Estoicismo
"El sabio puede cambiar de opinión. El necio, nunca.",Immanuel Kant,"mulishness, opinion, wisdom",Idealismo Transcendental
"True happiness is to enjoy the present, without anxious dependence upon the future, not to amuse ourselves with either hopes or fears but to rest satisfied with what we have, which is sufficient, for he that is so wants nothing. The greatest blessings of mankind are within us and within our reach. A wise man is content with his lot, whatever it may be, without wishing for what he has not.",Seneca,"attitude, gratitude, happiness, inspirational-quotes, satisfaction",Estoicismo
The creation of a thousand forests is in one acorn,Ralph Waldo Emerson,"ecology, inspirational-quotes, nature, trees",Transcendentalismo
The past has no power to stop youfrom being present now.Only your grievance aboutthe past can do that.What is grievance?The baggage of oldthought and emotion.,Lao Tzu,inspirational-quotes,Taoismo
To live without philosophizing is in truth the same as keeping the eyes closed without attempting to open them.,René Descartes,inspirational-quotes,Racionalismo
He who speaks without modesty will find it difficult to make his words good.,Confucius,inspirational-quotes,Confucionismo
no man is free until he s a master of himself!!,Epictetus,inspirational-quotes,Estoicismo
"Wherever you go, go with all your heart.",Confucius,inspirational-quotes,Confucionismo
For every minute you are angry you lose sixty seconds of happiness.,Ralph Waldo Emerson,happiness,Transcendentalismo
You will never be happy if you continue to search for what happiness consists of. You will never live if you are looking for the meaning of life.,Albert Camus,"attributed-no-source, happiness, meaning-of-life",Existencialismo / Absurdismo
The advantage of a bad memory is that one enjoys several times the same good things for the first time.,Friedrich Nietzsche,"forgetfulness, forgetting, happiness, memory",Niilismo / Existencialismo (precursor)
Happiness depends upon ourselves.,Aristotle,happiness,Peripatético / Aristotelismo
"Happiness is the meaning and the purpose of life, the whole aim and end of human existence.",Aristotle,happiness,Peripatético / Aristotelismo
"Action may not always bring happiness, but there is no happiness without action. ",William James,"action, happiness, motivational, work",Pragmatismo
"Wealth consists not in having great possessions, but in having few wants.",Epictetus,"contentment, happiness, money, wealth",Estoicismo
Happiness is a perfume you cannot pour on others without getting some on yourself.,Ralph Waldo Emerson,happiness,Transcendentalismo
There is only one way to happiness and that is to cease worrying about things which are beyond the power or our will. ,Epictetus,"happiness, way-to-be",Estoicismo
Happiness and the absurd are two sons of the same earth. They are inseparable.,Albert Camus,"absurdity, happiness",Existencialismo / Absurdismo
It is a kind of spiritual snobbery that makes people think they can be happy without money.,Albert Camus,"happiness, infp, money, spirit",Existencialismo / Absurdismo
"He is richest who is content with the least, for content is the wealth of nature.",Socrates,"contentment, happiness",Filosofia Socrática
Happiness is a state of activity.,Aristotle,"activity, happiness",Peripatético / Aristotelismo
I must die. Must I then die lamenting? I must be put in chains. Must I then also lament? I must go into exile. Does any man then hinder me from going with smiles and cheerfulness and contentment?,Epictetus,"choices, death, happiness, life, positivity",Estoicismo
"Happy the man, and happy he alone,he who can call today his own:he who, secure within, can say,Tomorrow do thy worst, for I have lived today.Be fair or foul, or rain or shinethe joys I have possessed, in spite of fate, are mine.Not Heaven itself, upon the past has power,but what has been, has been, and I have had my hour.",Horace,"happiness, poetry, time",Epicurismo (influência)
"The crowning fortune of a man is to be born to some pursuit which finds him employment and happiness, whether it be to make baskets, or broadswords, or canals, or statues, or songs.",Ralph Waldo Emerson,"calling, career, career-counseling, find-your-passion, fortune, happiness, happiness-fulfillment-desire, happiness-life, job, job-search, life-coaching, life-purpose, passionate-living, purpose, purpose-in-life, pursue, pursue-your-passion, pursuit, pursuit-of-happiness, ralph-waldo-emerson, self-expression, work",Transcendentalismo
You are forgiven for your happiness and your successes only if you generously consent to share them.,Albert Camus,"forgiveness, happiness, sharing, success, you",Existencialismo / Absurdismo
"When, therefore, we maintain that pleasure is the end, we do not mean the pleasures of profligates and those that consist in sensuality, as is supposed by some who are either ignorant or disagree with us or do not understand, but freedom from pain in the body and from trouble in the mind. For it is not continuous drinkings and revelings, nor the satisfaction of lusts, nor the enjoyment of fish and other luxuries of the wealthy table, which produce a pleasant life, but sober reasoning, searching out the motives for all choice and avoidance, and banishing mere opinions, to which are due the greatest disturbance of the spirit.",Epicurus,"happiness, pleasure",Epicurismo
The essence of philosophy is that a man should so live that his happiness shall depend as little as possible on external things.,Epictetus,happiness,Estoicismo
To fill the hour──that is happiness.,Ralph Waldo Emerson,happiness,Transcendentalismo
"To find out what one is fitted to do, and to secure an opportunity to do it, is the key to happiness.",John Dewey,happiness,Pragmatismo
Happiness is a quality of the soul...not a function of one's material circumstances.,Aristotle,happiness,Peripatético / Aristotelismo
"It is not the rich man you should properly call happy, but him who knows how to use with wisdom the blessings of the gods, to endure hard poverty, and who fears dishonor worse than death, and is not afraid to die for cherished friends or fatherland.",Horace,happiness,Epicurismo (influência)
People settle for a level of despair they can tolerate and call it happiness.,Søren Kierkegaard,"despair, happiness",Existencialismo Cristão
If you do not love me I shall not be loved. If I do not love you I shall not love.,Samuel Beckett,"love, love-quotes, romance, samuel-beckett",Teatro do Absurdo
… I suppose that it is not so easy to go home and it takes a bit of time to make a son out of a stranger.,Albert Camus,"love-story, romance, romance-novels, romantic",Existencialismo / Absurdismo
Hope is a waking dream.,Aristotle,"dreams, hope",Peripatético / Aristotelismo
Hope in reality is the worst of all evils because it prolongs the torments of man.,Friedrich Nietzsche,hope,Niilismo / Existencialismo (precursor)
"Where there is no hope, it is incumbent on us to invent it.",Albert Camus,hope,Existencialismo / Absurdismo
"Even in the mud and scum of things, something always, always sings.",Ralph Waldo Emerson,"courage, enjoy-life, hope, perseverance",Transcendentalismo
"Belief consists in accepting the affirmations of the soul; unbelief, in denying them.",Ralph Waldo Emerson,"affirmations, belief, belief-quotes, beliefs, faith, faithlessness, hope, inner-guidance, inner-voice, intuition, intuitive, soul",Transcendentalismo
"Remain faithful to the earth, my brothers, with the power of your virtue. Let your gift-giving love and your knowledge serve the meaning of the earth. Thus I beg and beseech you. Do not let them fly away from earthly things and beat with their wings against eternal walls. Alas, there has always been so much virtue that has flown away. Lead back to the earth the virtue that flew away, as I do—back to the body, back to life, that it may give the earth a meaning, a human meaning.",Friedrich Nietzsche,"care, dream, earth, future, heaven, hope, human, humanity, love, man, now, real, virtue",Niilismo / Existencialismo (precursor)
"If the single man plants himself indomitably on his instincts, and there abides, this huge world will come around to him.",Ralph Waldo Emerson,"hope, individualism",Transcendentalismo
The power of intuitive understanding will protect you from harm until the end of your days.,Lao Tzu,"affirmation, affirmations, age, aging-parents, alzheimer, alzheimer-s, alzheimers, awareness, caregiving-motivational-quotes, caregiving-quotes, caring-for-others, conscious, dementia, elder-care, enlighten, hope, journey, mindfulness, positive-quotes, positive-thinking, positive-thought, positivity, quote, quotes-and-sayings, quotes-of-life, teaching, thoughts, wise-words",Taoismo
"The hour of departure has arrived, and we go our separate ways, I to die, and you to live. Which of these two is better only God knows.",Socrates,"death, life-and-death",Filosofia Socrática
"Kill me, or you are a murderer.",Franz Kafka,"death, literature",Existencialismo (influência) / Absurdo
"Of all the ways to lose a person, death is the kindest.",Ralph Waldo Emerson,"death, death-and-dying, loss",Transcendentalismo
The only sin is the sin of being born,Samuel Beckett,"birth, death, sin",Teatro do Absurdo
The death of dogma is the birth of morality.,Immanuel Kant,"death, dogma, morality",Idealismo Transcendental
"Be of good cheer about death, and know this of a truth, that no evil can happen to a good man, either in life or after death.",Socrates,death,Filosofia Socrática
"We should keep the dead before our eyes, and honor them as though still living",Confucius,"death, honor, respect",Confucionismo
The final reward of the dead - to die no more,Friedrich Nietzsche,"death, nietzsche",Niilismo / Existencialismo (precursor)
"Death does not concern us, because as long as we exist, death is not here. And when it does come, we no longer exist.",Epicurus,death,Epicurismo
"And when the hourglass has run out, the hourglass of temporality, when the noise of secular life has grown silent and its restless or ineffectual activism has come to an end, when everything around you is still, as it is in eternity, then eternity asks you and every individual in these millions and millions about only one thing: whether you have lived in despair or not.",Søren Kierkegaard,"death, inspirational, joy, purpose",Existencialismo Cristão
"Why should I fear death?If I am, then death is not.If Death is, then I am not.Why should I fear that which can only exist when I do not?Long time men lay oppressed with slavish fear.Religious tyranny did domineer.At length the mighty one of GreeceBegan to assent the liberty of man.",Epicurus,"death, end, fear, greece, liberty, religious-tyranny",Epicurismo
Once you are born in this world you’re old enough to die.,Søren Kierkegaard,death,Existencialismo Cristão
"I was not, I was, I am not, I care not. (Non fui, fui, non sum, non curo)",Epicurus,"death, existence, life",Epicurismo
"The South-wind bringsLife, sunshine and desire,And on every mount and meadowBreathes aromatic fire;But over the dead he has no power,The lost, the lost, he cannot restore;And, looking over the hills, I mournThe darling who shall not return.",Ralph Waldo Emerson,"death, poetry",Transcendentalismo
"One of the first signs of the beginnings of understanding is the wish to die. This life appears unbearable, another unattainable. One is no longer ashamed of wanting to die; one asks to be moved from the old cell, which one hates, to a new one, which one will only in time come to hate.",Franz Kafka,death,Existencialismo (influência) / Absurdo
"So death, the most terrifying of ills, is nothing to us, since so long as we exist, death is not with us; but when death comes, then we do not exist. It does not then concern either the living or the dead, since for the former it is not, and the latter are no more.",Epicurus,death,Epicurismo
"Then, already, it had brought to his mind the silence brooding over beds in which he had let men die. There as here it was the same solemn pause, the lull that follows battle; it was the silence of defeat. But the silence now enveloping his dead friend, so dense, so much akin to the nocturnal silence of the streets and of the town set free at last, made Rieux cruelly aware that this defeat was final, the last disastrous battle that ends a war and makes peace itself an ill beyond all remedy. The doctor could not tell if Tarrou had found peace, now that all was over, but for himself he had a feeling that no peace was possible to him henceforth, any more than there can an armistice for a mother bereaved of a son or for a man who buries his friend.",Albert Camus,"death, friendship, peace, the-plague",Existencialismo / Absurdismo
Death is a continuation of my life without me...,Jean-Paul Sartre,"death, existentialism, life",Existencialismo
"[A] right understanding that death is nothingto us makes the mortality of life enjoyable, not because it adds to itan infinite span of time, but because it takes away the craving forimmortality. For there is nothing terrible in life for the man who hastruly comprehended that there is nothing terrible in not living.",Epicurus,"death, mortality",Epicurismo
"But what if all the tranquility, all the comfort, all the contentment were now to come to a horrifying end?",Franz Kafka,"death, end, kafka, pain",Existencialismo (influência) / Absurdo
I should not really object to dying were it not followed by death.,Thomas Nagel,"death, dying",Filosofia Analítica
"One day we were born, one day we shall die, the same day, the same second.",Samuel Beckett,"birth, death, time",Teatro do Absurdo
"Love knows no limit to its endurance, no end to its trust, no fading of its hope; it can outlast anything. Love still stands when all else has fallen.",Blaise Pascal,quotes,Jansenismo / Existencialismo Cristão (precursor)
"By necessity, by proclivity, and by delight, we all quote.",Ralph Waldo Emerson,quotes,Transcendentalismo
"որևէ քաղաք ճանաչելու ամենաճիշտ ձևերից մեկն էլ իմանալն է, թե ինչպե՞ս են այնտեղ աշխատում, ինչպե՞ս են սիրում, և ինչպե՞ս են մեռնում:",Albert Camus,"alber-camus, la-peste, quotes, Ալբեր-Կամյու, Ալբեր-Քամյու",Existencialismo / Absurdismo
Poets are shameless with their experiences: they exploit them.,Friedrich Nietzsche,"exploitation, poetry, poets",Niilismo / Existencialismo (precursor)
"Poetry is finer and more philosophical than history; for poetry expresses the universal, and history only the particular.",Aristotle,poetry,Peripatético / Aristotelismo
Every word was once a poem.,Ralph Waldo Emerson,poetry,Transcendentalismo
Poetry is nearer to vital truth than history.,Plato,"history, poetry",Platonismo
"The secret of poetry is never explained - is always new. We have not got farther than mere wonder at the delicacy of the touch, & the eternity it inherits. In every house a child that in mere play utters oracles, & knows not that they are such. 'Tis as easy as breath. 'Tis like this gravity, which holds the Universe together, & none knows what it is.",Ralph Waldo Emerson,poetry,Transcendentalismo
We talk so abstractly about poetry because all of us are usually bad poets.,Friedrich Nietzsche,poetry,Niilismo / Existencialismo (precursor)
Everything in creation has its appointed painter or poet and remains in bondage like the princess in the fairy tale 'til its appropriate liberator comes to set it free.,Ralph Waldo Emerson,"art, create, inspiration, poetry, prose, write",Transcendentalismo
"The poet knows that he speaks adequately, then, only when he speaks somewhat wildly.",Ralph Waldo Emerson,"chaos, language, poetry",Transcendentalismo
"Imagination is a very high sort of seeing, which does not come by study, but by the intellect being where and what it sees, by sharing the path, or circuits of things through forms, and so making them translucid to others.",Ralph Waldo Emerson,"creation, meaning, poetry, translation",Transcendentalismo
Language is fossil Poetry.,Ralph Waldo Emerson,"language, poetry",Transcendentalismo
"Ideas must work through the brains and arms of men, or they are no better than dreams",Ralph Waldo Emerson,poetry,Transcendentalismo
All that we call sacred history attests that the birth of a poet is the principal event in chronology.,Ralph Waldo Emerson,"myth, poetry",Transcendentalismo
"A poet is an unhappy being whose heart is torn by secret suffrings, but whose lips are so strangely formed that when the sighs and the cries escape them, they sound like beautiful music. People corwd around the poet and say to him: ""Sing for us soon again;"" that is as much to say, ""May new sufferings torment your soul.",Søren Kierkegaard,"beautiful, music, poetry, poets",Existencialismo Cristão
"There is some awe mixed with the joy of our surprise, when this poet, who lived in some past world, two or three hundred years ago, says that which lies close to my own soul, that which I also had wellnigh thought and said.",Ralph Waldo Emerson,poetry,Transcendentalismo
"Poetry must be as new as foam, and as old as the rock.",Ralph Waldo Emerson,poetry,Transcendentalismo
"The poet is the sayer, the namer, and represents beauty.",Ralph Waldo Emerson,poetry,Transcendentalismo
All I have seen teaches me to trust the Creator for all I have not seen.,Ralph Waldo Emerson,"belief, experience, faith, judging-from-experience, religion, unseen",Transcendentalismo
A casual stroll through the lunatic asylum shows that faith does not prove anything.,Friedrich Nietzsche,"belief, delusions, faith, insanity",Niilismo / Existencialismo (precursor)
Even the merest gesture is holy if it is filled with faith.,Franz Kafka,faith,Existencialismo (influência) / Absurdo
"If merely 'feeling good' could decide, drunkenness would be the supremely valid human experience.",William James,"faith, religion",Pragmatismo
At times one remains faithful to a cause only because its opponents do not cease to be insipid.,Friedrich Nietzsche,"faith, insipid, opponent",Niilismo / Existencialismo (precursor)
"Faith and love are apt to be spasmodic in the best minds. Men live the brink of mysteries and harmonies into which they never enter, and with their hands on the door-latch they die outside.",Ralph Waldo Emerson,"faith, harmony, love, mystery",Transcendentalismo
"What looks like politics, and imagines itself to be political, will one day unmask itself as a religious movement.",Søren Kierkegaard,"faith, politics, religion",Existencialismo Cristão
"Faith is the highest passion in a human being. Many in everygeneration may not come that far, but none comes further.",Søren Kierkegaard,faith,Existencialismo Cristão
"Concerning the Gods, there are those who deny the very existence of the Godhead; others say that it exists, but neither bestirs nor concerns itself not has forethought far anything. A third party attribute to it existence and forethought, but only for great and heavenly matters, not for anything that is on earth. A fourth party admit things on earth as well as in heaven, but only in general, and not with respect to each individual. A fifth, of whom were Ulysses and Socrates, are those that cry: --I move not without Thy knowledge!",Epictetus,faith,Estoicismo
Belief creates the actual fact.,William James,faith,Pragmatismo
"Sitting calmly on a ship in fair weather is not a metaphor for having faith; but when the ship has sprung a leak, then enthusiastically to keep the ship afloat by pumping and not to seek the harbor--that is the metaphor for having faith. (Concluding Unscientific Postscript)",Søren Kierkegaard,faith,Existencialismo Cristão
"To make a man a saint, it must indeed be by grace; and whoever doubts this does not know what a saint is, or a man.",Blaise Pascal,"faith, inspirational-religious",Jansenismo / Existencialismo Cristão (precursor)
"Don't bend; don't water it down; don't try to make it logical; don't edit your own soul according to the fashion. Rather, follow your most intense obsessions mercilessly.",Franz Kafka,"honesty, truth-telling, writing",Existencialismo (influência) / Absurdo
"I write differently from what I speak, I speak differently from what I think, I think differently from the way I ought to think, and so it all proceeds into deepest darkness.",Franz Kafka,writing,Existencialismo (influência) / Absurdo
The purpose of a writer is to keep civilization from destroying itself.,Albert Camus,"civilization, writers, writing",Existencialismo / Absurdismo
A good writer possesses not only his own spirit but also the spirit of his friends.,Friedrich Nietzsche,"friends, friendship, observation, writers, writing",Niilismo / Existencialismo (precursor)
"A non-writing writer is a monster courting insanity."", July 5, 1922]",Franz Kafka,"julia-cameron, writers, writing",Existencialismo (influência) / Absurdo
"All I need is a sheet of paperand something to write with, and thenI can turn the world upside down.",Friedrich Nietzsche,writing,Niilismo / Existencialismo (precursor)
"Writing is utter solitude, the descent into the cold abyss of oneself.",Franz Kafka,"introspection, writing",Existencialismo (influência) / Absurdo
It is my ambition to say in ten sentences what others say in a whole book.,Friedrich Nietzsche,"brevity, writing",Niilismo / Existencialismo (precursor)
We photograph things in order to drive them out of our minds. My stories are a way of shutting my eyes.,Franz Kafka,writing,Existencialismo (influência) / Absurdo
There is creative reading as well as creative writing.,Ralph Waldo Emerson,"creativity, enlightenment, learning, reading, writing",Transcendentalismo
The author must keep his mouth shut when his work starts to speak.,Friedrich Nietzsche,writing,Niilismo / Existencialismo (precursor)
"People do not deserve good writing, they are so pleased with bad.",Ralph Waldo Emerson,"humor, writing",Transcendentalismo
Better a good journalist than a poor assassin.,Jean-Paul Sartre,"dirty-hands, journalism, revolution, writing",Existencialismo
"If you wish to be a writer, write.",Epictetus,"writers, writing",Estoicismo
‎A day in which I don't write leaves a taste of ashes.,Simone de Beauvoir,writing,Existencialismo / Feminismo
Every word first looks around in every direction before letting itself be written down by me.,Franz Kafka,"language, writing",Existencialismo (influência) / Absurdo
Writing is the geometry of the soul. ,Plato,writing,Platonismo
Books are for nothing but to inspire,Ralph Waldo Emerson,"authors, books, writing",Transcendentalismo
Writer speaks a stench.,Franz Kafka,writing,Existencialismo (influência) / Absurdo
Writing is prayer.,Franz Kafka,"prayer, writing",Existencialismo (influência) / Absurdo
"If a man comes to the door of poetry untouched by the madness of the Muses, believing that technique alone will make him a good poet, he and his sane compositions never reach perfection, but are utterly eclipsed by the performances of the inspired madman.",Socrates,"craziness, mental-illness, writing, writing-life",Filosofia Socrática
What is written is merely the dregs of experience.,Franz Kafka,writing,Existencialismo (influência) / Absurdo
"In order to be created, a work of art must first make use of the dark forces of the soul",Albert Camus,"art, literature, writing",Existencialismo / Absurdismo
"It is not the strength, but the duration, of great sentiments that makes great men.",Friedrich Nietzsche,writing,Niilismo / Existencialismo (precursor)
"drill one hole after another into [language] until that which lurks behind, be it something or nothing, starts seeping through – I cannot imagine a higher goal for today’s writer.",Samuel Beckett,writing,Teatro do Absurdo
The way to write is to throw your body at the mark when your arrows are spent.,Ralph Waldo Emerson,"inspirational, writing",Transcendentalismo
What the superior man seeks is in himself what the small man seeks is in others. ,Confucius,"individuality, inspiration, validation",Confucionismo
"Few people know how to take a walk. The qualifications are endurance, plain clothes, old shoes, an eye for nature, good humor, vast curiosity, good speech, good silence and nothing too much.",Ralph Waldo Emerson,inspiration,Transcendentalismo
We are wiser than we know.,Ralph Waldo Emerson,inspiration,Transcendentalismo
Rule your mind or it will rule you.,Horace,"be-strong, be-yourself, independence, inspiration, inspirational, life, living, rule, self-help, stay-strong, strength, the-mind",Epicurismo (influência)
"I decided that it was not wisdom that enabled [poets] to write their poetry, but a kind of instinct or inspiration, such as you find in seers and prophets who deliver all their sublime messages without knowing in the least what they mean.",Socrates,"inspiration, poets",Filosofia Socrática
"To study and constantly, is this not a pleasure? To have friends come from far away places, is this not a joy? If people do not recognize your worth, but this does not worry you, are you not a true gentleman?",Confucius,"good-things, inspiration, life",Confucionismo
"For the poet is a light and winged and holy thing, and there is no invention in him until he has been inspired and is out of his senses, and the mind is no longer in him: when he has not attained to this state, he is powerless and is unable to utter his oracles.",Socrates,"inspiration, poet, socrates",Filosofia Socrática
It is only by risking our persons from one hour to another that we live at all.,William James,inspiration,Pragmatismo
Calligraphy is a geometry of the soul which manifests itself physically.,Plato,"art, inspiration",Platonismo
"Evil does not exist; once you have crossed the threshold, all is good. Once in another world, you must hold your tongue.",Franz Kafka,"inspiration, spirituality",Existencialismo (influência) / Absurdo
"When you enter a grove peopled with ancient trees, higher than the ordinary, and shutting out the sky with their thickly inter-twined branches, do not the stately shadows of the wood, the stillness of the place, and the awful gloom of this doomed cavern then strike you with the presence of a deity?",Seneca,"divinity, inspiration, nature, trees",Estoicismo
"A poet, you see, is a light thing, and winged and holy, and cannot compose before he gets inspiration and loses control of his senses and his reason has deserted him.",Plato,"composition, holy, inspiration, plato, poet, reason, senses",Platonismo
"His heart was as great as the world, but there was no room in it to hold the memory of a wrong",Ralph Waldo Emerson,inspiration,Transcendentalismo
The way to gain a good reputation is to endeavor to be what you desire to appear.,Socrates,"inspiration, integrity, reputation",Filosofia Socrática
"In heaven, all the interesting people are missing.",Friedrich Nietzsche,"heaven, religion",Niilismo / Existencialismo (precursor)
I cannot believe in a God who wants to be praised all the time.,Friedrich Nietzsche,"agama, agnosticism, prayer, religion",Niilismo / Existencialismo (precursor)
Is man merely a mistake of God's? Or God merely a mistake of man?,Friedrich Nietzsche,"atheism, organized-religion, paradox, religion",Niilismo / Existencialismo (precursor)
"In truth,there was only one christian and he died on the cross.",Friedrich Nietzsche,"christian-behavior, christianity, religion",Niilismo / Existencialismo (precursor)
"The hardest thing of all is to find a black cat in a dark room, especially if there is no cat.",Confucius,"futility, knowledge, religion",Confucionismo
"Two great European narcotics, alcohol and Christianity.",Friedrich Nietzsche,"drinking, religion",Niilismo / Existencialismo (precursor)
The religion of one age is the literary entertainment of the next.,Ralph Waldo Emerson,religion,Transcendentalismo
"A tyrant must put on the appearance of uncommon devotion to religion. Subjects are less apprehensive of illegal treatment from a ruler whom they consider god-fearing and pious. On the other hand, they do less easily move against him, believing that he has the gods on his side.",Aristotle,"morality, politics, religion",Peripatético / Aristotelismo
A sect or party is an elegant incognito devised to save a man from the vexation of thinking.,Ralph Waldo Emerson,"humanism, politics, religion",Transcendentalismo
"The love of God is a hard love. It demands total self-surrender, disdain of our human personality. And yet it alone can reconcile us to suffering and the deaths of children, it alone can justify them, since we cannot understand them, and we can only make God's will ours.",Albert Camus,"religion, the-plague",Existencialismo / Absurdismo
"Fanatics are picturesque, mankind would rather see gestures than listen to reasons.",Friedrich Nietzsche,"fanatics, fundamentalists, reason, religion",Niilismo / Existencialismo (precursor)
"Moreover, most people, assuming they had not altogether abandoned religious observances, or did not combine them naively with a thoroughly immoral way of living, had replaced normal religious practice by more or less extravagant superstitions.",Albert Camus,"beliefs, religion, superstition",Existencialismo / Absurdismo
"...since the order of the world is shaped by death, mightn't it be better for God if we refuse to believe in Him and struggle with all our might against death, without raising our eyes towards the heaven where He sits in silence?",Albert Camus,"religion, science, the-plague",Existencialismo / Absurdismo
"Ist eine Lehre zur Satzung erstarrt, hat sie geendet.",Lao Tzu,"dogmatism, religion",Taoismo
"In order to disprove the assertion that all crows are black, one white crow is sufficient.",William James,"harvard-professor-of-psychology, proof, religion, science, spirituality, theory",Pragmatismo
"The more he needs God, the more deeply he comprehends he is in need of God, and then the more he in his need presses forward to God, the more perfect he is... To need God is nothing to be ashamed of but is perfection itself.",Søren Kierkegaard,"inspirational, religion",Existencialismo Cristão
I do not concern myself with gods and spirits either good or evil nor do I serve any.,Lao Tzu,religion,Taoismo
To know that you do not know is the best.To think you know when you do not is a disease.Recognizing this disease as a disease is to be free of it.,Lao Tzu,"ignorance, knowledge",Taoismo
"Knowledge is a treasure, but practice is the key to it.",Lao Tzu,knowledge,Taoismo
Poets utter great and wise things which they do not themselves understand.,Plato,"knowledge, poets",Platonismo
Knowledge is the food of the soul.,Plato,"food, knowledge, soul",Platonismo
"Since we cannot know all there is to be known about anything, we ought to know a little about everything.",Blaise Pascal,knowledge,Jansenismo / Existencialismo Cristão (precursor)
Knowledge unqualified is knowledge simply of something learned.,Plato,knowledge,Platonismo
"In pursuit of knowledge, every day something is acquired. In pursuit of wisdom, every day something is dropped.",Lao Tzu,"knowledge, pursuit, wisdom",Taoismo
"Because it is so unbelievable, the truth often escapes being known.",Heraclitus,"belief, knowledge, truth, unknown",Pré-socrático
"Ultimately, nobody can get more out of things, including books, than he already knows.",Friedrich Nietzsche,"books, knowledge, nietzche, reading",Niilismo / Existencialismo (precursor)
Even subjects that are known are known only to a few,Aristotle,knowledge,Peripatético / Aristotelismo
Science is organized knowledge. Wisdom is organized life,Immanuel Kant,"knowledge, science, wisdom",Idealismo Transcendental
"The good news is that the moment you decide that what you know is more important than what you have been taught to believe, you will have shifted gears in your quest for abundance. Success comes from within, not from without.",Ralph Waldo Emerson,success,Transcendentalismo
"When you have faults, do not fear to abandon them.",Confucius,"advice, life, success",Confucionismo
"Where would his torture be, indeed, if at every step the hope of succeeding upheld him?",Albert Camus,"perseverance, sisyphus, success",Existencialismo / Absurdismo
Every achievement is a servitude. It compels us to a higher achievement.,Albert Camus,"achievement, success",Existencialismo / Absurdismo
"You only have to doze a moment, and all is lost. For ruin and salvation both have their source inside you.",Epictetus,success,Estoicismo
Educating the mind without educating the heart is no education at all.,Aristotle,"education, ethics",Peripatético / Aristotelismo
"Education is the kindling of a flame, not the filling of a vessel.",Socrates,"education, enlightenment, learning, lifelong-learning, mentorship",Filosofia Socrática
The educated differ from the uneducated as much as the living differ from the dead.,Aristotle,education,Peripatético / Aristotelismo
Education breeds confidence. Confidence breeds hope. Hope breeds peace.,Confucius,education,Confucionismo
"The secret of education lies in respecting the pupil. It is not for you to choose what he shall know, what he shall do. It is chosen and foreordained and he only holds the key to his own secret.",Ralph Waldo Emerson,"education, initiative, self-education",Transcendentalismo
Only the educated are free.,Epictetus,education,Estoicismo
Learning without thought is labor lost thought without learning is perilous. ,Confucius,"education, learning, thinking",Confucionismo
"Learning is an ornament in prosperity, a refuge in adversity, and a provision in old age.",Aristotle,"adversity, education, learning, old-age, prosperity",Peripatético / Aristotelismo
The secret of education lies in respecting the pupil.,Ralph Waldo Emerson,education,Transcendentalismo
"They're so cold, these scholars!May lightning strike their foodso that their mouths learn howto eat fire!",Friedrich Nietzsche,"coldness, education, elitism, higher-education, scholars, scholarship",Niilismo / Existencialismo (precursor)
"For in spite of itself any movement that thinks and acts in terms of an ‘ism becomes so involved in reaction against other ‘isms that it is unwittingly controlled by them. For it then forms its principles by reaction against them instead of by a comprehensive, constructive survey of actual needs, problems, and possibilities.",John Dewey,"change, education, isms",Pragmatismo
The most effective kind of education is that a child should play amongst lovely things.,Plato,"children, education, lovely-things, plato, slow",Platonismo
The direction in which education starts a man will determine his future life,Plato,"education, future, life, plato",Platonismo
"If someone who wanted to learn to dance were to say: For centuries, one generation after the other has learned the positions, and it is high time that I take advantage of this and promptly begin with the quadrille--people would presumably laugh a little at him, but in the world of spirit this is very plausible. What, then, is education? I believed it is the course the individual goes through in order to catch up with himself, and the person who will not go through this course is not much helped by being born in the most enlightened age.",Søren Kierkegaard,education,Existencialismo Cristão
"The soul of him who has education is whole and perfect and escapes the worst disease, but, if a man's education be neglected, he walks lamely through life and returns good for nothing to the world below.",Plato,education,Platonismo
"So you see that the process of education, taken in a large way, may be described as nothing but the process of acquiring ideas or conceptions, the best educated mind being the mind which has the largest stock of them, ready to meet the largest possible variety of the emergencies of life. The lack of education means only the failure to have acquired them, and the consequent liability to be 'floored' and 'rattled' in the vicissitudes of experience.",William James,"conceptions, education, ideas",Pragmatismo
"Knowledge which is acquired under compulsion has no hold on the mind. Therefore do not use compulsion, but let early education be a sort of amusement; you will then be better able to discover the child's natural bent.",Plato,"education, homeschool, homeschooling, learning",Platonismo
"As we have seen there is some kind of continuity in any case since every experience affects for better or worse the attitudes which help decide the quality of further experiences, by setting up certain preference and aversion, and making it easier or harder to act for this or that end.",John Dewey,"education, experiences",Pragmatismo
Life contains but two tragedies. One is not to get your heart’s desire the other is to get it. ,Socrates,"philosophy-of-life, psychology, relationships",Filosofia Socrática
"Miss Austen’s novels … seem to me vulgar in tone, sterile in artistic invention, imprisoned in the wretched conventions of English society, without genius, wit, or knowledge of the world. Never was life so pinched and narrow. The one problem in the mind of the writer … is marriageableness.",Ralph Waldo Emerson,"humor, jane-austen, relationships",Transcendentalismo
Without ambition one starts nothing. Without work one finishes nothing. The prize will not be sent to you. You have to win it.,Ralph Waldo Emerson,"motivational, work",Transcendentalismo
First say to yourself what you would beand then do what you have to do. ,Epictetus,motivational,Estoicismo
Ever Tried. Ever Failed. No matter. Try again. Fail again. Fail better.,Samuel Beckett,"humourous, motivational, philosophical, quirky",Teatro do Absurdo
Productivity is being able to do things that you were never able to do before.,Franz Kafka,"franz-kafka, inspirational, inspiritional-quotes, motivational, motivational-quotes, productivity",Existencialismo (influência) / Absurdo
Adventure is worthwhile.,Aristotle,"adventure, inspirational, motivational, travel",Peripatético / Aristotelismo
Only the dead have seen the end of war.,Plato,"dead, life-lessons, war, warriors",Platonismo
"Treat people as an end, and never as a means to an end",Immanuel Kant,life-lessons,Idealismo Transcendental
It is nobler to declare oneself wrong than to insist on being right --especially when one is right.,Friedrich Nietzsche,"life-lessons, nietzsche, noble, right, wrong",Niilismo / Existencialismo (precursor)
"Time is a created thing. To say 'I don't have time,' is like saying, 'I don't want to.",Lao Tzu,time,Taoismo
Three o'clock is always too late or too early for anything you want to do.,Jean-Paul Sartre,time,Existencialismo
The years teach much the days never know.,Ralph Waldo Emerson,time,Transcendentalismo
It was long since I had longed for anything and the effect on me was horrible.,Samuel Beckett,"change, desire, longing, pain, suffering, time",Teatro do Absurdo
Nothing endures but change.,Heraclitus,"change, impermanence, mujō, time, 無常",Pré-socrático
"The part of life we really live is small.' For all the rest of existence is not life, but merely time.",Seneca,"existence, life, living, quality-of-life, time",Estoicismo
Time crumbles things everything grows old under the power of Time and is forgotten through the lapse of Time. ,Aristotle,time,Peripatético / Aristotelismo
"It's not that we have little time, but more that we waste a good deal of it.",Seneca,"lifetime, time",Estoicismo
"…. Query: How contrive not to waste one's time?Answer: By being fully aware of it all the while.Ways in which this can be done: By spending one's days on an uneasy chair in a dentist's waiting-room; by remaining on one's balcony all of a Sunday afternoon; by listening to lectures in a language on doesn't know; by traveling by the longest and least-convenient train routes, and of course standing all the way; by lining up at the box-office of theaters and then not buying a seat; and so forth.",Albert Camus,time,Existencialismo / Absurdismo
The funniest people are the saddest ones,Confucius,"funny, people, sad",Confucionismo
"But in my opinion, all things in nature occur mathematically.",René Descartes,"math, mathematics, nature, opinion, science",Racionalismo
"Men love to wonder, and that is the seed of science.",Ralph Waldo Emerson,science,Transcendentalismo
Bad times have a scientific value. These are occasions a good learner would not miss.,Ralph Waldo Emerson,"challenges, difficulty, inspirational, learning, science, value",Transcendentalismo
"A kiss without a moustache, they said then, is like an egg without salt; I will add to it: and it is like Good without Evil.",Jean-Paul Sartre,science,Existencialismo
"Round about the accredited and orderly facts of every science there ever floats a sort of dust-cloud of exceptional observations, of occurrences minute and irregular and seldom met with, which it always proves more easy to ignore than to attend to... Anyone will renovate his science who will steadily look after the irregular phenomena, and when science is renewed, its new formulas often have more of the voice of the exceptions in them than of what were supposed to be the rules.",William James,science,Pragmatismo
"The void is 'not-being,' and no part of 'what is' is a 'not-being,'; for what 'is' in the strict sense of the term is an absolute plenum. This plenum, however, is not 'one': on the contrary, it is a 'many' infinite in number and invisible owing to the minuteness of their bulk.",Aristotle,"aristotle, atom, atomic, atomic-science, atoms, democritus, science, science-scientists, scientists",Peripatético / Aristotelismo
"In every department of physical science there is only so much science, properly so-called, as there is mathematics.",Immanuel Kant,"mathematics, science",Idealismo Transcendental
"I cannot remember the books I've read any more than the meals I have eaten; even so, they have made me.",Ralph Waldo Emerson,"books, reading, we-are-what-we-eat, we-are-what-we-read, you-are-what-you-eat, you-are-what-you-read",Transcendentalismo
Many a book is like a key to unknown chambers within the castle of one’s own self.,Franz Kafka,"books, castle, self",Existencialismo (influência) / Absurdo
A book must be the axe for the frozen sea within us.,Franz Kafka,books,Existencialismo (influência) / Absurdo
I think we ought to read only the kind of books that wound and stab us.,Franz Kafka,books,Existencialismo (influência) / Absurdo
Books are a narcotic.,Franz Kafka,books,Existencialismo (influência) / Absurdo
You cannot open a book without learning something.,Confucius,"books, learning, philosopher",Confucionismo
The reading of all good books is like conversation with the finest men of past centuries.,René Descartes,"books, literature, reading, words",Racionalismo
Some books leave us free and some books make us free.,Ralph Waldo Emerson,books,Transcendentalismo
"We need the books that affect us like a disaster, that grieve us deeply, like the death of someone we loved more than ourselves, like being banished into forests far from everyone, like a suicide. A book must be the axe for the frozen sea inside us.",Franz Kafka,"books, literature, reading, words",Existencialismo (influência) / Absurdo
Tis the good reader that makes the good book.,Ralph Waldo Emerson,books,Transcendentalismo
"Leisure without books is death, and burial of a man alive.",Seneca,books,Estoicismo
"In the highest civilization, the book is still the highest delight. He who has once known its satisfactions is provided with a resource against calamity.",Ralph Waldo Emerson,"books, civilization, civilized, emerson, quote, reading",Transcendentalismo
"Tis the good reader that makes the good book; in every book he finds passages which seem confidences or asides hidden from all else and unmistakenly meant for his ear; the profit of books is according to the sensibility of the reader; the profoundest thought or passion sleeps as in a mine, until it is discovered by an equal mind and heart.",Ralph Waldo Emerson,"books, literature, reading, words",Transcendentalismo
"I think we ought to read only books that bite and sting us. If the book we are reading doesn't shake us awake like a blow on the skull, why bother reading it in the first place? So that it can make us happy, as you put it? Good God, we'd be just as happy if we had no books at all; books that make us happy we could, in a pinch, also write ourselves. What we need are books that hit us like a most painful misfortune, like the death of someone we loved more than we love ourselves, that make us feel as though we had been banished to the woods, far from any human presence, like a suicide. A book must be the axe for the frozen sea within us. That is what I believe.",Franz Kafka,"books, literature, reading, words",Existencialismo (influência) / Absurdo
"In a library we are surrounded by many hundreds of dear friends, but they are imprisoned by an enchanter in these paper and leathern boxes; and though they know us, and have been waiting two, ten, or twenty centuries for us,—some of them,—and are eager to give us a sign and unbosom themselves, it is the law of their limbo that they must not speak until spoken to; and as the enchanter has dressed them, like battalions of infantry, in coat and jacket of one cut, by the thousand and ten thousand, your chance of hitting on the right one is to be computed by the arithmetical rule of Permutation and Combination,—not a choice out of three caskets, but out of half a million caskets, all alike.",Ralph Waldo Emerson,books,Transcendentalismo
distringit librorum multitudo (the abundance of books is distraction),Seneca,"1st-century, books, information-overload, seneca",Estoicismo
"We do not belong to those who have ideas only among books, when stimulated by books. It is our habit to think outdoors - walking, leaping, climbing, dancing, preferably on lonely mountains or near the sea where even the trails become thoughtful.",Friedrich Nietzsche,"books, idea, thought, walking",Niilismo / Existencialismo (precursor)
"Man Thinking must not be subdued by his instruments. Books are for the scholar's idle times. When he can read God directly, the hour is too precious to be wasted in other men's transcripts of their readings.",Ralph Waldo Emerson,"american-scholar, books",Transcendentalismo
"that the grace of fable stirs the mind""...and...""that the perusal of excellent books is, as it were, to interview with the noblest men of past ages",René Descartes,books,Racionalismo
"There are books which take rank in our life with parents and lovers and passionate experiences, so medicinal, so stringent, so revolutionary, so authoritative.",Ralph Waldo Emerson,books,Transcendentalismo
"If I save my insight, I don’t attend to weakness of eyesight.",Socrates,"books, eyesight, socrates",Filosofia Socrática
Make your own Bible. Select and collect all the words and sentences that in all your readings have been to you like the blast of a trumpet.,Ralph Waldo Emerson,spirituality,Transcendentalismo
All Earthquakes and Disasters are warnings there’s too much corruption in the world ,Aristotle,"inspirational, spirituality",Peripatético / Aristotelismo
Spiritual force is stronger than material force thoughts rule the world. ,Ralph Waldo Emerson,spirituality,Transcendentalismo
We can easily forgive a child who is afraid of the dark the real tragedy of life is when men are afraid of the light. ,Plato,"darkness, dishonesty, fear, light, willful-ignorance",Platonismo
He who has overcome his fears will truly be free.,Aristotle,"fear, freedom",Peripatético / Aristotelismo
Courage is knowing what not to fear.,Plato,"courage, fear",Platonismo
Do the thing you fear and the death of fear is certain.,Ralph Waldo Emerson,fear,Transcendentalismo
Mastering others is strength. Mastering oneself makes you fearless.,Lao Tzu,"fear, strength",Taoismo
Fear always springsfrom ignorance.,Ralph Waldo Emerson,"fear, ignorance",Transcendentalismo
Fear is pain arising from the anticipation of evil.,Aristotle,fear,Peripatético / Aristotelismo
"Men are not afraid of things, but of how they view them.",Epictetus,"fear, overcoming-fear",Estoicismo
Let it be considered that what is more wholesome than any particular belief is integrity of belief and that to avoid looking into the support of any belief from a fear that it may turn out rotten is quite as immoral as it is disadvantageous. ,Charles Sanders Peirce,"belief, fear, immoral, integrity",Pragmatismo
"Thus I spoke, more and more softly; for I was afraid of my own thoughts and the thoughts behind my thoughts.",Friedrich Nietzsche,"fear, speaking, thoughts, thus-spoke-zarathustra",Niilismo / Existencialismo (precursor)
"When a resolute young fellow steps up to the great bully, the world, and takes him boldly by the beard, he is often surprised to find it comes off in his hand, and that it was only tied on to scare away the timid adventurers.",Ralph Waldo Emerson,"courage, fear",Transcendentalismo
"f you wish to put off all worry, assume that what you fear may happen is certainly going to happen.",Seneca,"fear, worrying",Estoicismo
"The purpose of life is not to be happy. It is to be useful, to be honorable, to be compassionate, to have it make some difference that you have lived and lived well.",Ralph Waldo Emerson,"helping-others, make-a-difference, purpose, purpose-of-life",Transcendentalismo
"Man is nothing else but what he purposes, he exists only in so far as he realizes himself, he is therefore nothing else but the sum of his actions, nothing else but what his life is.",Jean-Paul Sartre,"actions, existence, life, man, purpose, realization",Existencialismo
"Vladimir, be reasonable, you haven't yet tried everything. And I resumed the struggle.",Samuel Beckett,motivation,Teatro do Absurdo
Don’t walk in front of me… I may not followDon’t walk behind me… I may not leadWalk beside me… just be my friend,Albert Camus,"attributed-no-source, friends, friendship, misattributed-albert-camus",Existencialismo / Absurdismo
What is a friend? A single soul dwelling in two bodies.,Aristotle,"friendship, soul",Peripatético / Aristotelismo
"The glory of friendship is not the outstretched hand, not the kindly smile, nor the joy of companionship; it is the spiritual inspiration that comes to one when you discover that someone else believes in you and is willing to trust you with a friendship.",Ralph Waldo Emerson,friendship,Transcendentalismo
"Wishing to be friends is quick work, but friendship is a slow ripening fruit.",Aristotle,friendship,Peripatético / Aristotelismo
A friend to all is a friend to none.,Aristotle,friendship,Peripatético / Aristotelismo
"Be slow to fall into friendship, but when you are in, continue firm and constant.",Socrates,friendship,Filosofia Socrática
The antidote for fifty enemies is one friend.,Aristotle,friendship,Peripatético / Aristotelismo
"We are like islands in the sea, separate on the surface but connected in the deep.",William James,"connection, friendship, sea",Pragmatismo
"Friendship, like the immortality of the soul, is too good to be believed. When friendships are real, they are not glass threads or frost work but the solidest things we know.",Ralph Waldo Emerson,friendship,Transcendentalismo
"Seek not the favor of the multitude; it is seldom got by honest and lawful means. But seek the testimony of few; and number not voices, but weigh them.",Immanuel Kant,"favor, friendship, honesty, seek, testimony, trust",Idealismo Transcendental
It is not so much our friends' help that helps us as the confident knowledge that they will help us.,Epicurus,friendship,Epicurismo
Few friendships would survive if each one knew what his friend says of him behind his back,Blaise Pascal,friendship,Jansenismo / Existencialismo Cristão (precursor)
Better be a nettle in the side of your friend than his echo.,Ralph Waldo Emerson,friendship,Transcendentalismo
"Why should I cumber myself with regrets that the receiver is not capacious? It never troubles the sun that some of his rays fall wide and vain into ungrateful space, and only a small part on the reflecting planet. Let your greatness educate the crude and cold companion.",Ralph Waldo Emerson,friendship,Transcendentalismo
"Human beings are born into this little span of life of which the best thing is its friendships and intimacies … and yet they leave their friendships and intimacies with no cultivation, to grow as they will by the roadside, expecting them to ""keep"" by force of mere inertia.",William James,friendship,Pragmatismo
"In good company there is never such discourse between two, across the table, as takes place when you leave them alone. In good company, the individuals merge their egotism into a social soul exactly coextensive with the several consciousnesses there present. No partialities of friend to friend, no fondnesses of brother to sister, of wife to husband, are there pertinent, but quite otherwise. Only he may then speak who can sail on the common thought of the party, and not poorly limited to his own. Now this convention, which good sense demands, destroys the high freedom of great conversation, which requires an absolute running of two souls into one.",Ralph Waldo Emerson,"communication, conversation, friendship",Transcendentalismo
"Let us even bid our dearest friends farewell, and defy them, saying, ""Who are you? Unhand me: I will be dependent no more."" Ah! seest thou not, O brother, that thus we part only to meet again on a higher platform, and only be more each other's, because we are more our own?",Ralph Waldo Emerson,friendship,Transcendentalismo
"An Eastern poet, Ali Ben Abu Taleb, writes with sad truth, —""He who has a thousand friends has not a friend to spare,And he who has one enemy shall meet him everywhere.",Ralph Waldo Emerson,friendship,Transcendentalismo
"The law of nature is alternation for evermore. Each electrical state superinduces the opposite. The soul environs itself with friends, that it may enter into a grander self-acquaintance or solitude; and it goes alone for a season, that it may exalt its conversation or society.",Ralph Waldo Emerson,friendship,Transcendentalismo
"To stand in true relations with men in a false age is worth a fit of insanity, is it not?",Ralph Waldo Emerson,friendship,Transcendentalismo
"As many thoughts in succession substantiate themselves, we shall by and by stand in a new world of our own creation, and no longer strangers and pilgrims in a traditionary globe. My friends have come to me unsought.... Will these, too, seperate themselves from me again, or some of them? I know not, but I fear it not; for my relation to them is so pure, that we hold by simple affinity, and the Genius of my life being thus social, the same affinity will exert its energy on whomsoever is as noble as these men and women, wherever I may be.",Ralph Waldo Emerson,friendship,Transcendentalismo
"Shared joys make a friend, not shared sufferings.",Friedrich Nietzsche,friendship,Niilismo / Existencialismo (precursor)
"Leave this touching and clawing. Let him be to me a spirit. A message, a thought, a sincerity, a glance from him, I want, but not news nor pottage. I can get politics, and chat, and neighborly conveniences from cheaper companions. Should not the society of my friend be to me poetic, pure, universal, and great as nature itself? Ought I to feel that our tie is profane in comparison with yonder bar of cloud that sleeps on the horizon, or that clump of waving grass that divides the brook? Let us not vilify, bur raise it to that standard. That great, defying eye, that scornful beauty of his mien and action, do not pique yourself on reducing, but rather fortify and enhance.",Ralph Waldo Emerson,friendship,Transcendentalismo
"How closely flattery resembles friendship! It not only apes friendship, but outdoes it, passing it in the race; with wide-open and indulgent ears it is welcomed and sinks to the depths of the heart, and it is pleasing precisely wherein it does harm.",Seneca,friendship,Estoicismo
"Get not your friends by bare compliments, but by giving them sensible tokens of your love.",Socrates,"compliments, friendship, love, tokens",Filosofia Socrática
"good people do not need laws to tell them to act responsibly, while bad people will find a way around the laws",Plato,"laws, people",Platonismo
"Where words lose their meaning, people lose their lives.",Confucius,"humanity-and-society, life, meaning, people, words",Confucionismo
"Your actions speak so loudly, I cannot hear what you are saying.",Ralph Waldo Emerson,"emotions, life, people",Transcendentalismo
"To know your Enemy, you must become your Enemy.",Sun Tzu,"enemy, sun-tzu, war",Filosofia Militar Chinesa
One mark of a great soldier is that he fight on his own terms or fights not at all.,Sun Tzu,"fight, sun-tzu, war",Filosofia Militar Chinesa
"When one treats people with benevolence, justice, and righteoousness, and reposes confidence in them, the army will be united in mind and all will be happy to serve their leaders'.",Sun Tzu,"strategy, war",Filosofia Militar Chinesa
"Once you hear the details of victory, it is hard to distinguish it from a defeat.",Jean-Paul Sartre,"defeat, victory, war",Existencialismo
"It was in Spain that [my generation] learned that one can be right and yet be beaten, that force can vanquish spirit, that there are times when courage is not its own recompense. It is this, doubtless, which explains why so many, the world over, feel the Spanish drama as a personal tragedy.",Albert Camus,"spain, vanquish, victory, war",Existencialismo / Absurdismo
Be where your enemy is not.,Sun Tzu,"enemy, inspirational, sun-tzu, war",Filosofia Militar Chinesa
In love there are two evils: war and peace.,Horace,"evil, love, peace, war",Epicurismo (influência)
"But what are a hundred million deaths? When one has served in a war, one hardly knows what a dead man is, after a while. And since a dead man has no substance unless one has actually seen him dead, a hundred million corpses broadcast through history are no more than a puff of smoke in the imagination.",Albert Camus,"existentialism, war",Existencialismo / Absurdismo
How good music and bad reasons sound when one marches against an enemy.,Friedrich Nietzsche,war,Niilismo / Existencialismo (precursor)
The slaying of multitudes should be mourned with sorrow. A victory should be celebrated with the funeral rite.,Lao Tzu,war,Taoismo
"If peace is to be maintained, it must be by brave men, who have come up to the same height as the hero, namely, the will to carry their life in their hand, and stake it at any instant for their principle, but who have gone one step beyond the hero, and will not seek another man's life.",Ralph Waldo Emerson,"peace, sacrifice, violence, war",Transcendentalismo
Dare to live the life you have dreamed for yourself. Go forward and make your dreams come true.,Ralph Waldo Emerson,dreams,Transcendentalismo
Be careful what you water your dreams with. Water them with worry and fear and you will produce weeds that choke the life from your dream. Water them with optimism and solutions and you will cultivate success. Always be on the lookout for ways to turn a problem into an opportunity for success. Always be on the lookout for ways to nurture your dream.,Lao Tzu,dreams,Taoismo
Don't be pushed by your problems. Be led by your dreams.,Ralph Waldo Emerson,"dreams, inspirational",Transcendentalismo
Judge of your natural character by what you do in your dreams.,Ralph Waldo Emerson,dreams,Transcendentalismo
People demand freedom of speech as a compensation for the freedom of thought which they seldom use.,Søren Kierkegaard,"civil-rights, free-speech, free-will, freedom, intelligence, liberty, stupidity",Existencialismo Cristão
Freedom is what we do with what is done to us.,Jean-Paul Sartre,"freedom, life-experience, self-determination",Existencialismo
Better to die on one's feet than to live on one's knees.,Jean-Paul Sartre,freedom,Existencialismo
He who is brave is free,Seneca,"bravery, courage, freedom, gallantry",Estoicismo
"How absurd men are! They never use the liberties they have, they demand those they do not have. They have freedom of thought, they demand freedom of speech.",Søren Kierkegaard,freedom,Existencialismo Cristão
When the tyrant has disposed of foreign enemies by conquest or treaty and there is nothing to fear from them then he is always stirring up some wary or other in order that the people may require a leader.,Plato,"freedom, history, liberty, politics",Platonismo
"Democracy arose from men's thinking that if they are equal in any respect, they are equal absolutely.",Aristotle,"democracy, equality, freedom",Peripatético / Aristotelismo
"A human being who wakened in the morning with a queesy stomach, with fifteen hours to kill before next bedtime, had not much use for freedom.",Jean-Paul Sartre,freedom,Existencialismo
"What you shun enduring yourself, attempt not to impose on others. You shun slavery- beware enslaving others! If you can endure to do that, one would think you had been once upon a time a slave yourself. For vice has nothing in common with virtue, nor Freedom with slavery. ",Epictetus,"freedom, morality",Estoicismo
"For what avail the plough or sail, or land or life, if freedom fail?",Ralph Waldo Emerson,"freedom, inspirational, ralph-waldo-emerson",Transcendentalismo
"Outside, among your fellows, among strangers, you must perceive appearances, a hundred things you cannot do; but inside, the terrible freedom!",Ralph Waldo Emerson,freedom,Transcendentalismo
"There are two ways to go to the gas chamber, free and not free.",Jean-Paul Sartre,"death, existentialism, freedom, life",Existencialismo
"Freedom is alone the unoriginated birthright of man, and belongs to him by force of his humanity; and is independent of the will and co-action of every other…",Immanuel Kant,"freedom, human-rights, humanity, independence",Idealismo Transcendental
"Today as always, men fall into two groups: slaves and free men. Whoever does not have two-thirds of his day for himself, is a slave, whatever he may be: a statesman, a businessman, an official, or a scholar.",Friedrich Nietzsche,"humour, men, slavery, slaves",Niilismo / Existencialismo (precursor)
"Most men are not wicked... They are sleep-walkers, not evil evildoers.",Franz Kafka,"humour, philosophical, satire",Existencialismo (influência) / Absurdo
I don't want to be a genius-I have enough problems just trying to be a man.,Albert Camus,"genius, humanity, humour, man, problems",Existencialismo / Absurdismo
"There is nothing we can now call our own, for what we call so is the effect of art; crimes are made by decrees of the senate, or by the votes of the people; and as here-to-fore we are burdened by vices, so now we are oppressed by laws.",Blaise Pascal,"humour, inspirational, philosphical, political",Jansenismo / Existencialismo Cristão (precursor)
"philosophy is not suited for the masses, what they need is holiness.",Friedrich Nietzsche,"humour, philosophical",Niilismo / Existencialismo (precursor)
The price of apathy towards public affairs is to be ruled by evil men.,Plato,politics,Platonismo
He who is to be a good ruler must have first been ruled,Aristotle,politics,Peripatético / Aristotelismo
Don't let them tell us stories,Albert Camus,politics,Existencialismo / Absurdismo
Beauty is the virtue of the body as virtue is the beauty of the soul,Ralph Waldo Emerson,"beauty, body, history, politics, soul",Transcendentalismo
"Every time I hear a political speech or I read those of our leaders, I am horrified at having, for years, heard nothing which sounded human. It is always the same words telling the same lies.",Albert Camus,"current-events, nothing-ever-changes, politics, the-sad-truth",Existencialismo / Absurdismo
"They deem him their worst enemy who tells them the truth. -Plato, philosopher (427-347 BCE)",Plato,"and-everything, humanity, humor, life, politics, society, the-universe",Platonismo
A thinking man never be a party man.,Friedrich Nietzsche,politics,Niilismo / Existencialismo (precursor)
"The power of love, as the basis of a State, has never been tried.",Ralph Waldo Emerson,"government, love, politics, state",Transcendentalismo
"The enjoyment of power inevitably corrupts the judgement of reason, and perverts its liberty.",Immanuel Kant,"history, politics",Idealismo Transcendental
"But I was brought up on convent morals and paternal nationalism, I was getting bogged down in contradictions.",Simone de Beauvoir,"nationalism, politics, religion, upbringing",Existencialismo / Feminismo
"Once made equal to man, woman becomes his superior.",Socrates,"equality, superiority, women",Filosofia Socrática
Why one man rather than another? It was odd. You find yourself involved with a fellow for life just because he was the one that you met when you were nineteen.,Simone de Beauvoir,"courtship, women",Existencialismo / Feminismo
"A real man wants two things: danger and play. Therefore he wants woman as the most dangerous plaything. Man shall be educated for war, and woman for the recreation of the warrior: all else is folly.",Friedrich Nietzsche,"man, recreation, woman, women",Niilismo / Existencialismo (precursor)
"Among such persons are those women who transform themselves into just that function of a man that is but weakly developed in him, and then become his purse, or his politics, or his social intercourse. Such beings maintain themselves best when they insert themselves in an alien organism; if they do not succeed they become vexed, irritated, and eat themselves up.",Friedrich Nietzsche,"man, men, woman, women",Niilismo / Existencialismo (precursor)
Let him who would move the world first move himself.,Socrates,"change, self-determination, self-development",Filosofia Socrática
Act as if what you do makes a difference. It does.,William James,"actions, attributed, change",Pragmatismo
To change one’s life: 1. Start immediately. 2. Do it flamboyantly. 3. No exceptions.,William James,change,Pragmatismo
"All is flux, nothing stays still",Plato,change,Platonismo
"We do not have feelings which change us, but feelings that suggest to us the idea of change. Thus love does not purge us of selfishness, but makes us aware of it and gives us the idea of a distant country where this selfishness will disappear.",Albert Camus,"change, love, selfishness",Existencialismo / Absurdismo
"Everything has beauty, but not everyone sees it.",Confucius,"beauty, everything, seeing",Confucionismo
Youth is happy because it has the capacity to see beauty. Anyone who keeps the ability to see beauty never grows old.,Franz Kafka,"beauty, wonder, young-at-heart, youth, youthfulness",Existencialismo (influência) / Absurdo
"Be not the slave of your own past - plunge into the sublime seas, dive deep, and swim far, so you shall come back with new self-respect, with new power, and with an advanced experience that shall explain and overlook the old.",Ralph Waldo Emerson,"beauty, power",Transcendentalismo
"Many eyes go through the meadow, but few see the flowers in it",Ralph Waldo Emerson,"beauty, nature",Transcendentalismo
To lose confidence in one’s body is to lose confidence in oneself.,Simone de Beauvoir,"beauty, body-image, diet-industry, eating-disorders, self-esteem, weight",Existencialismo / Feminismo
Beauty without expression is boring.,Ralph Waldo Emerson,beauty,Transcendentalismo
"The slow arrow of beauty. The most noble kind of beauty is that which does not carry us away suddenly, whose attacks are not violent or intoxicating (this kind easily awakens disgust), but rather the kind of beauty which infiltrates slowly, which we carry along with us almost unnoticed, and meet up with again in dreams; finally, after it has for a long time lain modestly in our heart, it takes complete possession of us, filling our eyes with tears, our hearts with longing. What do we long for when we see beauty? To be beautiful. We think much happiness must be connected with it. But that is an error.",Friedrich Nietzsche,beauty,Niilismo / Existencialismo (precursor)
"If eyes were made for seeing, then beauty is its own excuse for being.",Ralph Waldo Emerson,beauty,Transcendentalismo
"Adversity draws men together and produces beauty and harmony in life's relationships, just as the cold of winter produces ice-flowers on the window-panes, which vanish with the warmth.",Søren Kierkegaard,"adversity, beauty, harmony",Existencialismo Cristão
"Though we travel the world over to find the beautiful, we must carry it with us or we find it not.",Ralph Waldo Emerson,"art, beauty",Transcendentalismo
"Things are pretty, graceful, rich, elegant, handsome, but, until they speak to the imagination, not yet beautiful.",Ralph Waldo Emerson,"beauty, imagination",Transcendentalismo
"Beauty will not come at the call of the legislature.... It will come, as always, unannounced, and spring up between the feet of brave and earnest men.",Ralph Waldo Emerson,beauty,Transcendentalismo
"We cannot approach beauty. Its nature is like opaline doves'-neck lustres, hovering and evanescent. Herein it resembles the most excellent things, which all have this rainbow character, defying all attempts at appropriation and use.",Ralph Waldo Emerson,beauty,Transcendentalismo
"Things are pretty, graceful, rich, elegant, handsome, but until they speak to the imagination, not yet beautiful. This is the reason why beauty is still escaping out of all analysis. It is not yet possessed, it cannot be handled. …It instantly deserts possession, and flies to an object in the horizon. If I could put my hand on the north star, would it be as beautiful? The sea is lovely, but when we bathe in it, the beauty forsakes all the near water. For the imagination and senses cannot be gratified at the same time.",Ralph Waldo Emerson,beauty,Transcendentalismo
"Beauty will not come at the call of a legislature, nor will it repeat in England or America its history in Greece. It will come, as always, unannounced, and spring up between the feet of brave and earnest men.",Ralph Waldo Emerson,"art, authenticity, beauty",Transcendentalismo
"There is one way, then, in which a man can be free from all anxiety about the fate of his soul - if in life he has abandoned bodily pleasures and adornments, as foreign to his purpose and likely to do more harm than good, and has devoted himself to the pleasures of acquiring knowledge, and so by decking his soul not with a borrowed beauty but with its own - with self-control, and goodness, and courage, and liberality, and truth - has fitted himself to await his journey in the next world.",Socrates,"beauty, death, goodness, socrates, soul",Filosofia Socrática
In Christianity neither morality nor religion come into contact with reality at any point.,Friedrich Nietzsche,christianity,Niilismo / Existencialismo (precursor)
"The word ""Christianity"" is already a misunderstanding; in reality there has been only one Christian, and he died on the cross.",Friedrich Nietzsche,"christian, christianity, cross",Niilismo / Existencialismo (precursor)
There have been two great narcotics in European civilisation: Christianity and alcohol.,Friedrich Nietzsche,"alcohol, booze, christianity, envy, european-history, funny, german, narcotics, philosophy",Niilismo / Existencialismo (precursor)
"Whoever fights monsters should see to it that in the process he does not become a monster. And if you gaze long enough into an abyss, the abyss will gaze back into you.",Friedrich Nietzsche,"corruption, dark-side, fighting, monsters, soul",Niilismo / Existencialismo (precursor)
"So the unwanting soulsees what's hidden,and the ever-wanting soulsees only what it wants.",Lao Tzu,"greed, soul",Taoismo
"What is happening to me happens to all fruits that grow ripe. It is the honey in my veins that makes my blood thicker, and my soul quieter.",Friedrich Nietzsche,"blood, fruit, honey, ripe, soul, veins",Niilismo / Existencialismo (precursor)
"The final hour when we cease to exist does not itself bring death; it merely of itself completes the death-process. We reach death at that moment, but we have been a long time on the way.",Seneca,"fortune, soul",Estoicismo
"The female is, as it were, a mutilated male, and the catamenia are semen, only not pure; for there is only one thing they have not in them, the principle of soul.",Aristotle,"female, male, mutilated, soul",Peripatético / Aristotelismo
"Holding as we do that, while knowledge of any kind is a thing to be honoured and prized, one kind of it may, either by reason of its greater exactness or of a higher dignity and greater wonderfulness in its objects, be more honourable and precious than another, on both accounts we should naturally be led to place in the front rank the study of the soul. The knowledge of the soul admittedly contributes greatly to the advance of truth in general, and, above all, to our understanding of Nature, for the soul is in some sense the principle of animal life. Our aim is to grasp and understand, first its essential nature, and secondly its properties; of these some are thought to be affections proper to the soul itself, while others are considered to attach to the animal owing to the presence of soul. To attain any knowledge about the soul is one of the most difficult things in the world. As the form of question which here presents itself, viz. the question 'What is it?', recurs in other fields, it might be supposed that there was some single method of inquiry applicable to all objects whose essential nature we are endeavouring to ascertain (as there *is* for incidental properties the single method of demonstration); in that case what we should have to seek for would be this unique method. But if there is no such single and general method for solving the question of essence, our task becomes still more difficult; in the case of each different subject we shall have to determine the appropriate process of investigation. If to this there be a clear answer, e.g. that the process is demonstration or division, or some other known method, many difficulties and hesitations still beset us—with what facts shall we begin the inquiry? For the facts which form the starting-points in different subjects must be different, as e.g. in the case of numbers and surfaces. First, no doubt, it is necessary to determine in which of the *summa genera* soul lies, what it *is*; is it 'a this-somewhat', a substance, or is a quale or a quantum, or some other of the remaining kinds of predicates which we have distinguished? Further, does soul belong to the class of potential existents, or is it not rather an actuality? Our answer to this question is of the greatest importance.""―from_On the Soul: Book I_",Aristotle,"aristotle, psyche, psychology, soul",Peripatético / Aristotelismo
"We must consider also whether soul is divisible or is without parts, and whether it is everywhere homogeneous or not; and if not homogeneous, whether its various forms are different specifically or generically; up to the present time those who have discussed and investigated soul seem to have confined themselves to the human soul. We must be careful not to ignore the question whether soul can be defined in a single account, as is the case with animal, or whether we must not give a separate account of each sort of it, as we do for horse, dog, man, god (in the latter case the universal, animal—and so too every other common predicate—is either nothing or posterior). Further, if what exists is not a plurality of souls, but a plurality of parts of one soul, which ought we to investigate first, the whole soul or its parts? It is also a difficult problem to decide which of these parts are in nature distinct from one another. Again, which ought we to investigate first, these parts or their functions, mind or thinking, the faculty or the act of sensation, and so on? If the investigation of the functions precedes that of the parts, the further question suggests itself: ought we not before either to consider the correlative objects, e.g. of sense or thought? It seems not only useful for the discovery of the causes of the incidental proprieties of substances to be acquainted with the essential nature of those substances (as in mathematics it is useful for the understanding of the property of the equality of the interior angles of a triangle to two right angles to know the essential nature of the straight and the curved or of the line and (the plane) but also conversely, for the knowledge of the essential nature of a substance is largely promoted by an acquaintance with its properties: for, when we are able to give an account conformable to experience of all or most of the properties of a substance, we shall be in the most favourable position to say something worth saying about the essential nature of that subject: in all demonstration a definition of the essence is required as a starting point, so that definitions which do not enable us to discover the incidental properties, or which fail to facilitate even a conjecture about them, must obviously, one and all, be dialectical and futile."" —from_On the Soul: Book I_",Aristotle,"aristotle, psyche, psychology, soul",Peripatético / Aristotelismo
"My soul’s a burden to me, I’ve had enough of it. I’m eager to be in that country, where the sun kills every question. I don’t belong here.",Albert Camus,"albert-camus, burden, camus, misunderstanding, soul, sun",Existencialismo / Absurdismo
"A man who preserves his integrity no real, long-lasting harm can ever come.",Socrates,"harm, honesty, integrity, soul",Filosofia Socrática
The objection to conforming to usages that have become dead to you is that it scatters your force. It loses your time and blurs the impression of your character.,Ralph Waldo Emerson,"character, conformity, independence, soul",Transcendentalismo
"All good and evil, whether in the body or in human nature, originates in the soul, and overflows from thence, as if from the head into the eyes.",Plato,"good-and-evil, soul",Platonismo
Our chief want is someone who will inspire us to be what we know we could be.,Ralph Waldo Emerson,"encouragement, leadership",Transcendentalismo
"I have three precious things which I hold fast and prize. The first is gentleness; the second is frugality; the third is humility, which keeps me from putting myself before others. Be gentle and you can be bold; be frugal and you can be liberal; avoid putting yourself before others and you can become a leader among men.",Lao Tzu,"frugality, humility, leadership",Taoismo
He who cannot be a good follower cannot be a good leader.,Aristotle,"followship, leadership",Peripatético / Aristotelismo
"The key to every man is his thought. Sturdy and defying though he look, he has a helm which he obeys, which is the idea after which all his facts are classified. He can only be reformed by showing him a new idea which commands his own.",Ralph Waldo Emerson,"attitude, leadership, thought",Transcendentalismo
"Go to the people. Live with them. Learn from them. Love them. Startwith what they know. Build with what they have. But with the bestleaders, when the work is done, the task accomplished, the people willsay 'We have done this ourselves.",Lao Tzu,leadership,Taoismo
The ruler attains wholeness in the correct governance of the people.,Lao Tzu,leadership,Taoismo
"To lead people, you must follow behind.",Lao Tzu,leadership,Taoismo
You must have chaos within you to give birth to a dancing star.,Friedrich Nietzsche,"art, chaos",Niilismo / Existencialismo (precursor)
We have art in order not to die of the truth.,Friedrich Nietzsche,art,Niilismo / Existencialismo (precursor)
"If you know the why, you can live any how.",Friedrich Nietzsche,"art, understanding",Niilismo / Existencialismo (precursor)
"For art to exist, for any sort of aesthetic activity or perception to exist, a certain physiological precondition is indispensable: intoxication.",Friedrich Nietzsche,"art, creativity, drinking",Niilismo / Existencialismo (precursor)
"Dream delivers us to dream, and there is no end to illusion. Life is like a train of moods like a string of beads, and, as we pass through them, they prove to be many-colored lenses which paint the world their own hue. . . . ",Ralph Waldo Emerson,"art, emotion, experience, illusion, perception",Transcendentalismo
"The aim of language...is to communicate...to impart to others the results one has obtained...As I talk, I reveal the situation...I reveal it to myself and to others in order to change it.",Jean-Paul Sartre,"art, criticism, language",Existencialismo
A guilty conscience needs to confess. A work of art is a confession.,Albert Camus,art,Existencialismo / Absurdismo
"Art is essentially the affirmation, the blessing, and the deification of existence.",Friedrich Nietzsche,"art, creativity",Niilismo / Existencialismo (precursor)
"In art, the hand can never execute anything higher than the heart can imagine",Ralph Waldo Emerson,"art, heart, imagine",Transcendentalismo
[N]othing is more easily corrupted than an artist.,Friedrich Nietzsche,"art, artist, asceticism, corruption",Niilismo / Existencialismo (precursor)
"Art as the single superior counter-force against all will to negation of life, art as the anti-Christian, anti-Buddhist, anti-Nihilist par excellence.",Friedrich Nietzsche,art,Niilismo / Existencialismo (precursor)
"I’ve done everything I wanted to do, writing books, learning about things, but I’ve been swindled all the same because it’s never anything more.",Simone de Beauvoir,"art, books, existentialism, learning, simone-de-beauvoir, writing",Existencialismo / Feminismo
"I think we ought to read only the kind of books that wound or stab us. If the book we're reading doesn't wake us up with a blow to the head, what are we reading for? So that it will make us happy, as you write? Good Lord, we would be happy precisely if we had no books, and the kind of books that make us happy are the kind we could write ourselves if we had to. But we need books that affect us like a disaster, that grieve us deeply, like the death of someone we loved more than ourselves, like being banished into forests far from everyone, like a suicide. A book must be the axe for the frozen sea within us. That is my belief.",Franz Kafka,reading,Existencialismo (influência) / Absurdo
"The worst readers are those who behave like plundering troops: they take away a few things they can use, dirty and confound the remainder, and revile the whole.",Friedrich Nietzsche,"nietzsche, readers, reading",Niilismo / Existencialismo (precursor)
One must be an inventor to read well. There is then creative reading as well as creative writing. ,Ralph Waldo Emerson,reading,Transcendentalismo
"When we read too fast or too slowly, we understand nothing.",Blaise Pascal,"reading, reading-books",Jansenismo / Existencialismo Cristão (precursor)
"Let us be silent, that we may hear the whisper of God.",Ralph Waldo Emerson,spiritual,Transcendentalismo
"Teach that God is, not was; that He speaketh, not spake.",Ralph Waldo Emerson,spiritual,Transcendentalismo
Let yourself be silently drawn by the stronger pull of what you really love.Don’t grieve. Anything you lose comes round in another form.The wound is the place where the Light enters you.,Rumi,"inspirational, spiritual",Sufismo
I would prefer an intelligent hell to a stupid paradise.,Blaise Pascal,"heaven, hell, intelligence, paradise, stupidity",Jansenismo / Existencialismo Cristão (precursor)
Study the past if you would define the future.,Confucius,"direction, future, history, learning, moving-forward, past, strategy",Confucionismo
"If the only significant history of human thought were to be written, it would have to be the history of its successive regrets and its impotences.",Albert Camus,"history, human-thought, impotence",Existencialismo / Absurdismo
"Think of tomorrow, the past can't be mended.",Confucius,"future, history, mistakes, past",Confucionismo
"All things are engaged in writing their history...Not a foot steps into the snow, or along the ground, but prints in characters more or less lasting, a map of its march. The ground is all memoranda and signatures; and every object covered over with hints. In nature, this self-registration is incessant, and the narrative is the print of the seal.",Ralph Waldo Emerson,"ground, history, nature, steps",Transcendentalismo
"I know one thing, that I know nothing.",Socrates,history,Filosofia Socrática
"Death smiles at us all, all a man can do is smile back.",Marcus Aurelius,"history, rome",Estoicismo
"In our wildest aberrations we dream of an equilibrium we have left behind and which we naively expect to find at the end of our errors. Childish presumption which justifies the fact that child-nations, inheriting our follies, are now directing our history.",Albert Camus,"equilibrium, history, presumption",Existencialismo / Absurdismo
People do not seem to realise that their opinion of the world is also a confession of their character.,Ralph Waldo Emerson,"character, humanity",Transcendentalismo
"He who despairs of the human condition is a coward, but he who has hope for it is a fool.",Albert Camus,humanity,Existencialismo / Absurdismo
"From the crooked timber of humanity, a straight board cannot be hewn.",Immanuel Kant,"humanity, moralism",Idealismo Transcendental
"Democracy is a way of life controlled by a working faith in the possibilities of human nature. Belief in the Common Man is a familiar article in the democratic creed. That belief is without basis and significance save as it means faith in the potentialities of human nature as that nature is exhibited in every human being irrespective of race, color, sex, birth and family, of material or cultural wealth. This faith may be enacted in statutes, but it is only on paper unless it is put in force in the attitudes which human beings display to one another in all the incidents and relations of daily life. To denounce Nazism for intolerance, cruelty and stimulation of hatred amounts to fostering insincerity if, in our personal relations to other persons, if, in our daily walk and conversation, we are moved by racial, color or other class prejudice; indeed, by anything save a generous belief in their possibilities as human beings, a belief which brings with it the need for providing conditions which will enable these capacities to reach fulfillment. The democratic faith in human equality is belief that every human being, independent of the quantity or range of his personal endowment, has the right to equal opportunity with every other person for development of whatever gifts he has.",John Dewey,"democracy, equality, fulfillment, human-nature, humanity, opportunity, possibilities, prejudice",Pragmatismo
Pleasure in the job puts perfection in the work.,Aristotle,work,Peripatético / Aristotelismo
It is quality rather than quantity that matters.,Seneca,"quality, work",Estoicismo
"Every industrious man, in every lawful calling, is a useful man. And one principal reason why men are so often useless is that they neglect their own profession or calling, and divide and shift their attention among a multiplicity of objects and pursuits.",Ralph Waldo Emerson,"career, vocation, work",Transcendentalismo
Work usually follows will.,William James,"creativity, will, work",Pragmatismo
Adopt the pace of nature: her secret is patience.,Ralph Waldo Emerson,"nature, outdoors",Transcendentalismo
"Nature is a language and every new fact one learns is a new word; but it is not a language taken to pieces and dead in the dictionary, but the language put together into a most significant and universal sense. I wish to learn this language--not that I may know a new grammar, but that I may read the great book which is written in that tongue.",Ralph Waldo Emerson,nature,Transcendentalismo
She shows us only surfaces but Nature is a million fathoms deep.,Ralph Waldo Emerson,"inspirational, nature",Transcendentalismo
Nature is a mutable cloud which is always and never the same,Ralph Waldo Emerson,nature,Transcendentalismo
"And granted that your imperative, ""living according to Nature,"" means actually the same as ""living according to life""--how could you do DIFFERENTLY? Why should you make a principle out of what you yourselves are, and must be?",Friedrich Nietzsche,"life, morality, nature",Niilismo / Existencialismo (precursor)
"To speak truly, few adult persons can see nature. Most persons do not see the sun. At least they have a very superficial seeing. The sun illuminates only the eye of the man, but shines into the eye and the heart of the child. The lover of nature is he whose inward and outward senses are still truly adjusted to each other; who has retained the spirit of infancy even into the era of manhood. His intercourse with heaven and earth, becomes part of his daily food. In the presence of nature, a wild delight runs through the man, in spite of real sorrows.",Ralph Waldo Emerson,"children, naturalism, nature, transcendentalism",Transcendentalismo
Language is fossil poetry,Ralph Waldo Emerson,"fossil, language, nature, poetry, words",Transcendentalismo
"Over the inter glaciers,I see the summer glow,And, through the wild-piled snowdrift,The warm rosebuds below.",Ralph Waldo Emerson,"nature, poetry",Transcendentalismo
A friend may well be reckoned the masterpiece of nature.,Ralph Waldo Emerson,"friendship, masterpiece, nature",Transcendentalismo
We are like travelers using the cinders of a volcano to roast their eggs.,Ralph Waldo Emerson,"eggs, humans, language, nature",Transcendentalismo
"Peace cannot be achieved through violence, it can only be attained through understanding.",Ralph Waldo Emerson,peace,Transcendentalismo
Peace is the only battle worth waging.,Albert Camus,peace,Existencialismo / Absurdismo
"If there is righteousness in the heart, there will be beauty in the character.If there is beauty in the character, there will be harmony in the home.If there is harmony in the home, there will be order in the nations.When there is order in the nations, there will peace in the world.",Confucius,"harmony, peace",Confucionismo
"The god of Victory is said to be one-handed, but Peace gives victory to both sides.",Ralph Waldo Emerson,peace,Transcendentalismo
How can a man become great if he does not feel in himself the force and the will to inflict great pain,Friedrich Nietzsche,"greatness, pain",Niilismo / Existencialismo (precursor)
If something is to stay in the memory it must be burned in: only that which never ceases hurting stays in the memory.,Friedrich Nietzsche,"heartbreak, memory, pain",Niilismo / Existencialismo (precursor)
"It is not fit that I should give myself pain, for I have never intentionally given pain even to another.",Marcus Aurelius,"marcus-aurelius, meditations, pain, philosophy",Estoicismo
…because it is natural to touch more often the parts that hurt.,Seneca,"life, life-lessons, pain",Estoicismo
"By all means marry; if you get a good wife, you’ll become happy; if you get a bad one, you’ll become a philosopher.",Socrates,marriage,Filosofia Socrática
And those who were seen dancing were thought to be insane by those who could not hear the music.,Friedrich Nietzsche,"dance, music",Niilismo / Existencialismo (precursor)
We should consider every day lost on which we have not danced at least once.,Friedrich Nietzsche,"dance, dancing, music",Niilismo / Existencialismo (precursor)
Music in the soul can be heard by the universe.,Lao Tzu,"attributed-no-source, music",Taoismo
No wealth can ever make a bad man at peace with himself,Plato,"contentment, music, wealth",Platonismo
"If one should desire to know whether a kingdom is well governed, if its morals are good or bad, the quality of its music will furnish the answer.",Confucius,"kingdom, morals, music",Confucionismo
"I would teach children music, physics, and philosophy; but most importantly music, for the patterns in music and all the arts are the keys to learning",Plato,"learning, music",Platonismo
Music heals all forms of misery,Friedrich Nietzsche,"christian, inspirational, misery, music, singing, worship",Niilismo / Existencialismo (precursor)
Money often costs too much,Ralph Waldo Emerson,"cost, money",Transcendentalismo
"Those who know the true use of money, and regulate the measure of wealth according to their needs, live contented with few things.",Baruch Spinoza,"money, wealth",Racionalismo
Having money is a way of being free of money,Albert Camus,money,Existencialismo / Absurdismo
"Make money, money by fair means if you can, if not, but any means money. ",Horace,"life, money",Epicurismo (influência)
The gentleman understands what is moral. The small man understands what is profitable.,Confucius,"money, moral, philosophy",Confucionismo
"Love is of all the passions the strongest, for it attacks simultaneously the head, the heart, and the senses.",Lao Tzu,"heart, love, passion",Taoismo
Words are the voice of the heart.,Confucius,"communication, heart, voice",Confucionismo
"my heart no longer beats but is a tugging muscle,",Franz Kafka,"heart, heartache",Existencialismo (influência) / Absurdo
"The more man meditates upon good thoughts, the better will be his world and the world at large.",Confucius,motivational-quotes,Confucionismo
"Knowlege of God without knowledge of man's wretchedness leads to pride. Knowledge of man's wretchedness without knowledge of God leads to despair. Knowledge of Jesus Christ is the middle course, because by it we discover both God and our wretched state.",Blaise Pascal,"christian, despair, jesus-christ, man",Jansenismo / Existencialismo Cristão (precursor)
"It costs a man just as much or even more to go to hell than to come to heaven. Narrow, exceedingly narrow is the way to perdition!",Søren Kierkegaard,"christ, christian, costs, heaven, hell, man, narrow",Existencialismo Cristão
"Family love is messy, clinging, and of an annoying and repetitive pattern, like bad wallpaper.",Friedrich Nietzsche,"family, love",Niilismo / Existencialismo (precursor)
What knows he of love who has not been obliged to despise just what he loved,Friedrich Nietzsche,"family, life, love",Niilismo / Existencialismo (precursor)
Our intellect holds the same position in the world of thought as our body occupies in the expanse of nature.,Blaise Pascal,"intellect, mind, thought",Jansenismo / Existencialismo Cristão (precursor)
The human will to believe is inexhaustible,Thomas Nagel,"believe, faith, mind, will",Filosofia Analítica
Nothing has such power to broaden the mind as the ability to investigate systematically and truly all that comes under thy observation in life.,Marcus Aurelius,"ability, broaden-the-mind, investigate, life, mind, observation, power, systematically, truly",Estoicismo
Nothing is at last sacred but the integrity of our own mind.,Ralph Waldo Emerson,"integrity, mind",Transcendentalismo
"The great cognitive shift is an expansion of consciousness from the perspectival form contained in the lives of particular creatures to an objective, world-encompassing form that exists both individually and intersubjectively. It was originally a biological evolutionary process, and in our species it has become a collective cultural process as well. Each of our lives is a part of the lengthy process of the universe gradually waking up and becoming aware of itself.",Thomas Nagel,"cosmos, evolution, mind, teleology, universe",Filosofia Analítica
Tis the mark of an educated mind to be able to entertain a thought without accepting it.,Aristotle,"common-sense, mind, thought",Peripatético / Aristotelismo
"Finally, everybody agrees that no one pursuit can be successfully followed by a man who is preoccupied with many things—eloquence cannot, nor the liberal studies—since the mind, when distracted, takes in nothing very deeply, but rejects everything that is, as it were, crammed into it. There is nothing the busy man is less busied with than living: there is nothing that is harder to learn.",Seneca,"busy, busyness, life, living, mind, preoccupation",Estoicismo
"After experience had taught me that all the usual surroundings of social life are vain and futile; seeing that none of the objects of my fears contained in themselves anything either good or bad, except in so far as the mind is affected by them, I finally resolved to inquire whether there might be some real good having power to communicate itself, which would affect the mind singly, to the exclusion of all else: whether, in fact, there might be anything of which the discovery and attainment would enable me to enjoy continuous, supreme, and unending happiness.",Baruch Spinoza,"happiness, mind, understanding",Racionalismo
The measure of a man is what he does with power.,Plato,"character, power",Platonismo
Do the thing and you will have the power.,Ralph Waldo Emerson,"action, do-it, power, you-can-do-it",Transcendentalismo
"Don't trust children with edge tools. Don't trust man, great God, with more power than he has until he has learned to use that little better. What a hell we should make of the world if we could do what we would!",Ralph Waldo Emerson,"children-good-advice, power, tools",Transcendentalismo
"Power ceases in the instant of repose; it resides in the moment of transition from a past to a new state, in the shooting of the gulf, in the darting to an aim.",Ralph Waldo Emerson,power,Transcendentalismo
"The crowd, in fact, is composed of individuals; it must therefore be in every man's power to become what he is, an individual. From becoming an individual no one, no one at all, is excluded, except he who excludes himself by becoming a crowd. To become a crowd, to collect a crowd about one, is on the contrary to affirm the distinctions of human life. The most well-meaning person who talks about these distinctions can easily offend an individual. But then it is not the crowd which possesses power, influence, repute, and mastery over men, but it is the invidious distinctions of human life which despotically ignore the single individual as the weak and impotent, which in a temporal and worldly interest ignore the eternal truth- the single individual.",Søren Kierkegaard,"conviction, crowd, individual, individualism, power, self-identity, truth",Existencialismo Cristão
"The evil that is in the world always comes of ignorance, and good intentions may do as much harm as malevolence, if they lack understanding. On the whole, men are more good than bad; that, however, isn’t the real point. But they are more or less ignorant, and it is this that we call vice or virtue; the most incorrigible vice being that of an ignorance that fancies it knows everything and therefore claims for itself the right to kill. The soul of the murderer is blind; and there can be no true goodness nor true love without the utmost clear-sightedness.",Albert Camus,"ignorance, world",Existencialismo / Absurdismo
"In order to exist just once in the world, it is necessary never again to exist.",Albert Camus,"existence, existentialism, world",Existencialismo / Absurdismo
"Being on the fringes of the world is not the best place for someone who intends to re-create it: here again, to go beyond the given, one must be deeply rooted in it. Personal accomplishments are almost impossible in human categories collectively kept in an inferior situation.",Simone de Beauvoir,"accomplishments, change, inferiority, oppression, recreate, world",Existencialismo / Feminismo
"Blessed are the hearts that can bend; they shall never be broken.”But I wonder if there’s no breaking then there’s no healing, and if there’s no healing then there’s no learning. And if there’s no learning then there’s no struggle. But the struggle is a part of life. So must all hearts be broken?",Albert Camus,"onetreehill, quote",Existencialismo / Absurdismo
"Ralph Waldo Emerson“Do not go where the path may lead, go instead where there is no path and leave a trail.”― Ralph Waldo Emerson",Ralph Waldo Emerson,"poem, quote, ralph-waldo-emerson, trail",Transcendentalismo
Whatever course you decide upon there is always someone to tell you that you are wrong. There are always difficulties arising which tempt you to believe that your critics are right. To map out a course of action and follow it to an end requires....courage.,Ralph Waldo Emerson,courage,Transcendentalismo
The best lightning rod for your protection is your own spine.,Ralph Waldo Emerson,"confidence, courage, courage-to-be-oneself, independent-thought, lightning, lightning-rod, pride, protection, self-belief, self-determination, self-esteem, self-protection, self-reliance-independence",Transcendentalismo
Courage is the first of human qualities because it is the quality which guarantees the others.,Aristotle,courage,Peripatético / Aristotelismo
Giving style” to one’s character - a great and rare art! It is exercised by those who see all the strengths and weaknesses of their own natures and then comprehend them in an artistic plan until everything appears as art and reason and even weakness delights the eye.,Friedrich Nietzsche,"confomity, courage, individuality, nonconformity, self-freedom, truth-to-self",Niilismo / Existencialismo (precursor)
We ought to face our destiny with courage.,Friedrich Nietzsche,"courage, destiny",Niilismo / Existencialismo (precursor)
"Valor consists in the power of self-recovery, so that a man cannot have his flank turned, cannot be out-generalled, but put him where you will, he stands. This can only be by his preferring truth to his past apprehension of truth; and his alert acceptance of it, from whatever quarter; the intrepid conviction that his laws, his relations to society, his Christianity, his world may at any time be superseded and decease.",Ralph Waldo Emerson,"circles, courage, fortitude, strength, valor",Transcendentalismo
"A man is a hero, not because he is braver than anyone else, but because he is brave for ten minutes longer.",Ralph Waldo Emerson,"courage, spiritual-warfare, thought-life",Transcendentalismo
"The ideal man bears the accidents of life with dignity and grace, making the best of circumstances.""— Aristotle",Aristotle,"courage, dignity, fight, no-fear, truth",Peripatético / Aristotelismo
You will never do anything in this world without courage. It is the greatest quality of the mind next to honor. –Aristotle,Aristotle,courage,Peripatético / Aristotelismo
There are crimes of passion and crimes of logic. The boundary between them is not clearly defined.,Albert Camus,"crime, logic, passion",Existencialismo / Absurdismo
To rank the effort above the prize may be called love.,Confucius,"effort, life, love, passion",Confucionismo
The deepest and most sublime hatred is a hatred which creates ideals and transforms values—something whose like has never been seen on earth,Friedrich Nietzsche,passion,Niilismo / Existencialismo (precursor)
"To predict the behavior of ordinary people in advance, you only have to assume that they will always try to escape a disagreeable situation with the smallest possible expenditure of intelligence.",Friedrich Nietzsche,reality,Niilismo / Existencialismo (precursor)
Do you imagine the universe is agitated? Go into the desert at night and look at the stars. This practice should answer the question.,Lao Tzu,"emotions, feelings, reality",Taoismo
"Each of us literally chooses, by his way of attending to things, what sort of universe he shall appear to himself to inhabit.",William James,reality,Pragmatismo
"The light of memory, or rather the light that memory lends to things, is the palest light of all. I am not quite sure whether I am dreaming or remembering, whether I have lived my life or dreamed it. Just as dreams do, memory makes me profoundly aware of the unreality, the evanescence of the world, a fleeting image in the moving water.",Eugène Ionesco,"memory, reality",Teatro do Absurdo
There is nothing more real than what cannot be seen and there is nothing more certain than what cannot be heard.,Confucius,"intellect, perception, percieve, reality",Confucionismo
"How good it is when you have roast meat or suchlike foods before you, to impress on your mind that this is the dead body of a fish, this is the dead body of a bird or pig; and again, that the Falernian wine is the mere juice of grapes, and your purple edged robe simply the hair of a sheep soaked in shell-fish blood!And in sexual intercourse that it is no more than the friction of a membrane and a spurt of mucus ejected. How good these perceptions are at getting to the heart of the real thing and penetrating through it, so you can see it for what it is!This should be your practice throughout all your life: when things have such a plausible appearance, show them naked, see their shoddiness, strip away their own boastful account of themselves.Vanity is the greatest seducer of reason: when you are most convinced that your work is important, that is when you are most under its spell.",Marcus Aurelius,"meat, reality, vanity",Estoicismo
We possess art lest we perish of the truth.,Friedrich Nietzsche,"arbitrariness, art, life, meaning, reality, vapidity",Niilismo / Existencialismo (precursor)
"There is no doubt that healthy-mindedness is inadequate as a philosophical doctrine, because the evil facts which it positively refuses to account for are a genuine portion of reality; and they may after all be the best key to life's significance, and possibly the only openers of our eyes to the deepest levels of truth.",William James,"evil, facticity, morbidity, natural-consciousness, philosophic-consciousness, reality, revelation, significance, truth",Pragmatismo
"I simply took refuge among women. As you know, they don't really condemn any weakness; they would be more inclined to try to humiliate or disarm our strength. This is why woman is the reward, not of the warrior, but of the criminal. She is his harbor, his haven; it is in a woman's bed that he is generally arrested. Is she not all that remains to us of earthly paradise?",Albert Camus,"camus, relationships, sex, women",Existencialismo / Absurdismo
Scatter joy!,Ralph Waldo Emerson,joy,Transcendentalismo
"There is no beautifier of complexion, or form, or behavior, like the wish to scatter joy and not pain around us.",Ralph Waldo Emerson,joy,Transcendentalismo
No man should bring children into the world who is unwilling to persevere to the end in their nature and education.,Plato,"children, kids, parent, parenting",Platonismo
"A child is a curly, dimpled lunatic.",Ralph Waldo Emerson,children,Transcendentalismo
"It’s the well-behaved children that make the most formidable revolutionaries. They don’t say a word, they don’t hide under the table, they eat only one piece of chocolate at a time. But later on, they make society pay dearly.",Jean-Paul Sartre,"children, society",Existencialismo
Perhaps we cannot prevent this world from being a world in which children are tortured. But we can reduce the number of tortured children.,Albert Camus,"child-slavery, children",Existencialismo / Absurdismo
"I cannot marry the facts of William Shakespeare to his verse: Other men had led lives in some sort of keeping with their thought, but this man is in wide contrast.",Ralph Waldo Emerson,"anonymous, author, bruce-hutchison, burghley, cecil-burghley, child, children, de-vere, edward-de-vere, fake, fraud, handwriting, love-s-labor-lost, mark-anderson, queen-elizabeth-i, secret-child, shakespeare, shakespeare-s-signature, shakespeare-signature, who-was-shakespeare, who-wrote-shakespeare",Transcendentalismo
"She was waiting, but she didn't know for what. She was aware only of her solitude, and of the penetrating cold, and of a greater weight in the region of her heart.",Albert Camus,"fiction, loneliness, solitude, the-adulterous-woman, thoughts",Existencialismo / Absurdismo
"Now she has power and passion and the struggle has significance for me-let the momentary consequences be what they may. Suppose that in her pride she becomes giddy, suppose that she does break with me-all right! -she has her freedom, but she will still belong to me. That the engagement should bind her is silly-I want to possess her only in her freedom",Søren Kierkegaard,"engagement, fiction, johannes, love, philosophy, seducer-s-diary",Existencialismo Cristão
"So now begins the first war with Cordelia' in which I retreat and thereby teach her to be victorious as she pursues me. I continually fall back, and in this backward movement I teach her to know through me all the powers of erotic love, its turbulent thoughts' its passion, what longing is, and hope, and impatient expectancy. As I perform this set of steps before her' all this will correspondingly in her' It is a triumphant procession in which I am leading her, and I myself am just as much the one who dithyrambically sings praises to her victory as I am the one who shows the way. She will gain courage to believe in erotic love, to believe it is an etemal force, when she sees its dominion over me, sees my movements. She will believe me, partly because I rely on my artistry, and partly because at the bottom of what I am doing there is truth. If that were not the case, she would not believe me. With my every move, she becomes stronger and stronger; love is awakening in her soul; she is being enthroned in her meaning as a woman",Søren Kierkegaard,"fiction, love, seducer-s-diary, seduction, womanliness",Existencialismo Cristão
"I am too intelligent, too demanding, and too resourceful for anyone to be able to take charge of me entirely. No one knows me or loves me completely. I have only myself",Simone de Beauvoir,feminism,Existencialismo / Feminismo
"The point is not for women simply to take power out of men’s hands, since that wouldn’t change anything about the world. It’s a question precisely of destroying that notion of power.",Simone de Beauvoir,feminism,Existencialismo / Feminismo
"Girls are weighed down by restrictions, boys with demands - two equally harmful disciplines.",Simone de Beauvoir,"feminism, gender-equality, simeone-de-beauvoir, the-mandarins",Existencialismo / Feminismo
"In individuals, insanity is rare; but in groups, parties, nations and epochs, it is the rule.",Friedrich Nietzsche,"insanity, society",Niilismo / Existencialismo (precursor)
Poverty is the parent of revolution and crime.,Aristotle,"crime, poverty, revolution, society",Peripatético / Aristotelismo
The limited circle is pure.,Franz Kafka,"friends, introverts, society",Existencialismo (influência) / Absurdo
"The reason why the world lacks unity, and lies broken and in heaps, is, because man is disunited with himself.",Ralph Waldo Emerson,society,Transcendentalismo
The only stable state is the one in which all men are equal before the law.,Aristotle,"equal-rights, equality, governement, law, political-philosophy, rights, society",Peripatético / Aristotelismo
Tolerance and apathy are the last virtues of a dying society.,Aristotle,"apathy, society, tolerance",Peripatético / Aristotelismo
"he doesn't play the game ... He refuses to lie. Lying is not only saying what isn't true. It is also, in fact especially, saying more than is true and, in the case of the human heart, saying more than one feels. We all do it, every day, to make life simpler. But Meursault, contrary to appearances, doesn't want to make life simpler. He says what he is, he refuses to hide his feelings and society immediately feels threatened.",Albert Camus,society,Existencialismo / Absurdismo
"Good people do not need laws to tell them to act responsibly, while bad people will find a way around the laws.",Plato,"laws, society",Platonismo
"The formation of society serves not only for defensive purposes, but is also very useful, and, indeed, absolutely necessary, as rendering possible the division of labor. If men did not render mutual assistance to each other, no one would have either the skill or the time to provide for his own sustenance and preservation: for all men are not equally apt for all work, and no one would be capable of preparing all that he individually stood in need of. Strength and time, I repeat, would fail, if every one had in person to plow, to sow, to reap, to grind corn, to cook, to weave, to stitch and perform the other numerous functions required to keep life going; to say nothing of the arts and sciences which are also entirely necessary to the perfection and blessedness of human nature.",Baruch Spinoza,society,Racionalismo
"As a remedy to life in society I would suggest the big city. Nowadays, it is the only desert within our means.",Albert Camus,"city, desert, loneliness, society",Existencialismo / Absurdismo
We like to be out in nature so much because it has no opinion on us.,Friedrich Nietzsche,"nature, opinion, personality, society",Niilismo / Existencialismo (precursor)
"Shoulder to shoulder, a coordinated movement of the people, their blood no longer confined in the limited circulation of the body but rolling sweetly and yet still returning through the infinite extent of China.",Franz Kafka,"franz-kafka, humanity, society, the-great-wall-of-china, unity",Existencialismo (influência) / Absurdo
The touchstone of everything that can be concluded as a law for a people lies in the question whether the people could have imposed such a law on itself.,Immanuel Kant,"laws, rules, society",Idealismo Transcendental
"Political society exists for the sake of noble actions, and not of mere companionship.",Aristotle,"aristotle, political, politics, society",Peripatético / Aristotelismo
Society is always taken by surprise at any new example of common sense.,Ralph Waldo Emerson,"common-sense, example, society, surprise",Transcendentalismo
"The desire to annoy no one, to harm no one, can equally well be the sign of a just as of an anxious disposition.",Friedrich Nietzsche,psychology,Niilismo / Existencialismo (precursor)
"Selection is the very keel on which our mental ship is built. And in this case of memory its utility is obvious. If we remembered everything, we should on most occasions be as ill off as if we remembered nothing.",William James,psychology,Pragmatismo
Psychology is the science of mental life,William James,"inspirational, life-and-living, psychology",Pragmatismo
Half of life is lost in charming others.The other half is lost in going through anxieties caused by others.Leave this play. You have played enough.,Rumi,"anxiety, psychology, social-commentary",Sufismo
"The greatest mistake in the treatment of diseases is that there are physicians for the body and physicians for the soul, although the two cannot be separated.",Plato,"medicine, psychology, treatment",Platonismo
"In certain diseased conditions consciousness is a mere spark, without memory of the past or thought of the future, and with the present narrowed down to some one simple emotion or sensation of the body.",William James,"consciousness, psychology, religion",Pragmatismo
"To leave is to suffer,to survive is to find some meaning in the suffering.",Friedrich Nietzsche,"nietzsche, philosophy-of-life, psychology",Niilismo / Existencialismo (precursor)
Other men are unaware of what they do when they are awake just as they are forgetful of what they do when they are asleep.,Heraclitus,psychology,Pré-socrático
We know the meaning so long as no one asks us to define it.,William James,"definition, meaning, psychology, william-james",Pragmatismo
That which does not kill us makes us stronger.,Friedrich Nietzsche,"paraphrased, strength",Niilismo / Existencialismo (precursor)
"In the depth of winter, I finally learned that within me there lay an invincible summer.",Albert Camus,"seasons, strength, trial, triumph",Existencialismo / Absurdismo
We acquire the strength we have overcome.,Ralph Waldo Emerson,strength,Transcendentalismo
"Beyond the very extremity of fatigue distress, amounts of ease and power that we never dreamed ourselves to own, sources of strength habitually not taxed at all, because habitually we never push through the obstruction",William James,strength,Pragmatismo
Why should we think upon things that are lovely Because thinking determines life. It is a common habit to blame life upon the environment. Environment modifies life but does not govern life. The soul is stronger than its surroundings.,William James,"attitude, strength",Pragmatismo
Freedom is what you do with what's been done to you.,Jean-Paul Sartre,"attitude, empowerment, inspirational, life, self-determination, strength",Existencialismo
A new position of responsibility will usually show a man to be a far stronger creature than was supposed.,William James,"responsibility, strength",Pragmatismo
The greatest wealth is to live content with little.,Plato,"contentment, living, simple",Platonismo
He who postpones the hour of living rightly is like the rustic who waits for the river to run out before he crosses.,Horace,"life, living",Epicurismo (influência)
"Instead of killing and dying in order to produce the being that we are not, we have to live and let live in order to create what we are.",Albert Camus,"creation, death, dying, killing, life, living, murder, self-determination",Existencialismo / Absurdismo
"It takes the whole of life to learn how to live, and--what will perhaps make you wonder more--it takes the whole of life to learn how to die.",Seneca,"death, dying, learning, life, living, time",Estoicismo
"My life should be unique; it should be an alms, a battle, a conquest, a medicine.",Ralph Waldo Emerson,"alms, battle, conquest, honest, life, living, medicine, unique",Transcendentalismo
The never-ending task of self improvement.,Ralph Waldo Emerson,self-improvement,Transcendentalismo
"Not that I would not, if I could, be both handsome ...and well-dressed, and a great athlete, and make a million a year, be a wit, a bon-vivant, and a lady-killer, as well as a philosopher; a philanthropist, statesman, warrior, and African explorer, as well as a ‘tone poet’ and saint. But the thing is simply impossible…Such different characters may conceivably at the outset of life be alike possible to a man. But to make any one of them actual, the rest must more or less be suppressed. So the seeker of his truest, strongest, deepest self must review the list carefully, and pick out the one on which to stake his salvation. All other selves thereupon become unreal…",William James,"aims, goal-setting, health, perfectionism, self-improvement",Pragmatismo
The only person you are destined to become is the person you decide to be.,Ralph Waldo Emerson,"destiny, self-determination",Transcendentalismo
"The willing, Destiny guides them. The unwilling, Destiny drags them.",Seneca,"destiny, unwilling, willing",Estoicismo
"Watch your thoughts, they become your words; watch your words, they become your actions; watch your actions, they become your habits; watch your habits, they become your character; watch your character, it becomes your destiny.",Lao Tzu,"actions, character, destiny, habits, thoughts, words",Taoismo
Resign your destiny to higher powers.,William James,"destiny, higher-power",Pragmatismo
Culture: the cry of men in face of their destiny.,Albert Camus,"culture, destiny",Existencialismo / Absurdismo
"If Christianity is pessimistic as to man, it is optimistic as to human destiny. Well, I can say that, pessimistic as to human destiny, I am optimistic as to man.",Albert Camus,"christianity, destiny, humanism, man, mankind, optimism, pessimism, religion",Existencialismo / Absurdismo
"Everything that happens, happens as it should, and if you observe carefully, you will find this to be so.",Marcus Aurelius,destiny,Estoicismo
The efforts which we make to escape from our destiny only serve to lead us into it,Ralph Waldo Emerson,destiny,Transcendentalismo
"The unlike is joined together, and from differences results the most beautiful harmony.",Heraclitus,"creativity, process",Pré-socrático
Bare lists of words are found suggestive to an imaginative and excited mind.,Ralph Waldo Emerson,"artists, authors, creativity, imagination",Transcendentalismo
"Give me matter, and I will construct a world out of it!",Immanuel Kant,"creation, creativity, matter",Idealismo Transcendental
"For one thing is needful: that a human being should attain satisfaction with himself, whether it be by means of this or that poetry or art; only then is a human being at all tolerable to behold. Whoever is dissatisfied with himself is constantly ready for revenge, and we others will be his victims, if only by having to endure his ugly sight.",Friedrich Nietzsche,"calling, creativity, nietzsche, vocation",Niilismo / Existencialismo (precursor)
People are like dice. We throw ourselves in the direction of our own choosing.,Jean-Paul Sartre,"existentialism, future",Existencialismo
"If we examine our thoughts, we shall find them always occupied with the past and the future.",Blaise Pascal,"future, past, thoughts",Jansenismo / Existencialismo Cristão (precursor)
You can only predict things after they have happened.,Eugène Ionesco,"future, past, predictions",Teatro do Absurdo
She believed in nothing. Only her scepticism kept her from being an atheist.,Jean-Paul Sartre,"atheism, belief, scepticism, skepticism",Existencialismo
It is so hard to believe because it is so hard to obey.,Søren Kierkegaard,belief,Existencialismo Cristão
"Every mental act is composed of doubt and belief,but it is belief that is the positive, it is beliefthat sustains thought and holds the world together.",Søren Kierkegaard,"belief, doubt",Existencialismo Cristão
"If, after all, men cannot always make history have a meaning, they can always act so that their own lives have one.",Albert Camus,"belief, meaning",Existencialismo / Absurdismo
Hypocrisy has its place in the ages of strong belief: in which even when one is compelled to exhibit a different belief one does not abandon the belief on already has.,Friedrich Nietzsche,"belief, hypocrisy, intellectual-conscience, self-tolerence",Niilismo / Existencialismo (precursor)
"I feel the gods are pretty dead, though I suppose I ought to know that however, to be somewhat more philosophical in the matter, if atheism means simply not being a theist, then of course I'm an atheist.[Letter to Max Otto]",John Dewey,"atheism, atheist, belief, etymology, humanism, philosophy",Pragmatismo
"To believe is to know you believe, and to know you believe is not to believe.",Jean-Paul Sartre,belief,Existencialismo
"If [literature] should turn into pure propaganda or pure entertainment, society will slip back into the sty of the immediate -- which is to say, the memoryless existence of hymenoptera and gastropods. None of this is so important, to be sure. The world can get by nicely without literature. But without human beings it can get by better yet.",Jean-Paul Sartre,literature,Existencialismo
"Line in nature is not found;Unit and universe are round;In vain produced, all rays return;Evil will bless, and ice will burn.",Ralph Waldo Emerson,"emerson, literature, poem, uriel, waldo-emerson",Transcendentalismo
"Estragon: You see, you feel worse when I'm with you. I feel better alone, too.Vladmir: Then why do you always come crawling back?Estragon: I don't know.",Samuel Beckett,"drama, literature, play",Teatro do Absurdo
"Don't you think our society is designed to kill in that way? Of course, you've surely heard about those tiny fish in the rivers of Brazil which attack the swimmer by the thousands, eat him up in a few moments in quick little mouthfuls and leave only a perfectly clean skeleton behind? So, that's the way they're constituted. 'Do you want a clean life, like everyone else?' Of course the answer is yes. How could you not? 'Fine. We'll clean you up. Here's a job, here's a family, here's some organized leisure.' And the little teeth bite into the flesh, right down to the bone. But i'm being unfair. I shouldn't have said, 'the way they're constituted', because after all, it's our way, too: it's a case of who strips whom.",Albert Camus,"absurdism, african, african-authors, algerian, existentialism, literature",Existencialismo / Absurdismo
"Without knowing the force of words, it is impossible to know more.",Confucius,"force, power-of-words, words",Confucionismo
"All I know is what the words know, and dead things, and that makes a handsome little sum, with a beginning and a middle and an end, as in the well-built phrase and the long sonata of the dead.",Samuel Beckett,"beckett, dead, irish, samuel, words, writer",Teatro do Absurdo
"Writing cannot express all words, words cannot encompass all ideas.",Confucius,"language, words",Confucionismo
"If you don’t stand sincere by your wordshow sincere can the people be?Take great care over words, treasure them.1.17",Lao Tzu,"sincerity, words",Taoismo
"There are words and accents by which this grief can be assuaged, and the disease in a great measure removed.",Horace,"consolation, grief, sadness, words",Epicurismo (influência)
"The Master doesn't try to be powerful;thus he is truly powerful.The ordinary man keeps reaching for power;thus he never has enough.The Master does nothing,yet he leaves nothing undone.The ordinary man is always ding things,yet many more are left to be done.[…]Therefore the Master concerns himselfWith the depths and not the surface,With the fruit and not the flower.[…]Teaching without words,Performing without actions:That is the Master’s way.[…]The Master arrives without leaving,Sees the light without looking,Achieves without doing a thing.[…]The Master is above the people,And no one feels oppressed.She goes ahead of the people,And no feels manipulated.The whole world is grateful to her.Because she completes with no one,No one can complete with her.",Lao Tzu,"above, actions, ahead, arrive, complete, depths, do, enough, flower, fruit, leave, manipulate, master, oppressed, power, powerful, reach, surface, truly, words",Taoismo
"Now, my dear little girl, you have come to an age when the inward life develops and when some people (and on the whole those who have most of a destiny) find that all is not a bed of roses. Among other things there will be waves of terrible sadness, which last sometimes for days; irritation, insensibility, etc., etc., which taken together form a melancholy. Now, painful as it is, this is sent to us for an enlightenment. It always passes off, and we learn about life from it, and we ought to learn a great many good things if we react on it right. (For instance, you learn how good a thing your home is, and your country, and your brothers, and you may learn to be more considerate of other people, who, you now learn, may have their inner weaknesses and sufferings, too.) Many persons take a kind of sickly delight in hugging it; and some sentimental ones may even be proud of it, as showing a fine sorrowful kind of sensibility. Such persons make a regular habit of the luxury of woe. That is the worst possible reaction on it. It is usually a sort of disease, when we get it strong, arising from the organism having generated some poison in the blood; and we mustn't submit to it an hour longer than we can help, but jump at every chance to attend to anything cheerful or comic or take part in anything active that will divert us from our mean, pining inward state of feeling. When it passes off, as I said, we know more than we did before. And we must try to make it last as short as time as possible. The worst of it often is that, while we are in it, we don't want to get out of it. We hate it, and yet we prefer staying in it—that is a part of the disease. If we find ourselves like that, we must make something ourselves to some hard work, make ourselves sweat, etc.; and that is the good way of reacting that makes of us a valuable character. The disease makes you think of yourself all the time; and the way out of it is to keep as busy as we can thinking of things and of other people—no matter what's the matter with our self.",William James,"depression, habits",Pragmatismo
The wise man in the storm prays God not for safety from danger but for deliverance from fear.,Ralph Waldo Emerson,prayer,Transcendentalismo
God instituted prayer to communicate to creatures the dignity of causality.,Blaise Pascal,prayer,Jansenismo / Existencialismo Cristão (precursor)
"Just as in earthly life lovers long for the moment when they are able to breath forth their love for each other, to let their souls blend in a soft whisper, so the mystic longs for the moment when in prayer he can, as it were, creep into God",Søren Kierkegaard,"mysticism, prayer",Existencialismo Cristão
Happiness is activity of soul.,Aristotle,"discipleship, meditation, prayer, thinking",Peripatético / Aristotelismo
...throw roses into the abyss and say: 'here is my thanks to the monster who didn't succeed in swallowing me alive.,Friedrich Nietzsche,life-and-living,Niilismo / Existencialismo (precursor)
"To laugh often and much;to win the respect of intelligent peopleand the affection of children,to leave the world a better place,to know even one life has breathed easierbecause you have lived,this is to have succeeded.",Ralph Waldo Emerson,life-and-living,Transcendentalismo
"Understand both yourself and your enemy, and you shall always emerge victorious",Sun Tzu,life-and-living,Filosofia Militar Chinesa
"To laugh often and much; to win the respect of intelligent people and the affection of children; to earn the appreciation of honest critics and endure the betrayal of false friends; to appreciate beauty, to find the best in others; to leave the world a little better; whether be a healthy child, a garden patch or a redeemed social condition; to know even one life has breathed easier because you have lived. This is the meaning of success.",Ralph Waldo Emerson,"life-and-living, success",Transcendentalismo
"At fifteen I set my heart upon learning. At thirty, I had planted my feet firm upon the ground. At forty, I no longer suffered from perplexities. At fifty, I knew what were the biddings of Heaven. At sixty, I heard them with docile ear. At seventy, I could follow the dictates of my own heart; for what I desired no longer overstepped the boundaries of right.",Confucius,"age, learning, youth",Confucionismo
"In all the works on pedagogy that ever I read — and they have been many, big, and heavy — I don't remember that any one has advocated a system of teaching by practical jokes, mostly cruel. That, however, describes the method of our great teacher, Experience.",Charles Sanders Peirce,"experience, learning, pedagogy",Pragmatismo
Wisdom is learning what to overlook.,William James,"learning, wisdom",Pragmatismo
"One must learn by doing the thing, for though you think you know it, you have no certainty until you try.",Aristotle,"certainty, learning, try",Peripatético / Aristotelismo
"Education isn't what some people declare it to be, namely, putting knowledge into souls that lack it, like putting sight into blind eyes...The power to learn is present in everyone's soul and...the instrument with which each learns is like an eye that cannot be turned around from darkness to light without turning the whole body... Then education is the craft concerned with doing this very thing, this turning around, and with how the soul can most easily and effectively be made to do it. it isn't the craft of putting sight into the soul. Education take for granted that sight is there but that it isn't turned the right way or looking where it ought to look, and it tries to redirect it appropriately.",Plato,"education, learning, teaching",Platonismo
"How silly then to imagine that the human mind, which is formed of the same elements as divine beings, objects to movement and change of abode, while the divine nature finds delight and even self-preservation in continual and very rapid change.",Seneca,"change, humand-mind, learning, moving",Estoicismo
"The years teach us much, which the days never knew.",Ralph Waldo Emerson,"experience, learning, life-lessons, teaching",Transcendentalismo
"Solitude, the safeguard of mediocrity, is to genius the stern friend, the cold, obscure shelter where moult the wings which will bear it farther than suns and stars. He who should inspire and lead his race must be defended from travelling with the souls of other men, from living, breathing, reading, and writing in the daily, time-worn yoke of their opinions. ""In the morning, — solitude;"" said Pythagoras; that Nature may speak to the imagination, as she does never in company, and that her favorite may make acquaintance with those divine strengths which disclose themselves to serious and abstracted thought. 'Tis very certain that Plato, Plotinus, Archimedes, Hermes, Newton, Milton, Wordsworth, did not live in a crowd, but descended into it from time to time as benefactors: and the wise instructor will press this point of securing to the young soul in the disposition of time and the arrangements of living, periods and habits of solitude.",Ralph Waldo Emerson,"education, genius, learning, solitude",Transcendentalismo
The Way to do is to be.,Lao Tzu,"meditation, self-awareness, self-discovery",Taoismo
When there is silence one finds the anchor of the universe within oneself,Lao Tzu,"meditation, mind-body-spirit, stillness-of-the-mind",Taoismo
Light is the shadow of god,Plato,"light, shadow, sirius-star-behind-the-sun, sun",Platonismo
"I'm not upset that you lied to me, I'm upset that from now on I can't believe you.",Friedrich Nietzsche,"lies, lying, trust",Niilismo / Existencialismo (precursor)
It is more shameful to distrust our friends than to be deceived by them.,Confucius,"betrayal, friends, trust",Confucionismo
"...we rarely confide in those who are better than we. Rather, we are more inclined to flee their society. Most often, on the other hand, we confess to those who are like us and who share our weaknesses. Hence we don't want to improve ourselves and be bettered, for we should first have to be judged in default. We merely wish to be pitied and encouraged in the course we have chosen. In short, we should like, at the same time, to cease being guilty and yet not to make the effort of cleansing ourselves.",Albert Camus,trust,Existencialismo / Absurdismo
"If you are untrustworthy, people will not trust you.",Lao Tzu,trust,Taoismo
"Love sometimes injures. Friendship always benefits, After friendship is formed you must trust, but before that you must judge.",Seneca,"friendship, life, love, stoicism, trust",Estoicismo
Self-trust is the first secret of success.,Ralph Waldo Emerson,"success, trust",Transcendentalismo
"When you have once seen the glow of happiness on the face of a beloved person, you know that a man can have no vocation but to awaken that light on the faces surrounding him. In the depth of winter, I finally learned that within me there lay an invincible summer.",Albert Camus,"breathe, connection, look-up-and-enjoy-life, perspective, relationship, relax",Existencialismo / Absurdismo
Love sometimes injures. Friendship always benefits,Seneca,"friendship, life, love, relationship, stoicism",Estoicismo
"To emancipate woman is to refuse to confine her to the relations she bears to man, not to deny them to her; let her have her independent existence and she will continue nonetheless to exist for him also: mutually recognising each other as subject, each will yet remain for the other an other. The reciprocity of their relations will not do away with the miracles – desire, possession, love, dream, adventure – worked by the division of human beings into two separate categories; and the words that move us – giving, conquering, uniting – will not lose their meaning. On the contrary, when we abolish the slavery of half of humanity, together with the whole system of hypocrisy that it implies, then the 'division' of humanity will reveal its genuine significance and the human couple will find its true form.",Simone de Beauvoir,"dual-unity, interdependence, mutuality, relationship, self-actualization, sexuality",Existencialismo / Feminismo
"To be wronged is nothing, unless you continue to remember it.",Confucius,"forgiveness, grudges",Confucionismo
"One should never do wrong in return, nor mistreat any man, no matter how one has been mistreated by him.",Socrates,"forgiveness, nobility",Filosofia Socrática
"In the long run, every man will pay the penalty for his own misdeeds. The man who remembers this will be angry with no one, indignant with no one, revile no one, blame no one, offend no one, hate no one.",Epictetus,"acceptance, forgiveness, karma",Estoicismo
"Absolute virtue is impossible and the republic of forgiveness leads, with implacable logic, to the republic of the guillotine.",Albert Camus,"forgiveness, ideology, puritanism, religion, theocracy, virtue",Existencialismo / Absurdismo
"By seeing the multitude of people around it, by being busied with all sorts of worldly affairs, by being wise to the ways of the world, such a person forgets himself, in a divine sense forgets his own name, dares not believe in himself, finds being himself too risky, finds it much easier and safer to be like the others, to become a copy, a number, along with the crowd. Now this form of despair goes practically unnoticed in the world. Precisely by losing oneself in this way, such a person gains all that is required for a flawless performance in everyday life, yes, for making a great success out of life. Here there is no dragging of the feet, no difficulty with his self and its infinitizing, he is ground smooth as a pebble, as exchangeable as a coin of the realm. Far from anyone thinking him to be in despair, he is just what a human being ought to be. Naturally, the world has generally no understanding of what is truly horrifying.",Søren Kierkegaard,"becoming-a-copy, despair, loss, self, self-loss, success, value, wisdom",Existencialismo Cristão
"Fire tests gold, suffering tests brave men.",Seneca,"fire, grief, hardship, misfortune, sorrow, suffering",Estoicismo
"Against eternal injustice, man must assert justice, and to protest against the universe of grief, he must create happiness.",Albert Camus,"albert-camus, caligula, eternal, grief, happiness, justice",Existencialismo / Absurdismo
"So if you find nothing in the corridors open the doors, and if you find nothing behind these doors there are more floors, and if you find nothing up there, don’t worry, just leap up another flight of stairs. As long as you don’t stop climbing, the stairs won’t end, under your climbing feet they will go on growing upwards",Franz Kafka,"inspiring, life",Existencialismo (influência) / Absurdo
"My health is only just good enough for myself alone, not good enough for marriage, let alone fatherhood. Yet when I read your letter, I feel I could overlook even what cannot possibly be overlooked.",Franz Kafka,"love, sadness, sickness",Existencialismo (influência) / Absurdo
It is necessary to fall in love – the better to provide an alibi for all the despair we are going to feel anyway.,Albert Camus,"alibi, heartbreak, life, love, relationships, sadness",Existencialismo / Absurdismo
What need is there to weep over parts of life? The whole of it calls for tears.,Seneca,life-philosophy,Estoicismo
"My life is not an apology, but a life. It is for itself and not for a spectacle. I much prefer that it should be of a lower strain, so it be genuine and equal, than that it should be glittering and unsteady. I wish it to be sound and sweet, and not to need diet and bleeding. My life should be unique; it should be an alms, a battle, a conquest, a medicine.",Ralph Waldo Emerson,"life-philosophy, self-reliance",Transcendentalismo
Man is free rather than man is freedom.,Jean-Paul Sartre,life-philosophy,Existencialismo
The only way to have a friend is to be one.,Ralph Waldo Emerson,"comradery, friends, frienship",Transcendentalismo
The ornament of a house is the friends who frequent it.,Ralph Waldo Emerson,"decoration, friends, home, homemaking, house, visitors",Transcendentalismo
Misfortune shows those who are not really friends.,Aristotle,friends,Peripatético / Aristotelismo
"I awoke this morning with devout thanksgiving for my friends, the old and the new.",Ralph Waldo Emerson,friends,Transcendentalismo
A friend may be nature's most magnificent creation.,Ralph Waldo Emerson,friends,Transcendentalismo
"Go oft to the house of thy friend, for weeds choke the unused path.",Ralph Waldo Emerson,"abandonment, friends, loneliness, visiting",Transcendentalismo
"In poverty and other misfortunes of life, true friends are a sure refuge. The young they keep out of mischief; to the old they are a comfort and aid in their weakness, and those in the prime of life they incite to noble deeds.",Aristotle,friends,Peripatético / Aristotelismo
A man's growth is seen in the successive choirs of his friends.,Ralph Waldo Emerson,friends,Transcendentalismo
"So long as men praise you, you can only be sure that you are not yet on your own true path but on someone else's.",Friedrich Nietzsche,"men, praise",Niilismo / Existencialismo (precursor)
"The Muse herself makes some men inspired, from whom a chain of other men is strung out who catch their own inspiration from theirs.",Plato,"inspiration, men, muse, plato",Platonismo
"Men’s economic privilege, their social value, the prestige of marriage, the usefulness of masculine support—all these encourage women to ardently want to please men. They are on the whole still in a state of serfdom. It follows that woman knows and chooses herself not as she exists for herself but as man defines her. She thus has to be described first as men dream of her since her being-for-men is one of the essential factors of her concrete condition.",Simone de Beauvoir,"inferiority, marriage, men, men-dream, prestige, privilege, relationships, serfdom, women",Existencialismo / Feminismo
"Woman wants control, man self-control .",Immanuel Kant,"control, men, men-and-women, self-control, woman",Idealismo Transcendental
I cannot stand the company of men. They flatter or they judge. I can stand neither of the two.,Albert Camus,"companionship, company, friendship, inspirational, life, men",Existencialismo / Absurdismo
"A beautiful woman is a practical poet, taming her savage mate, planting tenderness, hope and eloquence in all whom she approaches.",Ralph Waldo Emerson,"love, men, relationships, woman, women",Transcendentalismo
"As long as politics is the shadow of big business, the attenuation of the shadow will not change the substance.",John Dewey,"attenuation, big-business, business, corruption, politics, shadow, substance",Pragmatismo
Be true to thine own self,Socrates,inspirational-life,Filosofia Socrática
Please — consider me a dream.,Franz Kafka,dream,Existencialismo (influência) / Absurdo
"Blessed are the forgetful, for they get the better even of their blunders.",Friedrich Nietzsche,"beatitudes, bless, blessed, blunders, forget, forgetful, friedrich, memory, nietzsche",Niilismo / Existencialismo (precursor)
The existence of forgetting has never been proved: we only know that some things do not come to our mind when we want them to.,Friedrich Nietzsche,memory,Niilismo / Existencialismo (precursor)
"Most people, probably, are in doubt about certain matters ascribed to their past. They may have seen them, may have said them, done them, or they may only have dreamed or imagined they did so.",William James,"cognitive-bias, memory",Pragmatismo
"But I can't see anything any more: however much I search the past I can only retrieve scraps of images and I am not sure what they represent, nor whether they are remembered or invented.",Jean-Paul Sartre,memory,Existencialismo
"Be kind, for everyone you meet is fighting a harder battle.",Plato,"compassion, kindness",Platonismo
"That's what I consider true generosity: You give your all, and yet you always feel as if it costs you nothing.",Simone de Beauvoir,"charity, compassion, generosity",Existencialismo / Feminismo
"If a person seems wicked, do not cast him away. Awaken him with your words, elevate him with your deeds, repay his injury with your kindness. Do not cast him away; cast away his wickedness.",Lao Tzu,"compassion, kindness",Taoismo
To know even one life has breathed easier because you have lived. This is to have succeeded.,Ralph Waldo Emerson,compassion,Transcendentalismo
A dog has the soul of a philosopher.,Plato,"compassion, doglovers, kindness, love",Platonismo
"What do you believe in ?""""People's sufferings, and the fact that it is abominable. One should do everything to abolish it. To tell you the truth, nothing else seems to me of any importance.",Simone de Beauvoir,"compassion, sufferings",Existencialismo / Feminismo
"Revere the unity of all-that-iscarry out your daily activities with compassion;if you do not limit your compassion,you yourself will not be limited.",Lao Tzu,"compassion, lao-tzu, tao, tao-te-ching, unity",Taoismo
"Heaven’s Tao is impartial,yet those who follow its compassionate waywill always be nourished",Lao Tzu,"compassion, lao-tzu, tao",Taoismo
"You cannot do a kindness too soon, for you never know how soon it will be too late.",Ralph Waldo Emerson,kindness,Transcendentalismo
Kindness in words creates confidence. Kindness in thinking creates profoundness. Kindness in giving creates love.,Lao Tzu,kindness,Taoismo
"Be kind, because everyone is having a really hard time.",Plato,kindness,Platonismo
"The wise man does not lay up his own treasures.The more he gives to others,the more he has for his own.",Lao Tzu,"generosity, kindness",Taoismo
"The ideal man, takes joy in doing favours for others; but he feels ashamed to have others do favours for him. For it is a mark of superiority to confer a kindness; but it is a mark of inferiority to receive it.",Aristotle,kindness,Peripatético / Aristotelismo
With those who are kindthe sage is kindWith those who are not kindthe sage is also kindbecause the way of Tao is kindness,Lao Tzu,"kindness, lao-tzu, tao",Taoismo
"I know of only one duty, and that is to love.",Albert Camus,"duty, kindness, love, love-quotes, unconditional-love",Existencialismo / Absurdismo
Kind words produce their images on men's souls.,Blaise Pascal,"grace, kindness, speech",Jansenismo / Existencialismo Cristão (precursor)
The journey of a thousand miles begins with a single step.,Lao Tzu,travel,Taoismo
"I pack my trunk, embrace my friends, embark on the sea and at last wake up in Naples, and there beside me is the stern fact, the sad self, unrelenting, identical, that I fled from.",Ralph Waldo Emerson,travel,Transcendentalismo
"Traveling is a fool's paradise. Our first journeys discover to us the indifference of places. At home I dream that at Naples, at Rome, I can be intoxicated with beauty, and lose my sadness. I pack my trunk, embrace my friends, embark on the sea, and at last wake up in Naples, and there beside me is the stern fact, the sad self, unrelenting, identical, that I fled from. I seek the Vatican, and the palaces. I affect to be intoxicated with sights and suggestions, but I am not intoxicated. My giant goes with me wherever I go.",Ralph Waldo Emerson,travel,Transcendentalismo
Any country where I am not bored is a country that teaches me nothing.,Albert Camus,"boredom, camus, travel",Existencialismo / Absurdismo
"How can you wonder your travels do you no good, when you carry yourself around with you?",Socrates,travel,Filosofia Socrática
The ancestor of every action is a thought.,Ralph Waldo Emerson,"actions-inspirational-action, ancestor, thoughts",Transcendentalismo
Our life always expresses the result of our dominant thoughts.,Søren Kierkegaard,"life, thoughts",Existencialismo Cristão
I have walked myself into my best thoughts and I know of no thought so burdensome that one cannot walk away from it.,Søren Kierkegaard,"thoughts, walking",Existencialismo Cristão
"wealth does not bring goodness, but goodness brings wealth and every other blessing, both to the individual and to the state",Socrates,"goodness, wealth",Filosofia Socrática
It is the sign of a weak mind to be unable to bear wealth.,Seneca,wealth,Estoicismo
"Another point of economy is to look for seed of the same kind as you sow, and not to hope to buy one kind with an other kind. Friendship buys friendship; justice, justice; military merit, military success...Yet there is commonly a confusion of expectations on these points. Hotspur lives for the moment, praises himself for it, and despises Furlong, that he does not. Hotspur of course is poor, and Furlong is a good provider. The odd circumstance is that Hotspur thinks it a superiority in himself, this improvidence, which ought to be rewarded with Furlong's lands.",Ralph Waldo Emerson,"improvidence, transcendentalism, wealth",Transcendentalismo
"Thought and knowledge are natures in which apparatus and pretension avail nothing. Gowns, and pecuniary foundations, though of towns of gold, can never countervail the least sentence or syllable of wit. Forget this, and out American colleges will recede in their public importance whilst they grow richer every year.",Ralph Waldo Emerson,"american-scholar, college, emerson, gold, knowledge, wealth, wit",Transcendentalismo
"If you're lonely when you're alone, you're in bad company.",Jean-Paul Sartre,"loneliness, solitude",Existencialismo
"I have just now come from a party where I was its life and soul; witticisms streamed from my lips, everyone laughed and admired me, but I went away — yes, the dash should be as long as the radius of the earth's orbit ——————————— and wanted to shoot myself.",Søren Kierkegaard,"bipolar, bipolar-disorder, depresion, loneliness, mood-swings, solitude, suicidal-thoughts, suicide",Existencialismo Cristão
"I have hardly anything in common with myself and should stand very quietly in a corner, content that I can breathe.",Franz Kafka,"isolation, loneliness",Existencialismo (influência) / Absurdo
[He] used to be soinsignificant that one literally felt alone in his presence.,Franz Kafka,loneliness,Existencialismo (influência) / Absurdo
"Everyone take his revenge on the world. My revenge consists in bearing my distress and anguish enclosed deeply within me while my laughter entertains everyone. If I see someone suffer I give him my sympathy, console him as best I can, and listen to him calmly when he assures me that I am fortunate. If only I can keep this up until the day I die I shall have had my revenge",Søren Kierkegaard,"despair, loneliness, revenge",Existencialismo Cristão
"When a man has learned how to remain alone with his suffering, how to overcome his longing to flee, then he has little left to learn.",Albert Camus,loneliness,Existencialismo / Absurdismo
The sedentary life...is the real sin against the holy spirit.,Friedrich Nietzsche,"sedentary, spirit",Niilismo / Existencialismo (precursor)
Highly evolved people have their own conscience as pure law.,Lao Tzu,"conscience, evolution, intent, law, order, spirit, warrior, wisdom",Taoismo
"The cramping influence of a hard formalist on a young child in repressing his spirits and courage, paralyzing the understanding, and that without producing indignation, but only fear and obedience, and even much sympathy with his tyranny, - is a familiar fact explained to the child when he becomes a man, only by seeing that the oppressor of his youth is himself a child tyrannized over by those names and words and forma, of whose influence he was merely the organ to the youth.",Ralph Waldo Emerson,"abuse, oppressor, spirit, youth",Transcendentalismo
We do not know today whether we are busy or idle. In times when we thought ourselves indolent we have discovered afterward that much was accomplished and much was begun in us.,Ralph Waldo Emerson,"personal-development, personal-growth",Transcendentalismo
"If a man knows not to which port he sails, no wind is favorable.",Seneca,goals,Estoicismo
"To the man of science, on his unassuming and laborious travels, which must often enough be journeys through the desert, there appear those glittering mirages called 'philosophical systems'; with bewitching deceptive power they show the solution of all enigmas and the freshest draught of the true water of life to be near at hand; his heart rejoices, and it seems to the weary traveller that his lips already touch the goal of all the perseverance and sorrows of the scientific life... Other natures again, may well grow exceedingly ill-humoured and curse the salty taste which these apparitions leave behind in the mouth and from which arises a raging thirst – without one having been brought so much as a step nearer to any kind of spring.",Friedrich Nietzsche,"deception, enigma, goals, knowledge, mirages, science, solutions, systems",Niilismo / Existencialismo (precursor)
"Human nature has nevertheless been changed by the ever new appearance of these teachers of the purpose of existence: It now has one additional need—the need for the ever new appearance of such teachers and teachings of a “purpose.” Gradually, man has become a fantastic animal that has to fulfill one more condition of existence than any other animal: man has to believe, to know, from time to time why he exists; his race cannot flourish without a periodic trust in life—without faith in reason in life.",Friedrich Nietzsche,"anthropocentrism, meaning, meaning-of-life, self",Niilismo / Existencialismo (precursor)
"Human nature, essentially changeable, unstable as the dust, can endure no restraint; if it binds itself it soon begins to tear madly at its bonds, until it renders everything asunder, the wall, and the bonds and its very self.",Franz Kafka,"being, human-condition, human-nature, humanity, self, self-awareness",Existencialismo (influência) / Absurdo
We only become what we are by the radical and deep-seated refusal of that which others have made of us.,Jean-Paul Sartre,"identity, self",Existencialismo
The meaning of life is that it ends,Franz Kafka,"death, dying, ends, life, meaning, meaning-of-life",Existencialismo (influência) / Absurdo
"I love brief habits and consider them an inestimable means for getting to know many things…My nature is designed entirely for brief habits…I always believe that here is something that will give me lasting satisfaction—brief habits, too, have this faith of passion, this faith in eternity—and that I am to be envied for having found and recognized it…But one day its time is up; the good thing parts from me, not as something that has come to nauseate me but peacefully and sated with me as I am with it—as if we had reason to be grateful to each other as we shook hands to say farewell. Even then something new is waiting at the door, along with my faith—this indestructible fool and sage!—that this new discovery will be just right, and that this will be the last time. That is what happens to me with dishes, ideas, human beings, cities, poems, music, doctrines, ways of arranging the day, and life styles.",Friedrich Nietzsche,"free-spirit, improvisation, meaning",Niilismo / Existencialismo (precursor)
"He who doesn't know how to put his will into things at least puts a meaning into them: that is, he believes there is a will in them already.",Friedrich Nietzsche,"meaning, principle-of-belief, will",Niilismo / Existencialismo (precursor)
"Be self-indulgent, and those who are also self-indulgent will like you. Tear your neighbor to pieces, and the other neighbors will laugh. But if you beat your soul, all souls will cry out.",Jean-Paul Sartre,"lessons, life, neighbors, people, self-esteem",Existencialismo
"I am a typical example of Western Jew. This means I don't have a moment of peace, that nothing has come easily to me, not just the present and the future, but even the past, that thing that each man receives as his birth-right: even that I have to conquer, and perhaps that is the hardest task.",Franz Kafka,"jewish, kafka, letter, past",Existencialismo (influência) / Absurdo
"All things fade into the storied past, and in a little while are shrouded in oblivion.",Marcus Aurelius,"oblivion, past",Estoicismo
"The greatest loss of time is delay and expectation, which depend upon the future. We let go the present, which we have in our power, and look forward to that which depends upon chance, and so relinquish a certainty for an uncertainty.",Seneca,"future-generations, past, present",Estoicismo
"Who taught you all this, doctor?""The reply came promptly:""Suffering.",Albert Camus,"suffering, the-plague",Existencialismo / Absurdismo
"When indeed does the temporal suffering oppress a man most terribly? Is it not when it seems to him that it has no significance, that it neither secures nor gains anything for him? Is it not when the suffering, as the impatient man expresses it, is without meaning or purpose?",Søren Kierkegaard,"meaninglessness, suffering",Existencialismo Cristão
"I know positively… that each of us has the plague within him; no one, no one on earth, is free from it. And I know, too, that we must keep endless watch on ourselves lest in a careless moment we breathe in somebody’s face and fasten the infection on him. What’s natural is the microbe. All the rest – health, integrity, purity (if you like) – is a product of the human will, of a vigilance that must never falter. The good man, the man who infects hardly anyone, is the man who has the fewest lapses of attention. And it needs tremendous will power, a never ending tension of the mind, to avoid such lapses. Yes… it’s a wearying business, being plague-stricken. But it’s still more wearying to refuse to be it. That’s why everybody in the world today looks so tired; everyone is more or less sick of plague. But that is also why some of us, those who want to get the plague out of our systems, feel such desperate weariness, a weariness from which nothing remains to set us free, except death.",Albert Camus,"plague, suffering",Existencialismo / Absurdismo
A great man is always willing to be little.,Ralph Waldo Emerson,"confidence, greatness, humbleness, humility, modesty, size",Transcendentalismo
Health is the greatest possession. Contentment is the greatest treasure. Confidence is the greatest friend.,Lao Tzu,"confidence, contentment, health",Taoismo
The man of genius inspires us with a boundless confidence in our own powers.,Ralph Waldo Emerson,"confidence, genius, inspires",Transcendentalismo
"Few and mean as my gifts may be, I actually am, and do not need for my own assurance or the assurance of my fellows any secondary testimony.",Ralph Waldo Emerson,"confidence, gifts, testimony",Transcendentalismo
But in the end one needs more courage to live than to kill himself.,Albert Camus,"enduring, going-on, suicide, survival",Existencialismo / Absurdismo
Sometimes even to live is an act of courage.,Seneca,"perseverance, suicide, survival",Estoicismo
The thought of suicide is a great consolation: by means of it one gets through many a dark night.,Friedrich Nietzsche,suicide,Niilismo / Existencialismo (precursor)
The literal meaning of life is whatever you're doing that prevents you from killing yourself.,Albert Camus,"existentialism, meaning-of-life, suicide, witty",Existencialismo / Absurdismo
"Thus I draw from the absurd three consequences, which are myrevolt, my freedom, and my passion. By the mere activity ofconsciousness I transform into a rule of life what was an invitationto death—and I refuse suicide.",Albert Camus,"absurdity, suicide",Existencialismo / Absurdismo
"Very little is needed for everything to be upset and ruined, only a slight lapse in reason.",Epictetus,failure,Estoicismo
"free from desire, you realize the mysterycaught in the desire, you see only the manifestations.",Lao Tzu,desire,Taoismo
Dying for dark - the darker the worse. Strange.,Samuel Beckett,"dark, desire",Teatro do Absurdo
In the end one loves one's desire and not what is desired.,Friedrich Nietzsche,desire,Niilismo / Existencialismo (precursor)
Nature does not reveal her mysteries once and for all.,Seneca,"inspirational, mystery, nature, science",Estoicismo
"What need of prompt or hint when it is open to yourself to discern what needs to be done - and, if you can see your way, to follow it with kind but undeviating intent. If you cannot see the way, hold back and consult your best advisors. if some other factors obstruct this advice, proceed on your present resources, but with cautious deliberations, keeping always to what seems just. Justice is the best aim, as any failure is in fact a failure of justice.A man following reason in all things combines relaxation with initiative, spark with composure.",Marcus Aurelius,"advice, choices, help, justice, reason, uncertainty",Estoicismo
"I am as I am, and that's all there is to it, I can hardly take a pair of scissors to myself, and cut out a different person...",Franz Kafka,self-love,Existencialismo (influência) / Absurdo
"I grant we should add a third category: that of the true healers. But it is a fact one doesn't come across many of them, and anyhow it must be a hard vocation. That's why I decided to take, in every predicament, the victim's side, so as to reduce the damage done. Among them I can at least try to discover how on attains to the third category; in other words, to peace.",Albert Camus,"healing, plague",Existencialismo / Absurdismo
"We must mend what has been torn apart, make justice imaginable again in a world so obviously unjust, give happiness a meaning once more to peoples poisoned by the misery of the century. Naturally, it is a superhuman task. But superhuman is the term for tasks [we] take a long time to accomplish, that’s all.",Albert Camus,"happiness, healing, justice, purpose",Existencialismo / Absurdismo
"I do not speak as I think, I do not think as I should, and so it all goes on in helpless darkness.",Franz Kafka,darkness,Existencialismo (influência) / Absurdo
We are not rich by what we possess but by what we can do without.,Immanuel Kant,"contentment, poverty, riches",Idealismo Transcendental
It is also in the interests of the tyrant to make his subjects poor... the people are so occupied with their daily tasks that they have no time for plotting.,Aristotle,"poverty, tyrant",Peripatético / Aristotelismo
A non-writing writer is a monster courting insa,Franz Kafka,"julia-cameron, writers, writing",Existencialismo (influência) / Absurdo
"Even those who write against fame wish for the fame of having written well, and those who read their works desire the fame of having read them.",Blaise Pascal,writers,Jansenismo / Existencialismo Cristão (precursor)
"Poetry creates the myth, the prose writer draws its portrait.",Jean-Paul Sartre,"myth, poetry, writers, writing",Existencialismo
"To venture causes anxiety, but not to venture is to lose one's self.... And to venture in the highest is precisely to be conscious of one's self.",Søren Kierkegaard,"adventure, anxiety, self-discovery",Existencialismo Cristão
"For an occurrence to become an adventure, it is necessary and sufficient for one to recount it.",Jean-Paul Sartre,"adventure, story",Existencialismo
"Once you make a decision, the universe conspires to make it happen.",Ralph Waldo Emerson,"determination, fate",Transcendentalismo
Fate is nothing but the deeds committed in a prior state of existence.,Ralph Waldo Emerson,"fate, inspirational, life",Transcendentalismo
Fate is not in man but around him,Albert Camus,fate,Existencialismo / Absurdismo
Shallow men believe in luck. Strong men believe in cause and effect.,Ralph Waldo Emerson,"cause-and-effect, destimy, fate, hard-work, luck, success, work",Transcendentalismo
Man is the cruelest animal.,Friedrich Nietzsche,"animals, cruelty, evil, man",Niilismo / Existencialismo (precursor)
There is an old illusion. It is called good and evil.,Friedrich Nietzsche,"evil, good, illusion",Niilismo / Existencialismo (precursor)
"He who searches for evil, must first look at his own reflection.",Confucius,"angela-horn, evil, negativity, stalking, troll",Confucionismo
"Was aus Liebe getan wird, geschieht immer jenseits von Gut und Böse. (What is done out of love always takes place beyond good and evil.)",Friedrich Nietzsche,"evil, good, love",Niilismo / Existencialismo (precursor)
"State is the name of the coldest of all cold monsters. Coldly it lies; and this lie slips from its mouth: 'I, the state, am the people.",Friedrich Nietzsche,"anarchy, capitalism, coercion, collectivism, communism, criminal, evil, fascism, free-market, freedom, gang, government, laissez-faire, libertarian, liberty, mafia, non-aggression-principle, politics, socialism, statism, theft, thieves, violence, voluntaryism",Niilismo / Existencialismo (precursor)
"The evil that is in the world always comes of ignorance, and good intentions may do as much harm as malevolence, if they lack understanding. On the whole, men are more good than bad; that, however, isn't the real point. But they are more or less ignorant, and it is this that we call vice or virtue;",Albert Camus,"evil, good, human-nature, ignorance, morality",Existencialismo / Absurdismo
"It may be that no religious reconciliation with the absolute totality of things is possible. Some evils, indeed, are ministerial to higher forms of good; but it may be that there are forms of evil so extreme as to enter into no good system whatsoever…",William James,"evil, religion",Pragmatismo
Evil is the starry sky of the Good.,Franz Kafka,"evil, good, sky",Existencialismo (influência) / Absurdo
My experience is what I agree to attend to.,William James,consciousness,Pragmatismo
The bite of conscience is indecent.,Friedrich Nietzsche,"conscience, consciousness",Niilismo / Existencialismo (precursor)
"If you could blow the brain up to the size of a mill and walk about inside, you would not find consciousness.",Gottfried Wilhelm Leibniz,consciousness,Racionalismo
"With every increase in the degree of consciousness, and in proportion to that increase, the intensity of despair increases: the more consciousness the more intense the despair.",Søren Kierkegaard,"consciousness, despair, existential",Existencialismo Cristão
"The populace think that your rejection of popular standards is a rejection of all standard, and mere antinomianism; and the bold sensualist will use the name of philosophy to gild his crimes. But the law of consciousness abides.",Ralph Waldo Emerson,"consciousness, popularity, rejection, self-reliance, standards",Transcendentalismo
"Satan's despair is absolute because Satan, as pure spirit, is pure consciousness, and for Satan (and all men in his predicament) every increase in consciousness is an increase in despair.",Søren Kierkegaard,"consciousness, despair, satan",Existencialismo Cristão
"Now I can broach the notion of suicide. It has already been felt what solution might be given. At this point the problem is reversed. It was previously a question of finding out whether or not life had to have a meaning to be lived. It now becomes clear, on the contrary, that it will be lived all the better if it has no meaning. Living an experience, a particular fate, is accepting it fully. Now, no one will live this fate, knowing it to be absurd, unless he does everything to keep before him that absurd brought to light by consciousness.",Albert Camus,"consciousness, existentialism",Existencialismo / Absurdismo
Fear of night. Fear of not night.,Franz Kafka,"chilling, creepy, fear, horror",Existencialismo (influência) / Absurdo
"Those who know, do. Those that understand, teach.",Aristotle,"teaching, understanding",Peripatético / Aristotelismo
It is a part of probability that many improbabilities will happen.,Aristotle,"depth, understanding, wisdom",Peripatético / Aristotelismo
"You should always be ready to apply these two rules of action, the first, to do nothing other than what the kingly and law-making art ordains for the benefits of humankind, and, the second, to be prepared to change your mind if someone is at hand to put you right and guide you away from some groundless opinion.",Marcus Aurelius,"reflection, understanding, wisdom",Estoicismo
Every Profound thinker is more afraid of being understood than of being misunderstood,Friedrich Nietzsche,"philosophy-of-life, understanding",Niilismo / Existencialismo (precursor)
"Action seems to follow feeling, but really action and feeling go together; and by regulating the action, which is under the more direct control of the will, we can indirectly regulate the feeling, which is not.",William James,"action, feeling",Pragmatismo
"An action, to have moral worth, must be done from duty.",Immanuel Kant,"action, duty, inspirational, morality",Idealismo Transcendental
"Commitment is an act, not a word",Jean-Paul Sartre,"action, commitment",Existencialismo
"He who wishes to serve his country must have not only the power to think, but the will to act",Plato,"action, education, inspiration, international-relations, kurt-hahn, service, uwc",Platonismo
"A strong and well-constituted man digests his experiences (deeds and misdeeds all included) just as he digests his meats, even when he has some tough morsels to swallow. ",Friedrich Nietzsche,"character, experience, meat",Niilismo / Existencialismo (precursor)
Character is determined more by the lack of certain experiences than by those one has had.,Friedrich Nietzsche,"character, experience, life",Niilismo / Existencialismo (precursor)
"But although all our knowledge begins with experience, it does not follow that it arises from experience.",Immanuel Kant,experience,Idealismo Transcendental
"Experience without theory is blind, but theory without experience is mere intellectual play.",Immanuel Kant,"experience, theory",Idealismo Transcendental
"But, though all our knowledge begins with experience, it by no means follows that all arises out of experience.",Immanuel Kant,"epistemology, experience, knowledge",Idealismo Transcendental
We do not learn from experience... we learn from reflecting on experience.,John Dewey,"experience, learning-from-mistakes, life",Pragmatismo
a man only knows what he's experienced,Ralph Waldo Emerson,"experience, judgement, life",Transcendentalismo
The misuse of language induces evil in the soul,Socrates,language,Filosofia Socrática
"I'd come to realize that all our troubles spring from our failure to use plain, clear-cut language.",Jean-Paul Sartre,"existential, jean-paul-sartre, language, the-plague",Existencialismo
"Use language what you will, you can never say anything but what you are.",Ralph Waldo Emerson,language,Transcendentalismo
Every word is a prejudice.,Friedrich Nietzsche,language,Niilismo / Existencialismo (precursor)
"Language is fossil poetry. As the limestone of the continent consists of infinite masses of the shells of animalcules, so language is made up of images, or tropes, which now, in their secondary use, have long ceased to remind us of their poetic origin.",Ralph Waldo Emerson,language,Transcendentalismo
"I know that I am intelligent, because I know that I know nothing.",Socrates,"self-awareness, self-knowledge",Filosofia Socrática
"My friend...care for your psyche...know thyself, for once we know ourselves, we may learn how to care for ourselves"" -Socrates",Socrates,"care, introspection, ourselves, psyche, self-awareness",Filosofia Socrática
"At 30 a man should know himself like the palm of his hand, know the exact number of his defects and qualities, know how far he can go, foretell his failures - be what he is. And, above all, accept these things.",Albert Camus,"self-acceptance, self-awareness",Existencialismo / Absurdismo
Therefore do not deceive yourself! Of all deceivers fear most yourself!,Søren Kierkegaard,"inspirational, self-awareness",Existencialismo Cristão
Captive Greece captured her rude conqueror,Horace,"culture, greece, hellenistic, humanities",Epicurismo (influência)
The best fighter is never angry.,Lao Tzu,"anger, anger-management, ataraxy, bushido, inner-peace, martial-arts, self-control, serenity, warrior-ethos, warriorship",Taoismo
"Anybody can become angry — that is easy, but to be angry with the right person and to the right degree and at the right time and for the right purpose, and in the right way — that is not within everybody's power and is not easy.",Aristotle,anger,Peripatético / Aristotelismo
"There are two things a person should never be angry at, what they can help, and what they cannot.",Plato,"anger, angry, plato",Platonismo
Anger is a brief madness.,Horace,"anger, emotion",Epicurismo (influência)
"It is not the actions of others which trouble us (for those actions are controlled by their governing part), but rather it is our own judgments. Therefore remove those judgments and resolve to let go of your anger, and it will already be gone. How do you let go? By realizing that such actions are not shameful to you.",Marcus Aurelius,"anger, judgment, letting-go, others, shame",Estoicismo
"Anyone can get angry, but to do this to the right person, to the right extent, at the right time, with the right motive, and in the right way, that is not for everyone, nor is it easy.",Aristotle,"anger, indignation, self-control, temper",Peripatético / Aristotelismo
"Those who are not angry at the things they should be angry at are thought to be fools, and so are those who are not angry in the right way, at the right time, or with the right persons.",Aristotle,anger,Peripatético / Aristotelismo
"Nature wishes that woman should attract man, yet she often cunningly moulds into her face a little sarcasm, which seems to say, 'Yes, I am willing to attract, but to attract a little better kind of a man than any I yet behold",Ralph Waldo Emerson,"attraction, man, standard, woman",Transcendentalismo
"For this reason the gentleman will employ a man on a distant mission and observe his degree of loyalty, will employ him close at hand and observe his degree of respect. He will hand him troublesome affairs and observe how well he manages them, will suddenly ask his advice and observe how wisely he answers. He will exact some difficult promise from him and see how well he keeps it, turn over funds to him and see with what benevolence he dispenses them, inform him of the danger he is in and note how faithful he is to his duties. He will get him drunk with wine and observe how well he handles himself, place him in mixed company and see what effect beauty has upon him. By applying these nine tests, you may determine who is the unworthy man.",Confucius,"man, unworthy, worthy",Confucionismo
"Man is the cruelest animal,"" says Zarathustra. ""When gazing at tragedies, bull-fights, crucifixations he hath hitherto felt happier than at any other time on Earth. And when he invented Hell...lo, Hell was his Heaven on Earth""; he could put up with suffering now, by contemplating the eternal punishment of his oppressors in the other world.",Friedrich Nietzsche,"cruelty, hell, man",Niilismo / Existencialismo (precursor)
"The Great Man... is colder, harder, less hesitating, and without fear of 'opinion'; he lacks the virtues that accompany respect and 'respectability,' and altogether everything that is the 'virtue of the herd.' If he cannot lead, he goes alone... He knows he is incommunicable: he finds it tasteless to be familiar... When not speaking to himself, he wears a mask. There is a solitude within him that is inaccessible to praise or blame.",Friedrich Nietzsche,"friedrich-nietzsche, man, the-will-to-power",Niilismo / Existencialismo (precursor)
What is great in man is that he is a bridge and not a goal.,Friedrich Nietzsche,"great, greatness, man",Niilismo / Existencialismo (precursor)
Man is most nearly himself when he achieves the seriousness of a child at play.,Heraclitus,"identity, man, play",Pré-socrático
"There can be no fairer spectacle than that of a man, who combines the possession of moral beauty in his soul with outward beauty of form, corresponding and harmonizing with the former, because the same great pattern enters both.",Plato,"beauty, man, philosophy-of-life",Platonismo
"When a man is pushed, tormented, defeated, he has a chance to learn something.",Ralph Waldo Emerson,"chances, defeat, inspirational, learn, man, motivational, pain",Transcendentalismo
"Stop thinking, and end your problems.",Lao Tzu,thinking,Taoismo
"If thinking is your fate, revere this fate with divine honour and sacrifice to it the best, the most beloved",Friedrich Nietzsche,"thinking, thinking-with-a-great-mind",Niilismo / Existencialismo (precursor)
"Man is but a reed, the weakest in nature, but he is a thinking reed.",Blaise Pascal,"reed, thinking, thought",Jansenismo / Existencialismo Cristão (precursor)
That all is as thinking makes it so – and you control your thinking. So remove your judgements whenever you wish and then there is calm - as the sailor rounding the cape finds smooth water and the welcome of a waveless bay.,Marcus Aurelius,"judgement, mindfulness, thinking",Estoicismo
Our thoughts is what our life make it,Marcus Aurelius,thinking,Estoicismo
"One does not hate as long as one has a low esteem of someone, but only when one esteems him as an equal or a superior.",Friedrich Nietzsche,"hate, superiority",Niilismo / Existencialismo (precursor)
He who is cruel to animals becomes hard also in his dealings with men. We can judge the heart of a man by his treatment of animals.,Immanuel Kant,"animal-rights, cruelty, judge, morality, treatment",Idealismo Transcendental
"Do not act as if you were going to live ten thousand years. Death hangs over you. While you live, while it is in your power, be good.",Marcus Aurelius,"be-good, goodness, integrity, morality",Estoicismo
"All persons ought to endeavor to follow what is right, and not what is established.",Aristotle,"mob-mentality, morality",Peripatético / Aristotelismo
A moral system valid for all is basically immoral.,Friedrich Nietzsche,"morality, morals",Niilismo / Existencialismo (precursor)
"Morality is neither rational nor absolute nor natural. World has known many moral systems, each of which advances claims universality; all moral systems are therefore particular, serving a specific purpose for their propagators or creators, and enforcing a certain regime that disciplines human beings for social life by narrowing our perspectives and limiting our horizons.",Friedrich Nietzsche,"ethics, morality",Niilismo / Existencialismo (precursor)
"The gentleman does not promote people merely on the basis of their words, nor does he reject words merely because of the person who uttered them.",Confucius,morality,Confucionismo
"The people naturally adhere most to doctrines which demand the least self-exertion and the least use of their own reason, and which can best accommodate their duties to their inclinations.",Immanuel Kant,"human-nature, misanthropy, morality",Idealismo Transcendental
Every means hitherto employed with the intention of making mankind moral has been thoroughly immoral.,Friedrich Nietzsche,"morality, nietzsche, philosophy",Niilismo / Existencialismo (precursor)
Morality is just a fiction used by the herd of inferior human beings to hold back the few superior men.,Friedrich Nietzsche,"keep-going-going, life-lessons, morality",Niilismo / Existencialismo (precursor)
"All laws which can be violated without doing any one any injury are laughed at. Nay, so far are they from doing anything to control the desires and passions of men that, on the contrary, they direct and incite men's thoughts the more toward those very objects, for we always strive toward what is forbidden and desire the things we are not allowed to have. And men of leisure are never deficient in the ingenuity needed to enable them to outwit laws framed to regulate things which cannot be entirely forbidden... He who tries to determine everything by law will foment crime rather than lessen it.",Baruch Spinoza,"anarchy, coercion, drugs, ethics, freedom, government, immorality, legality, libertarian, liberty, morality, prohibition, regulations, state, statism, voluntaryism, war",Racionalismo
"Memories are killing. So you must not think of certain things, of those that are dear to you, or rather you must think of them, for if you don’t there is the danger of finding them, in your mind, little by little.",Samuel Beckett,memories,Teatro do Absurdo
"Books that teach us to dance: There are writers who, by portraying the impossible as possible, and by speaking of morality and genius as if both were high-spirited freedom, as if man were rising up on tiptoe and simply had to dance out of inner pleasure. ",Friedrich Nietzsche,"all-to-human-faber-trans, human",Niilismo / Existencialismo (precursor)
"Nothing is more simple than greatness; indeed, to be simple is to be great.",Ralph Waldo Emerson,"greatness, simplicity",Transcendentalismo
"On the whole, men are more good than bad; that, however, isn't the real point. But they are more or less ignorant, and it is this that we call vice or virtue; the most incorrigible vice being that of an ignorance that fancies it knows everything and therefore claims for itself the right to kill. The soul of the murderer is blind; and there can be no true goodness nor true love without the utmost clear-sightedness.",Albert Camus,"camus, existentialism, goodness, ignorance, the-plague",Existencialismo / Absurdismo
"The visionary lies to himself, the liar only to others.",Friedrich Nietzsche,"lies, lying, self-deception, vision, visionaries",Niilismo / Existencialismo (precursor)
"Everything the State says is a lie, and everything it has it has stolen.",Friedrich Nietzsche,"anarchy, lies",Niilismo / Existencialismo (precursor)
One tells as few lies as possible only by telling as few lies as possible and not by having the least possible opportunity to do so.,Franz Kafka,lies,Existencialismo (influência) / Absurdo
What lies behind us & what lies before us are tiny matters compared to what lies within us. -Ralph Waldo Emerson,Ralph Waldo Emerson,"before, behind, lies, within",Transcendentalismo
"You have just dined, and however scrupulously the slaughterhouse is concealed in the graceful distance of miles, there is complicity.",Ralph Waldo Emerson,"animal-cruelty, diet, ethical, ethics, food, slaughterhouse, vegan, veganism, vegetarian, vegetarianism",Transcendentalismo
There are only ten minutes in the life of a pear when it is perfect to eat.,Ralph Waldo Emerson,food,Transcendentalismo
Silence is a source of Great Strength.,Lao Tzu,silence,Taoismo
Our universe is a sorry little affair unless it has in it something for every age to investigate.,Seneca,"cosmos, science, scientific-discovery, space, space-and-cosmos, space-exploration, universe",Estoicismo
"The universe is flux, life is opinion.",Marcus Aurelius,"life, opinion, philosophy, universe",Estoicismo
"Did he really want this warm room of his, so comfortably fitted with old family furniture, to be transformed into a cave, in which, no doubt, he would be free to crawl about unimpeded in all directions, but only at the price of rapidly and completely forgetting his human past at the same time?",Franz Kafka,"devolving, evolving, identity, the-metamorphosis",Existencialismo (influência) / Absurdo
"Just as it is certain that one leaf is never totally the same as another, so it is certain that the concept ""leaf"" is formed by arbitrarily discarding these individual differences and by forgetting the distinguishing aspects. This awakens the idea that, in addition to the leaves, there exists in nature the ""leaf"": the original model according to which all the leaves were perhaps woven, sketched, measured, colored, curled, and painted--but by incompetent hands, so that no specimen has turned out to be a correct, trustworthy, and faithful likeness of the original model.",Friedrich Nietzsche,"difference, identity, truth",Niilismo / Existencialismo (precursor)
"This heart within me I can feel, and I judge that it exists. This world I can touch, and I likewise judge that it exists. There ends all my knowledge, and the rest is construction. For if I try to seize this self of which I feel sure, if I try to define and to summarize it, it is nothing but water slipping through my fingers. I can sketch one by one all the aspects it is able to assume, all thoselikewise that have been attributed to it, this up bringing, this origin, this ardor or these silences, this nobility or this vileness. But aspects cannot be added up. This very heart which is mine will forever remain indefinable to me. Between the certainty I have of my existence and the content I try to give to that assurance, the gap will never be filled. Forever I shall be a stranger to myself. In psychology as in logic, there are truths but no truth. Socrates' ""Know thyself"" has as much value as the ""Be virtuous"" of our confessionals. They reveal a nostalgia at the same time as an ignorance. They are sterile exercises on great subjects. They are legitimate only in precisely so far as they are approximate.",Albert Camus,identity,Existencialismo / Absurdismo
"If there were only some way of contriving that a state or an army should be made up of lovers and their loves, they would be the very best governors of their own city, abstaining from all dishonour, and emulating one another in honour; and when fighting at each other's side, although a mere handful, they would overcome the world. For what lover would not choose rather to be seen by all mankind than by his beloved, either when abandoning his post or throwing away his arms? He would be ready to die a thousand deaths rather than endure this. Or who would desert his beloved or fail him in the hour of danger? The veriest coward would become an inspired hero, equal to the bravest, at such a time; Love would inspire him.",Plato,"love, lovers, pride, symposium",Platonismo
"Under peaceful conditions, the warlike man attacks himself.",Friedrich Nietzsche,"inspirational-attitude, introspective",Niilismo / Existencialismo (precursor)
Live every day as if they last.,Marcus Aurelius,"happiness-positive-outlook, inspirational-attitude, life",Estoicismo
Men die:and they are not happy.,Albert Camus,inspirational-attitude,Existencialismo / Absurdismo
We cannot live better than in seeking to become better.,Socrates,"character, rectitude",Filosofia Socrática
Character may almost be called the most effective means of persuasion.,Aristotle,character,Peripatético / Aristotelismo
Character is higher than intellect. A great soul will be strong to live as well as think.,Ralph Waldo Emerson,"character, emerson, intellect",Transcendentalismo
"Beauty of style and harmony and grace and good rhythm depend on simplicity – I mean the true simplicity of a rightly and nobly ordered mind and character, not that other simplicity which is only a euphemism for folly.",Plato,"authenticity, character, self-exploration",Platonismo
Character is what can do without success,Ralph Waldo Emerson,character,Transcendentalismo
"Good character is not formed in a week or a month. It is created little by little, day by day. Protracted and patient effort is needed to develop good character.",Heraclitus,"character, development-of-character, good-character, patience, patience-and-love",Pré-socrático
"The more laws and restrictions there are,The poorer people become....The more rules and regulations,The more thieves and robbers.",Lao Tzu,"anarchy, coercion, communism, free, free-market, freedom, government, laissez-faire, libertarian, liberty, market, socialism, statism, taxation, theft, trade, voluntaryism",Taoismo
"This is the history of governments, - one man does something which is to bind another. A man who cannot be acquainted with me, taxes me; looking from afar at me, ordains that a part of my labour shall go to this or that whimsical end, not as I, but as he happens to fancy. Behold the consequence. Of all debts, men are least willing to pay the taxes. What a satire is this on government! Everywhere they think they get their money's worth, except for these. Hence, the less government we have, the better, - the fewer laws, and the less confided power. The antidote to this abuse of formal Government, is, the influence of private character, the growth of the Individual; the appearance of the principal to supersede the proxy; the appearance of the wise man, of whom the existing government, is, it must be owned, but a shabby imitation. That which all things tend to educe, which freedom, cultivation, intercourse, revolutions, go to form and deliver, is character; that is the end of nature, to reach unto this coronation of her king. To educate the wise man, the State exists; and with the appearance of the wise man, the State expires. The appearance of character makes the State unnecessary. The wise man is the State. He needs no army, fort, or navy, - he loves men too well; no bribe, or feast, or palace, to draw friends to him; no vantage ground, no favourable circumstance. He needs no library, for he has not done thinking; no church, for he is a prophet; no statute book, for he has the lawgiver; no money, for he is value; no road, for he is at home where he is; no experience, for the life of the creator shoots through him, and looks from his eyes. He has no personal friends, for he who has the spell to draw the prayer and piety of all men unto him, needs not husband and educate a few, to share with him a select and poetic life. His relation to men is angelic; his memory is myrrh to them; his presence, frankincense and flowers.",Ralph Waldo Emerson,"conformity, government, individual, noncomformity, taxes",Transcendentalismo
"In a democracy the poor will have more power than the rich, because there are more of them, and the will of the majority is supreme. &It is also in the interests of a tyrant to keep his people poor, so that they may not be able to afford the cost of protecting themselves by arms and be so occupied with their daily tasks that they have no time for rebellion.",Aristotle,"altruism, conservative, government, liberal, libertarian, politics, progressive, selfishness, state",Peripatético / Aristotelismo
"The welfare of the people in particular has always been the alibi of tyrants, and it provides the further advantage of giving the servants of tyranny a good conscience.",Albert Camus,"freedom, government, libertarian, liberty, socialism, statism, voluntaryism",Existencialismo / Absurdismo
"Of all the varieties of virtues, liberalism is the most beloved.",Aristotle,"altruism, conservative, government, liberal, libertarian, politics, progressive, selfishness, state",Peripatético / Aristotelismo
"the ultimate aim of government is not to rule, or restrain by fear, nor to exact obedience, but to free every man from fear that he may live in all possible security... In fact the true aim of government is liberty.",Baruch Spinoza,"government, liberty",Racionalismo
"Then we got into a labyrinth, and, when we thought we were at the end,came out again at the beginning, having still to see as much as ever.",Plato,"cycle, eternal, journey, puzzle",Platonismo
"Man is fully responsible for his nature, choices and lifestyle.",Jean-Paul Sartre,"choices, choices-and-consequences, lifestyle-quotes, responsibility",Existencialismo
"To relate oneself expectantly to the possibility of the good is to hope. To relate oneself expectantly to the possibility of evil is to fear. By the decision to choose hope one decides infinitely more than it seems, because it is an eternal decision",Søren Kierkegaard,"choices, fear, freedom, hope, life",Existencialismo Cristão
"Few men speak humbly of humility, chastely of chastity, skeptically of skepticism.",Blaise Pascal,human-nature,Jansenismo / Existencialismo Cristão (precursor)
It is only because of their stupidity that they are able to be so sure of themselves.,Franz Kafka,"human-nature, stupidity",Existencialismo (influência) / Absurdo
Those who know that they are profound strive for clarity. Those who would like to seem profound to the crowd strive for obscurity.,Friedrich Nietzsche,"human-nature, obscurity, people, profound",Niilismo / Existencialismo (precursor)
"I am strangely tired, not from having talked so much but at the mere thought of what I still have to say",Albert Camus,"human-nature, life, philosophy",Existencialismo / Absurdismo
"When a man is prey to his emotions, he is not his own master.",Baruch Spinoza,"attitude, control, emotions",Racionalismo
"Your only problem, perhaps, is that you scream without letting yourself cry.",Friedrich Nietzsche,"cry, emotions, nietzsche, scream",Niilismo / Existencialismo (precursor)
After coming into contact with a religious man I always feel I must wash my hands.,Friedrich Nietzsche,atheism,Niilismo / Existencialismo (precursor)
Better a diamond with a flaw than a pebble without.,Confucius,"gems, value",Confucionismo
"Even if, by some especially unfortunate fate or by the niggardly provision of stepmotherly nature, [the good will] should be wholly lacking in the power to accomplish its purpose; if with the greatest effort it should yet achieve nothing, and only the good will should remain (not, to be sure, as a mere wish but as the summoning of all the means in our power), yet would it, like a jewel, still shine by its own light as something which has its full value in itself.",Immanuel Kant,"ends, good-will, jewels, light-of-nature, value",Idealismo Transcendental
I should like to be able to love my country and still love justice.,Albert Camus,"justice, nationalism, patriotism",Existencialismo / Absurdismo
"Can I by justice or by crooked ways of deceit ascend a loftier tower which may he a fortress to me all my days? For what men say is that, if I am really just and am not also thought just profit there is none, but the pain and loss on the other hand are unmistakable. But if, though unjust, I acquire the reputation of justice, a heavenly life is promised to me. Since then, as philosophers prove, appearance tyrannizes over truth and is lord of happiness, to appearance I must devote myself.",Plato,"justice, rhetoric, sophistry",Platonismo
"The kosmos works by harmony of tensions, like lyre and bow. Good and evil are one. On the one hand God sees all as well, fair, and good; on the other hand a human being sees injustice here, justice there. Justice in our minds is strife. We cannot help but see war makes us as we are.",Heraclitus,"good-and-evil, justice, moral-world-order, war",Pré-socrático
The First wealth is health.,Ralph Waldo Emerson,health,Transcendentalismo
"Such things as are good simply because they have been commanded or instituted, or as being symbols of something good, are mere shadows which cannot be reckoned among actions that are the offspring, as it were, or fruit of a sound mind and of intellect.",Baruch Spinoza,good,Racionalismo
Much of what we call evil can often be converted into a bracing and tonic good by a simple change of the sufferer's inner attitude from one of fear to one of fight,William James,"call-evil, fear, fight, good, inner-attitude",Pragmatismo
"One day, the old wise Socrates walks down the streets, when all of the sudden a man runs up to him ""Socrates I have to tell you something about your friend who...""""Hold up"" Socrates interrupts him ""About the story you're about to tell me, did you put it trough the three sieves?""""Three sieves?"" The man asks ""What three sieves?""""Let's try it"" Socrates says.""The first sieve is the one of truth, did you examine what you were about to tell me if it is true?"" Socrates asks.""Well no, I just overheard it"" The man says.""Ah, well then you have used the second sieve, the sieve of good?"" Socrates asks ""Is it something good what you're about to tell me?""""Ehm no, on the contrary"" the man answers.""Hmmm"" The wise man says ""Let's use the third sieve then, is it necessary to tell me what you're so exited about?""""No not necessary"" the man says.""Well"" Socrates says with a smile ""If the story you're about to tell me isn't true, good or necessary, just forget it and don't bother me with it.",Socrates,"good, tolerance, truth",Filosofia Socrática
"At bottom every man knows well enough that he is a unique being, only once on this earth; and by no extraordinary chance will such a marvelously picturesque piece of diversity in unity as he is, ever be put together a second time.",Friedrich Nietzsche,"diversity, evolution, genetics",Niilismo / Existencialismo (precursor)
Nature has made up her mind that what cannot defend itself shall not be defended.,Ralph Waldo Emerson,"evolution, nature, self-defence",Transcendentalismo
"Species do not grow more perfect: the weaker dominate the strong again and again - the reason being they are the great majority, and they are also cleverer.... Darwin forgot the mind (- that in English): the weak possess more mind. ... To acquire mind one must need mind - one loses it when one no longer needs it. He who possesses strength divests himself of mind.",Friedrich Nietzsche,"anti-darwin, evolution, survival-of-species",Niilismo / Existencialismo (precursor)
It is impossible to begin to learn that which one thinks one already knows.,Epictetus,humility,Estoicismo
No reproach for a person willing to give honorable service in the passion to become wise.,Plato,"education, humility, teachability",Platonismo
"It is not so much what happens to you as how you think about what happens."" Epictetus",Epictetus,"attitude, inspirational",Estoicismo
"When we observe how some people know how to manage their experiences--their insignificant, everyday experiences--so that they become an arable soil that bears fruit three times a year, while others--and how many there are!--are driven through surging waves of destiny, the most multifarious currents of the times and the nations, and yet always remain on top, bobbing like a cork, then we are in the end tempted to divide mankind into a minority (a minimality) of those who know how to make much of little, and a majority of those who know how to make little of much.",Friedrich Nietzsche,"attitude, everyday, experiences, life",Niilismo / Existencialismo (precursor)
"My dear,In the midst of hate, I found there was, within me, an invincible love.In the midst of tears, I found there was, within me, an invincible smile.In the midst of chaos, I found there was, within me, an invincible calm.I realized, through it all, that…In the midst of winter, I found there was, within me, an invincible summer.And that makes me happy. For it says that no matter how hard the world pushes against me, within me, there’s something stronger – something better, pushing right back.Truly yours,Albert Camus”I like this because only one part is usually quoted but the full quote has such symmetry.",Albert Camus,"attitude, full-quotes, life-lessons, self-worth",Existencialismo / Absurdismo
"Lao Tzu ""The key to growth is the introductionof higher dimensions of consciousnessinto our awareness.",Lao Tzu,"spiritual-sayings, spiritual-wisdom",Taoismo
"Cultivate the habit of being grateful for every good thing that comes to you, and to give thanks continuously. And because all things have contributed to your advancement, you should include all things in your gratitude.",Ralph Waldo Emerson,gratitude,Transcendentalismo
"For each new morning with its light,For rest and shelter of the night,For health and food, for love and friends,For everything Thy goodness sends.",Ralph Waldo Emerson,gratitude,Transcendentalismo
"In the vast reaches of the dry, cold night, thousands of stars were constantly appearing, and their sparkling icicles, loosened at once, began to slip gradually toward the horizon.",Albert Camus,"breathe, look-up-and-enjoy-life, perspective, relax",Existencialismo / Absurdismo
"The world you see, nature's greatest and most glorious creation, and the human mind which gazes and wonders at it, and is the most splendid part of it, these are our own everlasting possessions and will remain with us as long as we ourselves remain. So, eager and upright, let us hasten with bold steps wherever circumstances take us, and let us journey through any countries whatever: there can be no place of exile within the world since nothing within the world is alien to men.",Seneca,"exile, life, location, military, moving, perspective",Estoicismo
"The person who fights monsters should make sure that in the process, he does not become a monster himself. Because when you stare down at an abyss, the abyss stares back at you.",Friedrich Nietzsche,"actualization, fight, identification, self-realization, uncertainly",Niilismo / Existencialismo (precursor)
"How long are you going to wait before you demand the best for yourself and in no instance bypass the discriminations of reason? You have been given the principles that you ought to endorse, and you have endorsed them. What kind of teacher, then, are you still waiting for in order to refer your self-improvement to him? You are no longer a boy, but a full-grown man. If you are careless and lazy now and keep putting things off and always deferring the day after which you will attend to yourself, you will not notice that you are making no progress, but you will live and die as someone quite ordinary. From now on, then, resolve to live as a grown-up who is making progress, and make whatever you think best a law that you never set aside. And whenever you encounter anything that is difficult or pleasurable, or highly or lowly regarded, remember that the contest is now: you are at the Olympic Games, you cannot wait any longer, and that your progress is wrecked or preserved by a single day and a single event. That is how Socrates fulfilled himself by attending to nothing except reason in everything he encountered. And you, although you are not yet a Socrates, should live as someone who at least wants to be a Socrates.",Epictetus,philosophy-of-life,Estoicismo
All I know is that I do not know anything,Socrates,philosophy-of-life,Filosofia Socrática
"There is no sun without shadow, and it is essential to know the night.",Albert Camus,philosophy-of-life,Existencialismo / Absurdismo
"As to the roaming of sages,They move in utter emptiness,Let their minds meander in the great nothingness;They run beyond conventionAnd go through where there is no gateway.They listen to the soundlessAnd look at the formless,They are not constrained by societyAnd not bound to its customs.- Lao-tzu",Lao Tzu,philosophy-of-life,Taoismo
Sexual ecstasy is like death. It is one of the secrets of nature’s wisdom.,Marcus Aurelius,philosophy-of-life,Estoicismo
"The society we have described can never grow into a reality or see the light of day, and there will be no end to the troubles of states, or indeed, my dear Glaucon, of humanity itself, till philosophers become rulers in this world, or till those we now call kings and rulers really and truly become philosophers, and political power and philosophy thus come into the same hands.” ― Plato, Plato's Republic",Plato,philosophy-of-life,Platonismo
"Intelligent individuals learn from every thing and every one; average people, from their experiences. The stupid already have all the answers.",Socrates,"behavioural-psychology, philosophy-of-life",Filosofia Socrática
"Remember that all we have is “on loan” from Fortune, which can reclaim it without our permission—indeed, without even advance notice. Thus, we should love all our dear ones, but always with the thought that we have no promise that we may keep them forever—nay, no promise even that we may keep them for long.",Seneca,"philosophy-of-life, stoicism",Estoicismo
"The Master, by residing in the Tao,sets an example for all beings.Because he doesn't display himself,people can see his light.Because he has nothing to prove,people can trust his ",Lao Tzu,"inspirational, philosophy-of-life, simplicity",Taoismo
"I think my life is of great importance, but I also think it is meaningless.",Albert Camus,"absurd, absurdism, musings, philosophy, philosophy-of-life",Existencialismo / Absurdismo
Nature loves to hide.,Heraclitus,philosophy-of-life,Pré-socrático
"So long as we exist, death is not with us; but when death comes, then we do not exist",Epicurus,philosophy-of-life,Epicurismo
The end toward which all human acts are directed is happiness.,Aristotle,"inspirational, philosophy-of-life",Peripatético / Aristotelismo
The saddest of all tragedies - the wasted life,Aristotle,"inspirational, philosophy-of-life",Peripatético / Aristotelismo
Kind words do not cost much. Yet they accomplish much,Blaise Pascal,philosophy-of-life,Jansenismo / Existencialismo Cristão (precursor)
"Good bye, proud world! I'm going home; Thou art not my friend, and I'm not thine",Ralph Waldo Emerson,home,Transcendentalismo
Everyone who has ever built anywhere a new heaven first found the power thereto in his own hell.,Friedrich Nietzsche,"heaven, hell, nietzsche",Niilismo / Existencialismo (precursor)
"Even if no salvation should come, I want to be worthy of it at every moment.",Franz Kafka,"every-moment, franz-kafka, heaven, kafka, life, moment, salvation, worthy",Existencialismo (influência) / Absurdo
"Heaven's net is wide, but its mesh is fine",Lao Tzu,"heaven, inspirational",Taoismo
There are no differences but differences of degree between different degrees of difference and no difference.,William James,"ambien, hallucinogenic-drugs, mysticism, nitrous-oxide, paranormal",Pragmatismo
The surest way to corrupt a youth is to instruct him to hold in higher esteem those who think alike than those who think differently.,Friedrich Nietzsche,"corruption, individuality, peer-pressure, youth",Niilismo / Existencialismo (precursor)
"Young people are in a condition like permanent intoxication, because life is sweet and they are growing.",Aristotle,"joy-of-life, youth",Peripatético / Aristotelismo
"In a moment, when I throw myself down among the absinthe plants to bring their scent into my body, I shall know, appearances to the contrary, that I am fulfilling a truth which is the sun's and which will also be my death's. In a sense, it is indeed my life that I am staking here, a life that tastes of warm stone, that is full of the signs of the sea and the rising song of the crickets. The breeze is cool and the sky blue. I love this life with abandon and wish to speak of it boldly: it makes me proud of my human condition. Yet people have often told me: there's nothing to be proud of. Yes, there is: this sun, this sea, my heart leaping with youth, the salt taste of my body and this vast landscape in which tenderness and glory merge in blue and yellow. It is to conquer this that I need my strength and my resources. Everything here leaves me intact, I surrender nothing of myself, and don no mask: learning patiently and arduously how to live is enough for me, well worth all their arts of living.",Albert Camus,"sensualism, youth",Existencialismo / Absurdismo
"Regard your good name as the richest jewel you can possibly be possessed of -- for credit is like fire; when once you have kindled it you may easily preserve it, but if you once extinguish it, you will find it an arduous task to rekindle it again. The way to a good reputation is to endeavor to be what you desire to appear.",Socrates,"honor, integrity, reputation, respect",Filosofia Socrática
"No one can insult me, because I do not want respect.No one can defeat me, because I have given up the idea of winning.How can you defeat me? You can only defeat someone who wants to win.",Lao Tzu,"defeat, insult, respect, winning",Taoismo
"What I write is different from what I say, what I say is different from what I think, what I think is different from what I ought to think and so it goes further into the deepest darkness.",Franz Kafka,communication,Existencialismo (influência) / Absurdo
To speak little is natural. Therefore a gale does not blow a whole morning nor does a downpour last a whole day.,Lao Tzu,communication,Taoismo
A problem well-defined is a problem half solved.,John Dewey,"communication, decision-making, problem-solving",Pragmatismo
"What I must do, is all that concerns me, not what the people think. This rule, equally arduous in actual and in intellectual life, may serve for the whole distinction between greatness and meanness. It is the harder, because you will always find those who think they know what is your duty better than you know it. It is easy in the world to live after the world's opinion; it is easy in solitude to live after our own; but the great man is he who in the midst of the crowd keeps with perfect sweetness the independence of solitude.",Ralph Waldo Emerson,"mindfulness, solitude",Transcendentalismo
"One sticks to an opinion because he prides himself on having come to it on his own, and another because he has taken great pains to learn it and is proud to have grasped it: and so both do so out of vanity.",Friedrich Nietzsche,"opinions, pride, vanity",Niilismo / Existencialismo (precursor)
"Early in the morning, at break of day, in all the freshness and dawn of one’s strength, to read a book – I call that viciousness!",Friedrich Nietzsche,pride,Niilismo / Existencialismo (precursor)
"Because one believes in oneself, one doesn't try to convince others. Because one is content with oneself, one doesn't need others' approval. Because one accepts oneself, the whole world accepts him or her.",Lao Tzu,"acceptance, contentment, perception, self-acceptance, self-assurance, self-confidence",Taoismo
"The end of a melody is not its goal: but nonetheless, had the melody not reached its end it would not have reached its goal either. A parable.",Friedrich Nietzsche,"acceptance, endings",Niilismo / Existencialismo (precursor)
"Be not virtuous beyond your powers! And seek nothing from yourselves opposed to probability!...Shy, ashamed, awkward, like the tiger whose spring hath failed—thus, ye higher men, have I often seen you slink aside. A cast which ye made had failed...The higher its type, always the seldomer doth a thing succeed. Ye higher men here, have ye not all—been failures?Be of good cheer; what doth it matter? How much is still possible! Learn to laugh at yourselves, as ye ought to laugh!What wonder even that ye have failed and only half-succeeded, ye half-shattered ones! Doth not—man's future strive and struggle in you?Man's furthest, profoundest, star-highest issues, his prodigious powers—do not all these foam through one another in your vessel?What wonder that many a vessel shattereth! Learn to laugh at yourselves, as ye ought to laugh! Ye higher men, Oh, how much is still possible!",Friedrich Nietzsche,"acceptance, striving, sufficiency",Niilismo / Existencialismo (precursor)
"The earth makes a sound as of sighs and the last drops fall from the emptied cloudless sky. A small boy, stretching out his hands and looking up at the blue sky, asked his mother how such a thing was possible. Fuck off, she said.",Samuel Beckett,"beckett, fuck, irish, off, samuel, writer",Teatro do Absurdo
"I have walked myself into my best thoughts and I know of no thought so burdensome that one cannot walk away from it...but by sitting still, and the more one sits still, the closer one comes to feeling ill.",Søren Kierkegaard,"19th-century-philosopher, writer",Existencialismo Cristão
"The existence of the writer is an argument against the existence of the soul, for the soul has obviously taken flight from the real ego, but not improved itself, only become a writer.",Franz Kafka,"ego, existence, flight, soul, writer",Existencialismo (influência) / Absurdo
Prayer is listening.,Søren Kierkegaard,"discipleship, focus, thought-life",Existencialismo Cristão
"He who writes in blood and aphorisms does not want to be read, he wants to be learned by heart.",Friedrich Nietzsche,"author, blood, writing",Niilismo / Existencialismo (precursor)
A writer never takes a vacation. For a writer life consists of either writing or thinking about writing,Eugène Ionesco,author,Teatro do Absurdo
"Writers whose thoughts are expressed with clarity and precision are assumed by readers to be superficial. Where the meaning is obscured, then readers give more attention and consider the fruit of their labour more valuable",Friedrich Nietzsche,"author, clarity, cynical, obscure, precision, reader",Niilismo / Existencialismo (precursor)
"She is so distinct to me, it's as though I had run my hands all over her.",Franz Kafka,"imagery, romantic",Existencialismo (influência) / Absurdo
No great man ever complains of want of opportunity.,Ralph Waldo Emerson,opportunity,Transcendentalismo
We are born under circumstances that would be favorable if we did not abandon them. It was nature's intention that there should be no need of great equipment for a good life: every individual can make himself happy.,Seneca,"happiness, life, opportunity",Estoicismo
"To the poet, to the philosopher, to the saint, all things are friendly and sacred, all events profitable, all days holy, all men divine.",Ralph Waldo Emerson,"divine, holy, philosopher, poet, sacred",Transcendentalismo
Simply to acquiesce in skepticism can never suffice to overcome the restlessness of reason.,Immanuel Kant,"reason, skepticism",Idealismo Transcendental
Time heals what reason cannot.,Seneca,"reason, time",Estoicismo
But all remains unchanged.,Franz Kafka,"anxiety, reason, unfinished",Existencialismo (influência) / Absurdo
"In the woods, we return to reason and faith. There I feel that nothing can befall me in life, — no disgrace, no calamity, (leaving me my eyes,) which nature cannot repair.",Ralph Waldo Emerson,"faith, nature, reason",Transcendentalismo
Shows itself in the notion that what may be objectively true may in the mouth of certain people become false.,Søren Kierkegaard,"faith, philosophy-of-religion, reason, subjectivity, subjectivity-is-truth",Existencialismo Cristão
Nihil est sine ratione.[There is nothing without a reason.],Gottfried Wilhelm Leibniz,"leibniz, nothing, reason",Racionalismo
I call him free who is led solely by reason.,Baruch Spinoza,"freedom, philosophy, reason",Racionalismo
"The whole interest of my reason, whether speculative or practical, is concentrated in the three following questions: What can I know? What should I do? What may I hope? (Critique of Pure Reason",Immanuel Kant,"ethics, kant, philosophy, reason",Idealismo Transcendental
"In proportion as we endeavor to live according to the guidance of reason, shall we strive as much as possible to depend less on hope, to liberate ourselves from fear, to rule fortune, and to direct our actions by the sure counsels of reason.",Baruch Spinoza,reason,Racionalismo
You have given me a gift such as I never even dreamt of finding in this life.,Franz Kafka,gift,Existencialismo (influência) / Absurdo
"Being, as the basic theme of philosophy, is no class or genus of entities; yet it pertains to every entity. Its 'universality' is to be sought higher up. Being and the structure of Being lie beyond every entity and every possible character which an entity may possess. *Being is a transcendens pure and simple*. And the transcendence of Dasein's Being is distinctive in that it implies the possibility and the necessity of the most radical *individuation*. Every disclosure of Being as the *transcendens* is *transcendental* knowledge. *Phenomenological truth (the disclosedness of Being) is veritas transcendentalis*.Ontology and phenomenology are not two distinct philosophical disciplines among others. These terms characterize philosophy itself with regard to its object and its way of treating that object. Philosophy is universal phenomenological ontology, and takes its departure from the hermeneutic of Dasein, which, as an analytic of *existence*, has made fast the guide-line for all philosophical inquiry at the point where it *arises* and to which it *returns*.""―from_Being and Time_. Translated by John Macquarrie & Edward Robinson, p. 62",Martin Heidegger,"being, existence, heidegger, metaphysics, ontology, phenomenology",Fenomenologia / Existencialismo
"Even more, in the created thing, is a perfection that she exists; since the greatest of all imperfections is, not to exist.",Baruch Spinoza,"existence, life",Racionalismo
"If existence really does precede essence, there is no explaining things away by reference to a fixed and given human nature, In other words, there is no determinism, man is free, man is freedom. On the other hand, if God does not exist, we find no values or commands to turn to which legitimize our conduct. So, in the bright realm of values, we have no excuses behind us, no justification before us. We are alone with no excuses.This is the idea I shall try to convey when I say that man is condemned to be free. Condemned, because he did not create himself, yet in other respects is free; because once thrown into the world, he is responsible for everything he does.",Jean-Paul Sartre,"condemnation, existence, existentialism, freedom, god, humanism, life, purpose, responsibility, valuesmnation",Existencialismo
"Come, sleep and death; you promise nothing, you hold everything.",Søren Kierkegaard,"death, existence, existentialism, sleep",Existencialismo Cristão
"There are, as is known, insects that die in the moment of fertilization. So it is with all joy: life’s highest, most splendid moment of enjoyment is accompanied by death.",Søren Kierkegaard,"death, either-or, existence, existentialism, life-lessons",Existencialismo Cristão
"I shall be as willing as the next man to fall down in worship before the System, if only I can manage to set eyes on it. Hitherto I have had no success; and though I have young legs, I am almost weary from running back and forth... Once or twice I have been on the verge of bending the knee. But at the last moment, when I already had my handkerchief spread on the ground, to avoid soiling my trousers, and I made a trusting appeal to one of the initiated who stood by: ""Tell me now sincerely, is it entirely finished; for if so I will kneel down before it, even at the risk of ruining a pair of trousers (for on account of the heavy traffic to and from the system, the road has become quite muddy),"" - I always receive the same answer: ""No, it is not yet quite finished."" And so there was another postponement - of the system, and of my homage. System and finality are pretty much one and the same, so much so that if the system is not finished, there is no system.",Søren Kierkegaard,"existence, finality, system",Existencialismo Cristão
"Atlas was permitted the opinion that he was at liberty, if he wished, to drop the Earth and creep away; but this opinion was all that he was permitted.",Franz Kafka,"liberty, life, opinion",Existencialismo (influência) / Absurdo
"This is why it is not true that culture can be, even temporarily, suspended in order to make way for a new culture. Man’s unbroken testimony as to his suffering and his nobility cannot be suspended; the act of breathing cannot be suspended. There is no culture without legacy, and we cannot and must not reject anything of ours, the legacy of the West. Whatever the works of the future may be, they will bear the same secret, made up of courage and freedom, nourished by the daring of thousands of artists of all times and all nations. Yes, when modern tyranny shows us that, even when confined to his calling, the artist is a public enemy, it is right. But in this way tyranny pays its respects, through the artist, to an image of man that nothing has ever been able to crush. My conclusion will be simple. It will consist of saying, in the very midst of the sound and the fury of our history: “Let us rejoice.",Albert Camus,"camus, liberty, tyranny",Existencialismo / Absurdismo
"A thought, even a possibility, can shatter and transform us.",Friedrich Nietzsche,"possibility, profundity, thought",Niilismo / Existencialismo (precursor)
"A thought comes when it will, not when I will.",Friedrich Nietzsche,thought,Niilismo / Existencialismo (precursor)
"We have to cease to think, if we refuse to do it in the prison house of language; for we cannot reach further than the doubt which asks whether the limit we see is really a limit.",Friedrich Nietzsche,"limit-of-language, prison-house, thought",Niilismo / Existencialismo (precursor)
Only those thoughts which come from walking have any value,Friedrich Nietzsche,"thought, walking",Niilismo / Existencialismo (precursor)
The revelation of thought takes men out of servitude into freedom.,Ralph Waldo Emerson,"freedom, philosophy, thought",Transcendentalismo
"The two limits of every unit of thinking are a perplexed, troubled, or confused situation at the beginning, and a cleared up, unified, resolved situation at the close.",John Dewey,"limits, thought",Pragmatismo
The last thing one knows when writing a book is what to put first.,Blaise Pascal,thought,Jansenismo / Existencialismo Cristão (precursor)
To create is to live twice.,Albert Camus,"albert-camus, create, live",Existencialismo / Absurdismo
I look a girl in the eye and it was a very long love story with thunder and kisses and lightning. I live fast.,Franz Kafka,"franz-kafka, kiss, live, love",Existencialismo (influência) / Absurdo
"It is comic that a mentally disordered man picks up any piece of granite and carries it around because he thinks it is money, and in the same way it is comic that Don Juan has 1,003 mistresses, for the number simply indicates that they have no value. Therefore, one should stay within one’s means in the use of the word ""love"".",Søren Kierkegaard,"inspirational, live, love",Existencialismo Cristão
"Life is hard, the earth stubborn, science rich in knowledge but poor in practical results.",Franz Kafka,"earth, life, science",Existencialismo (influência) / Absurdo
"Whosoever is delighted in solitude, is either a wild beast or a god.",Aristotle,solitude,Peripatético / Aristotelismo
Guard well your spare moments. They are like uncut diamonds. Discard them and their value will never be known. Improve them and they will become the brightest gems in a useful life.,Ralph Waldo Emerson,"leisure, solitude",Transcendentalismo
"Allow the heart to empty itself of all turmoil! Retrieve the utter tranquility of the mind from which you issued.Although all forms are dynamic,and we all grow and transform,each of us is compelled to return to our root. Our root is quietude.",Lao Tzu,"quietness, solitude",Taoismo
All men's miseries derive from not being able to sit quiet in a room alone.,Blaise Pascal,"quiet, solitude",Jansenismo / Existencialismo Cristão (precursor)
Your bad love of yourselves makes solitude a prison to you.,Friedrich Nietzsche,solitude,Niilismo / Existencialismo (precursor)
Isolation is a way to know ourselves.,Franz Kafka,"isolation, solitude",Existencialismo (influência) / Absurdo
"You once said that you would like to sit beside me while I write. Listen, in that case I could not write at all. For writing means revealing oneself to excess; that utmost of self-revelation and surrender, in which a human being, when involved with others, would feel he was losing himself, and from which, therefore, he will always shrink as long as he is in his right mind-- for everyone wants to live as long as he is alive-- even the degree of self-revelation and surrender is not enough for writing.Writing that springs from the surface of existence-- when there is no other way and deeper wells have dried up-- is nothing, and collapses the moment a truer emotion makes the surface shake. That is why one can never be alone enough when one writes, why there can never be enough silence around one when one writes, why even night is not night enough.",Franz Kafka,"solitude, writing",Existencialismo (influência) / Absurdo
"It is a frightful satire and an epigram on the modern age that the only use it knows for solitude is to make it a punishment, a jail sentence.",Søren Kierkegaard,"introversion, modernity, solitude",Existencialismo Cristão
"Patience is bitter, but its fruit is sweet.",Aristotle,patience,Peripatético / Aristotelismo
"All human errors are impatience, a premature breaking off of methodical procedure, an apparent fencing-in of what is apparently at issue.",Franz Kafka,patience,Existencialismo (influência) / Absurdo
"People who walk across dark bridges, past saints,with dim, small lights.Clouds which move across gray skiespast churcheswith towers darkened in the dusk.One who leans against granite railinggazing into the evening waters,His hands resting on old stones.",Franz Kafka,"darkened, dim, dusk, inspire, lights, people, stones",Existencialismo (influência) / Absurdo
"Commit a crime, and the earth is made of glass.",Ralph Waldo Emerson,crime,Transcendentalismo
"The word miracle, as pronounced by Christian churches, gives a false impression; it is a monster. It is not one with the blowing clover and the falling rain.",Ralph Waldo Emerson,"christian, church, false, miracle, monster, nature, rain",Transcendentalismo
"The poet cannot invent new words every time, of course. He uses the words of the tribe. But the handling of the word, the accent, a new articulation, renew them.",Eugène Ionesco,inspirational-quote,Teatro do Absurdo
"Let the young soul survey its own life with a view of the following question: ‘What have you truly loved thus far? What has ever uplifted your soul, what has dominated and delighted it at the same time?",Friedrich Nietzsche,"affection, maturation, values",Niilismo / Existencialismo (precursor)
No law can be sacred to me but that of my nature. Good and bad are but names very readily transferable to that or this.,Ralph Waldo Emerson,"emerson, freedom, individuality, morals, values",Transcendentalismo
"Mistaken ideas always end in bloodshed, but in every case it is someone else's blood. This is why our thinkers feel free to say just about anything.",Albert Camus,"the-human-condition, thinkers, violence",Existencialismo / Absurdismo
"The stars awaken a certain reverence, because though always present, they are inaccessible",Ralph Waldo Emerson,"nature, reverence, sky, stars, sublime",Transcendentalismo
"Is it not true that the clever rogue is like the runner who runs well for the first half of the course, but flags before reaching the goal: he is quick off the mark, but ends in disgrace and slinks away crestfallen and uncrowned. The crown is the prize of the really good runner who perseveres to the end.",Plato,"analogy, inspirational, motivational, perseverance, philosophy, running",Platonismo
"If quick, I survive.If not quick, I am lost.This is ""death.",Sun Tzu,"spy, survival",Filosofia Militar Chinesa
Man is not worried by real problems so much as by his imagined anxieties about real problems,Epictetus,"anxiety, mankind",Estoicismo
"All the greatest blessings are a source of anxiety, and at no time should fortune be less trusted than when it is best; to maintain prosperity there is need of other prosperity, and in behalf of the prayers that have turned out well we must make still other prayers. For everything that comes to us from chance is unstable, and the higher it rises, the more liable it is to fall. Moreover, what is doomed to perish brings pleasure to no one; very wretched, therefore, and not merely short, must the life of those be who work hard to gain what they must work harder to keep. By great toil they attain what they wish, and with anxiety hold what they have attained; meanwhile they take no account of time that will never more return.",Seneca,"anxiety, blessings, chance, good-fortune, life, luck, prayers, prosperity, time, wasting-time",Estoicismo
"Everywhere we remain unfree and chained to technology, whether we passionately affirm or deny it. But we are delivered over to it in the worst possible way when we regard it as something neutral; for this conception of it, to which today we particularly pay homage, makes us utterly blind to the essence of technology.",Martin Heidegger,"heidegger, ideology, technology",Fenomenologia / Existencialismo
"Yes, but does Maine have anything to SAY to Florida?",Ralph Waldo Emerson,"humor, modernism, progress, technology",Transcendentalismo
All things are subject to interpretation. Whichever interpretation prevails at a given time is a function of power and not truth.,Friedrich Nietzsche,perception,Niilismo / Existencialismo (precursor)
Time is the moving image of eternity.,Plato,"metaphor, philosophy, time, vision",Platonismo
... We need the sweet pain of anticipation to tell us we are really alive.,Albert Camus,"anticipation, chapter, true-love",Existencialismo / Absurdismo
Big jobs usually go to the men who prove their ability to outgrow small ones.,Ralph Waldo Emerson,"ability, ability-and-attitude, effort, hard-work, inspirational, job, jobs, prove, worth",Transcendentalismo
"Every existing thing is born without reason, prolongs itself out of weakness and dies by chance.",Jean-Paul Sartre,"dark, hoplessness, life, nihilism",Existencialismo
He who fights with monsters might take care lest he thereby becomes a monster.,Friedrich Nietzsche,"dark, philosophy",Niilismo / Existencialismo (precursor)
The most clear-sided view of the darkest possible situation is itself an act of optimism,Jean-Paul Sartre,"dark, writing",Existencialismo
Genius is the ability to independently arrive at and understand concepts that would normally have to be taught by another person.,Immanuel Kant,"brilliance, education, genius, independent, intellect, intelligence, self-education, taught, teaching",Idealismo Transcendental
Sometimes at night I would sleep open-eyed underneath a sky dripping with stars. I was alive then.,Albert Camus,"life, sleep",Existencialismo / Absurdismo
"In practice it is death that works soseductively behind the image of its brother, sleep",Friedrich Nietzsche,"death, sleep",Niilismo / Existencialismo (precursor)
"Knowing others is Wisdom, knowing yourself is Enlightenment",Lao Tzu,enlightenment,Taoismo
"The main point of enlightenment is man's release from his self-caused immaturity, primarily in matters of religion.",Immanuel Kant,"enlightenment, religion",Idealismo Transcendental
"Enlightenment is man's emergence from his self-imposed nonage. Nonage is the inability to use one's own understanding without another's guidance. This nonage is self-imposed if its cause lies not in lack of understanding but in indecision and lack of courage to use one's own mind without another's guidance. Dare to know! (Sapere aude.) ""Have the courage to use your own understanding,"" is therefore the motto of the enlightenment.",Immanuel Kant,enlightenment,Idealismo Transcendental
"Laws are partly formed for the sake of good men, in order to instruct them how they may live on friendly terms with one another, and partly for the sake of those who refuse to be instructed, whose spirit cannot be subdued, or softened, or hindered from plunging into evil.",Plato,law,Platonismo
Democracy becomes a government of bullies tempered by editors.,Ralph Waldo Emerson,democracy,Transcendentalismo
"Democracy arises out of the notion that those who are equal in any respect are equal in all respects; because men are equally free, they claim to be absolutely equal.",Aristotle,"democracy, equality",Peripatético / Aristotelismo
Things refuse to be mismanaged for long.,Ralph Waldo Emerson,mistakes,Transcendentalismo
"Naturally, in the course of my life I have made lots of mistakes, large and small, for one reason or another, but at the heart of it all, every time I made a mistake it was because I was not radical enough.",Jean-Paul Sartre,mistakes,Existencialismo
"To find the Father of all is hard. And when found, it is impossible to utter Him.",Socrates,"discipleshipipleship, evangelism, theology",Filosofia Socrática
"The tragedy is not that we are alone, but that we cannot be. At times I would give anything in the world to no longer be connected by anything to this universe of men.",Albert Camus,"alone, escape, existentialism",Existencialismo / Absurdismo
"You are unfortunate in my judgment, for you have never been unfortunate. You have passed through life with no antagonist to face you; no one will know what you were capable of, not even you yourself.",Seneca,"adversity, resiliency, stoicisim",Estoicismo
"The more clearly you understand yourself and your emotions, the more you become a lover of what is.",Baruch Spinoza,you,Racionalismo
Estragon: They're too bigVladimir: Perhaps you'll have socks some day,Samuel Beckett,growing-up,Teatro do Absurdo
"To laugh often and much,to win the respect of the intelligent peopleand the affection of children; to earn the appreciation of honest criticsand endure the betrayal of false friends;to appreciate beauty;to find the best in others; to leave the world.",Ralph Waldo Emerson,"affection, inspirational, life, love, sorrow",Transcendentalismo
"To laugh often and much; To win the respect of intelligent people and the affection of children; To earn the appreciation of honest critics and endure the betrayal of false friends; To appreciate beauty, to find the best in others; To leave the world a bit better, whether by a healthy child, a garden patch, or a redeemed social condition; To know even one life has breathed easier because you have lived. This is to have succeeded.",Ralph Waldo Emerson,achievement,Transcendentalismo
"The reward of a thing well done, is to have done it.",Ralph Waldo Emerson,"ability, achievement",Transcendentalismo
He has half the deed done who has made a beginning.,Horace,achievement,Epicurismo (influência)
"The Master said, “A true gentleman is one who has set his heart upon the Way. A fellow who is ashamed merely of shabby clothing or modest meals is not even worth conversing with.”(Analects 4.9)",Confucius,"capitalism, china, consumerism, greed, materialism, simplicity, virtue",Confucionismo
"The Master said, “If your conduct is determined solely by considerations of profit you will arouse great resentment.",Confucius,"capitalism, consumerism, greed, materialism, profit",Confucionismo
"The Master said, “The gentleman understands what is right, whereas the petty man understands profit.”(Analects 4.16)",Confucius,"capitalism, china, consumerism, greed",Confucionismo
"The Master said, “Wealth and honor are things that all people desire, and yet unless they are acquired in the proper way I will not abide them. Poverty and disgrace are things that all people hate, and yet unless they are avoided in the proper way I will not despise them. “If the gentleman abandons ren, how can he be worthy of that name? The gentleman does not violate ren even for the amount of time required to eat a meal. Even in times of urgency or distress, he does not depart from it.”(Analects 4.5)",Confucius,"capitalism, greed, simplicity, virtue",Confucionismo
"The Master said, “The gentleman does not serve as a vessel.”(Analects 2.12)",Confucius,"capitalism, dignity, greed, honor",Confucionismo
Most powerful is he who has himself in his power.,Seneca,"empowerment, power, selfhelp",Estoicismo
One idea lights a thousand candles.,Ralph Waldo Emerson,"ideas, ideas-are-power",Transcendentalismo
"I count him braver who overcomes his desires than him who conquers his enemies, for the hardest victory is over self.",Aristotle,"ethics, philosphy, self-discovery",Peripatético / Aristotelismo
"If there were a party of those who aren't sure they're right, I'd belong t",Albert Camus,"camus, ethics, philosophy, tony-judt",Existencialismo / Absurdismo
"The true religion is to be posited not in the knowledge or confession of what God allegedly does or has done for our salvation, but in what we must do to become worthy of this.",Immanuel Kant,"ethics, god, religion, salvation",Idealismo Transcendental
"those, who are believed to be most self—abased and humble, are generally in reality the most ambitious and envious",Baruch Spinoza,ethics,Racionalismo
"It is impossible, or not easy, to alter by argument what has long been absorbed by habit",Aristotle,"ancient-philosophy, aristotle, ethics, limits-of-philosophy, philosophy",Peripatético / Aristotelismo
Human beings are never to be treated as a means but always as ends.,Immanuel Kant,"ethics, selfishness",Idealismo Transcendental
"Every skill and every inquiry, and similarly every action and rational choice, is thought to aim at some good; and so the good had been aptly described as that at which everything aims.",Aristotle,"aristotle, ethics, the-good, virtue",Peripatético / Aristotelismo
"The follower aspires with all his strength to be what he admires. And then, remarkably enough, even though he lives amongst a 'Christian people,' he incurs the same peril as he did when it was dangerous to openly confess Christ. And because of the follower's life, it will become evident who the admirers are, for the admirers will become agitated with him. Even these words will disturb many - but then they must likewise belong to the admirers.",Søren Kierkegaard,discipleship,Existencialismo Cristão
"There is nothing I like better than conversing with aged men. For I regard them as travelers who have gone a journey which I too may have to go, and of whom I ought to inquire whether the way is smooth and easy or rugged and difficult. Is life harder toward the end, or what report do you give it?",Plato,"discipleship, heritage, mentoring",Platonismo
"By the rude bridge that arched the flood,Their flag to April's breeze unfurled,Here once the embattled farmers stood,And fired the shot heard round the world.The foe long since in silence slept;Alike the conqueror silent sleeps;And Time the ruined bridge has sweptDown the dark stream which seaward creeps.On this green bank, by this soft stream,We set to-day a votive stone;That memory may their deed redeem,When, like our sires, our sons are gone.Spirit, that made those heroes dareTo die, and leave their children free,Bid Time and Nature gently spareThe shaft we raise to them and thee.",Ralph Waldo Emerson,"revolution, shot-heard-around-the-world",Transcendentalismo
I do not know how to teach philosophy without becoming a disturber of established religion.,Baruch Spinoza,"disturbance, established-norms, new, philosophy, revolution, teach",Racionalismo
"Lenin only believes in the revolution and in the virtue of expediency.'One must be prepared for every sacrifice, to use, if necessary, every stratagem, ruse, illegal method, to be determined to conceal the truth, for the sole purpose of accomplishing, despite everything, the communist task'.",Albert Camus,"lenin, revolution",Existencialismo / Absurdismo
Human beings are by nature political animals,Aristotle,"humans, politics",Peripatético / Aristotelismo
"Ah, this dear old planet! All is clear now. We know ourselves; we now know of what we are capable.",Albert Camus,"destruction, humans",Existencialismo / Absurdismo
"Hence it is a superficial view (which presumably has never seen a person in despair, not even one’s own self) when it is said of a man in despair, ""He is consuming himself."" For precisely this it is he despairs of, and to his torment it is precisely this he cannot do, since by despair fire has entered into something that cannot burn, or cannot burn up, that is, into the self.",Søren Kierkegaard,"despair, the-self",Existencialismo Cristão
"Yet in another and still more definite sense despair is the sickness unto death. It is indeed very far from being true that, literally understood, one dies of this sickness, or that this sickness ends with bodily death. On the contrary, the torment of despair is precisely this, not to be able to die So it has much in common with the situation of the moribund when he lies and struggles with death, and cannot die. So to be sick unto death is, not to be able to die -- yet not as though there were hope of life; no the hopelessness in this case is that even the last hope, death, is not available. When death is the greatest danger, one hopes for life; but when one becomes acquainted with an even more dreadful danger, one hopes for death. So when the danger is so great that death has become one’s hope, despair is the disconsolateness of not being able to die.",Søren Kierkegaard,"despair, hope",Existencialismo Cristão
"The craving for equality can express itself either as a desire to pull everyone down to our own level (by belittling them, excluding them, tripping them up) or as a desire to raise ourselves up along with everyone else (by acknowledging them, helping them, and rejoicing in their success).",Friedrich Nietzsche,equality,Niilismo / Existencialismo (precursor)
"For love is exultant when it unites equals, but it is triumphant when it makes that which was unequal equal in love.",Søren Kierkegaard,"equality, exultant, kierkegaard, love, triumphant",Existencialismo Cristão
"Every king springs from a race of slaves, and every slave had kings among his ancestors.",Plato,"equal, equality, king, kings, slave, slavery",Platonismo
"Colleges hate geniuses, just as convents hate saints.",Ralph Waldo Emerson,"colleges, genius, home-schooling, humor, school",Transcendentalismo
"It facilitates labor and thought so much that there is always the temptation in large schools to omit the endless task of	meeting the wants of each single mind, and to govern by steam. But it is at frightful cost. Our modes of Education aim to expedite, to save labor; to do for masses what cannot be done for masses, what must be done reverently, one by one: say rather, the whole world is needed for the tuition of each pupil.",Ralph Waldo Emerson,"education, school",Transcendentalismo
"I confess myself utterly at a loss in suggesting particular reforms in our ways of teaching. No discretion that can be lodged with a school-committee, with the overseers or visitors of an academy, of a college, can at all avail to reach these difficulties and perplexities, but they solve themselves when we leave institutions and address individuals.",Ralph Waldo Emerson,"education, reform, school",Transcendentalismo
"But what then is capital punishment but the most premeditated of murders, to which no criminal's deed, however calculated it may be, can be compared? For there to be equivalence, the death penalty would have to punish a criminal who had warned his victim of the date at which he would inflict a horrible death on him and who, from that moment onward, had confined him at his mercy for months. Such a monster is not encountered in private life.",Albert Camus,"capital-punishment, murder",Existencialismo / Absurdismo
"Our purpose is to find out whether innocence, the moment it becomes involved in an action, can avoid committing murder.",Albert Camus,"innocence, murder",Existencialismo / Absurdismo
Everything flows and nothing stays.,Heraclitus,"change, motto-in-life, moving-on-and-letting-go, progress, truth",Pré-socrático
Such as thy words are such will thine affections be esteemed and such as thine affections will be thy deeds and such as thy deeds will be thy life ...,Socrates,quotes-to-live-by,Filosofia Socrática
The end of the human race will be that it will eventually die of civilization.,Ralph Waldo Emerson,satire,Transcendentalismo
The difficult problems in life always start off being simple. Great affairs always start off being small.,Lao Tzu,problems,Taoismo
"God is dead. God remains dead. And we have killed him. How shall we comfort ourselves, the murderers of all murderers? What was holiest and mightiest of all that the world has yet owned has bled to death under our knives: who will wipe this blood off us? What water is there for us to clean ourselves? What festivals of atonement, what sacred games shall we have to invent? Is not the greatness of this deed too great for us? Must we ourselves not become gods simply to appear worthy of it?",Friedrich Nietzsche,philosophical,Niilismo / Existencialismo (precursor)
The most important thing you do everyday you live is deciding not to kill yourself.,Albert Camus,philosophical,Existencialismo / Absurdismo
I begin with the principle that all men are bores. Surely no one will prove himself so great a bore as to contradict me in this.,Søren Kierkegaard,philosophical,Existencialismo Cristão
"Always be kind, for everyone is fighting a hard battle.",Plato,philosophical,Platonismo
He who is concerned only with the purity of his own life ruins the great human relations.,Confucius,"inspirational, philosophical",Confucionismo
I know that I know nothing,Plato,"inspirational, philosophical",Platonismo
"Be content with what you have;rejoice in the way things are.When you realize there is nothing lacking,the whole world belongs to you.",Lao Tzu,"ancient, chinese, inspirational, lao-tzu, philosophical, philosophy, self-reflection, spiritual, wisdom",Taoismo
I am smart because I know I nothing.,Plato,philosophical,Platonismo
"everyone endeavors as much as possible to make others love what he loves, and to hate what he hates... This effort to make everyone approve what we love or hate is in truth ambition, and so we see that each person by nature desires that other persons should live according to his way of thinking...",Baruch Spinoza,ambition,Racionalismo
Thought is the property of those only who can entertain it. -,Ralph Waldo Emerson,"law-of-attraction, new-thought, science-of-mind",Transcendentalismo
The way to write is to throw your body at the mark when all your arrows are spent.,Ralph Waldo Emerson,"archery, writing, writing-life",Transcendentalismo
"As the ironist does not have the new within his power, it might be asked how he destroys the old, and to this it must be answered: he destroys the given actuality by the given actuality itself.",Søren Kierkegaard,irony,Existencialismo Cristão
"It is not that we have a short space of time, but that we waste much of it. Life is long enough, and it has been given in sufficiently generous measure to allow the accomplishment of the very greatest things if the whole of it is well invested. But when it is squandered in luxury and carelessness, when it is devoted to no good end, forced at last by the ultimate necessity we perceive that it has passed away before we were aware that it was passing.",Seneca,"life, squandering, time, waste",Estoicismo
"It is a secret which every intellectual man quickly learns, that, beyond the energy of his possessed and conscious intellect, he is capable of a new energy (as of an intellect doubled on itself), by abandonment to the nature of things; that, beside his privacy of power as an individual man, there is a great public power, on which he can draw, by unlocking, at all risks, his human doors, and suffering the ethereal tides to roll and circulate through him: then is he caught up into the life of the Universe, his speech is thunder, his thought is law, and his words are universally intelligible as the plants and animals.",Ralph Waldo Emerson,"energy, ethereal-tides, great-public-power, individual-man, intellect, life-of-the-universe, nature-of-things",Transcendentalismo
"There is only one class of men, the privileged class",Albert Camus,"class, mankind, privilege",Existencialismo / Absurdismo
"It's like this, I think: the excellence of a good body doesn't make the soul good, but the other way around: the excellence of a good soul makes the body as good as it can be.",Plato,"body, fitness, gymnastics, soul",Platonismo
Stupidity has a knack for getting its way.,Albert Camus,humorous-quotes,Existencialismo / Absurdismo
"Vengeance is pointless, but certain men do not have a place in the world we sought to construct",Simone de Beauvoir,"revenge, vengence, world-war-ii",Existencialismo / Feminismo
"Vengeance is pointless, but certain men did not have a place in the world we sought to construct",Simone de Beauvoir,"revenge, vengeance, world-war-ii",Existencialismo / Feminismo
"He who least needs tomorrow, will most gladly greet tomorrow.",Epicurus,"inspirational, present, tomorrow, wisdom",Epicurismo
Any day stands equal to the rest.,Heraclitus,"cycles, now, present",Pré-socrático
By far the greatest and most admirable form of wisdom is that needed to plan and beautify cities and human communities.,Socrates,"cities, city, communities, community, socrates, urban-life, urban-planning, urbanism, wisdom",Filosofia Socrática
The perfect state is one where men weep and rejoice over the same things.,Plato,"community, unity",Platonismo
"To fear death, gentlemen, is no other than to think oneself wise when one is not, to think one knows what one does not know. No one knows whether death may not be the greatest of all blessings for a man, yet men fear it as if they knew that it is the greatest of evils.",Socrates,"death-and-dying, fear-of-death",Filosofia Socrática
"To die proudly when it is no longer possible to live proudly. Death of one's own free choice, death at the proper time, with a clear head and with joyfulness, consummated in the midst of children and witnesses: so that an actual leave-taking is possible while he who is leaving is still there",Friedrich Nietzsche,death-and-dying,Niilismo / Existencialismo (precursor)
"Concha would cry when she found out I was dead, she should have no taste for life for months afterward. But I was still the one who was going to die. I thought of her soft, beautiful eyes. when she looked at me something passed her to me. But I knew it was over: if she looked at me now the look would stay in her eyes, it wouldn't reach me. I was alone",Jean-Paul Sartre,"death-and-dying, fear, love, melancholy",Existencialismo
"Marriage is the perfection of what love aimed at, ignorant of what it sought.",Ralph Waldo Emerson,"love, marriage, perfection",Transcendentalismo
No great mind has ever existed without a touch of madness.,Aristotle,"aristotle, genius, great-minds, madness",Peripatético / Aristotelismo
"No excellent soul is exempt from a mixture of madness.- Aristotle (Attributed by Seneca in Moral Essays, ""De Tranquillitate Animi"" On Tranquility of Mind, sct. 17, subsct. 10.)",Aristotle,madness,Peripatético / Aristotelismo
Nūllum magnum ingenium sine mixtūrā dēmentiae fuitNo great talent without an element of madness,Seneca,"elements-of-being, madness, talent",Estoicismo
"Booty Butt, Booty Butt, Booty Butt Cheeks",René Descartes,true,Racionalismo
"He who wishes to secure the good of others, has already secured his own.",Confucius,goodness,Confucionismo
"We are members of one great body, planted by nature…. We must consider that we were born for the good of the whole",Seneca,"goodness, oneness, seneca",Estoicismo
"Man wants to live, but it is useless to hope that this desire will dictate all his actions.",Albert Camus,"actions, desires, life",Existencialismo / Absurdismo
"The way of the superior person is threefold; virtuous, they are free from anxieties; wise they are free from perplexities; and bold they are free from fear.",Confucius,"bold, virtue, wise",Confucionismo
"In medical science, as in daily life, it was unwise to jump to conclusions",Albert Camus,"conclusions, daily-life, evidence, wise",Existencialismo / Absurdismo
To be yourself in a world that is constantly trying to make you something else is the greatest accomplishment.,Ralph Waldo Emerson,"accomplishment, attributed-no-source, be-yourself, conformity, individuality",Transcendentalismo
"You have your way. I have my way. As for the right way, the correct way, and the only way, it does not exist.",Friedrich Nietzsche,"amorality, correct-way, individuality, my-way, only-way, right-way, the-way, your-way",Niilismo / Existencialismo (precursor)
"The individual has always had to struggle to keep from being overwhelmed by the tribe. If you try it, you will be lonely often, and sometimes frightened. But no price is too high to pay for the privilege of owning yourself.",Friedrich Nietzsche,individuality,Niilismo / Existencialismo (precursor)
"Insist on yourself; never imitate. Your own gift you can offer with the cumulative force of a whole life's cultivation, but of the adopted talent of another, you have only an extemporaneous, half possession.",Ralph Waldo Emerson,"individuality, self-expression, uniqueness",Transcendentalismo
A man is known by the books he reads.,Ralph Waldo Emerson,individuality,Transcendentalismo
"The Master said of Gong Yechang, “He is marriageable. Although he was once imprisoned and branded as a criminal, he was in fact innocent of any crime.” The Master gave him his daughter in marriage.(Analects 5.1)",Confucius,"conformity, individuality",Confucionismo
The time when you should most of all withdraw into yourself is when you are forced to be in a crowd.,Epicurus,"individuality, mass-culture, self-reliance",Epicurismo
"Capture your reader, let him not depart, from dull beginnings that refuse to start",Horace,writers-on-writing,Epicurismo (influência)
Material and infinite are inseparableAppreciating their interconnectednessis the gateway to understanding,Lao Tzu,"infinite, interbeing, lao-tzu, tao, unity",Taoismo
My guiding principle is this: Guilt is never to be doubted.,Franz Kafka,guilt,Existencialismo (influência) / Absurdo
In comparison with the spirit of priestly revenge all the remaining spirits are hardly worth considering.,Friedrich Nietzsche,"bitterness, guilt, religion, rules",Niilismo / Existencialismo (precursor)
"This is the hardest of all: to close the open hand out of love, and keep modest as a giver.",Friedrich Nietzsche,"difficult, enable, hard, help, love, modest, refuse",Niilismo / Existencialismo (precursor)
"All religions and spiritual traditions begin with the cry ""Help!",William James,"help, religion",Pragmatismo
"The more sand that has escaped from the hourglass of our life, the clearer we should see through it.",Jean-Paul Sartre,"growing-older, life-experience",Existencialismo
Let us face ourselves. We are Hyperboreans!,Friedrich Nietzsche,race,Niilismo / Existencialismo (precursor)
"I lay it down as a fact that if all men knew what others say of them, there would not be four friends in the world.",Blaise Pascal,"betrayal, frienship",Jansenismo / Existencialismo Cristão (precursor)
"So, if you don't summon a book and a light before dawn,If you don't set your mind on honest aims and pursuits,On waking, you'll be tortured by envy or lust.Why so quick to remove a speck from your eye, whenIf it's your mind, you put off the cure till next year?Who's started has half finished: dare to be wise: begin!",Horace,"aude, dare, know, learn, sapere",Epicurismo (influência)
"Criticism is something you can easily avoid by saying nothing, doing nothing, and being nothing.",Aristotle,criticism,Peripatético / Aristotelismo
A great truth wants to be criticized not idolized,Friedrich Nietzsche,"critical-thinking, criticism, epistemology, truth",Niilismo / Existencialismo (precursor)
"Criticism is something you can easily avoid — by saying nothing, doing nothing, and being nothing.",Aristotle,criticism,Peripatético / Aristotelismo
"There is only one way to avoid criticism: do nothing, say nothing, and be nothing.",Aristotle,"criticism, life, philosophers, wisdom",Peripatético / Aristotelismo
"He who is not contented with what he has, would not be contented with what he would like to have.",Socrates,"avarice, contentment, gluttony, greed",Filosofia Socrática
"Manifest plainness,Embrace simplicity,Reduce selfishness,Have few desires.",Lao Tzu,"detachment, envy, greed, illusions, selfishness, simplicity",Taoismo
"Even the most beautiful scenery is no longer assured of our love after we have lived in it for three months, and some distant coast attracts our avarice: possessions are generally diminished by possession.",Friedrich Nietzsche,"greed, possession",Niilismo / Existencialismo (precursor)
Nothing is sufficient for the person who finds sufficiency too little,Epicurus,"enough, greed, morals",Epicurismo
"There are two moments worthwhile in writing, the one when you start and the other when you throw it in the waste-paper basket.",Samuel Beckett,"composition, writing-advice, writing-philosophy",Teatro do Absurdo
Many of us pursue pleasure with such breathless haste that we hurry past it.,Søren Kierkegaard,pleasure,Existencialismo Cristão
"What if pleasure and displeasure were so tied together that whoever wanted to have as much as possible of one must also have as much as possible of the other. You have a choice in life: either as little displeasure as possible, painlessness in brief or as much displeasure as possible as the price for an abundance of subtle pleasures and joys",Friedrich Nietzsche,"displeasure, happiness, pain, pleasure",Niilismo / Existencialismo (precursor)
"Did you ever say yes to a pleasure? oh my friends, then you also said yes to all pain. all things are linked, entwined, in love with one another.",Friedrich Nietzsche,"nietzsche, pain, pleasure",Niilismo / Existencialismo (precursor)
"O my brothers, I dedicate and direct you to a new nobility: you shall become procreators and cultivators and sowers of the future — verily, not to a nobility that you might buy like shopkeepers and with shopkeepers' gold: for whatever has its price has little value. Not whence you came shall henceforth constitute your honor, but whither you are going! Your will and your foot which has a will to go over and beyond yourselves — that shall constitute your new honor.",Friedrich Nietzsche,will,Niilismo / Existencialismo (precursor)
"Weariness, which seeketh to get to the ultimate with one leap, with a death-leap; a poor ignorant weariness, unwilling even to will any longer: that created all Gods and backworlds.",Friedrich Nietzsche,"god, phantom, religion, weariness, will",Niilismo / Existencialismo (precursor)
"Life has no meaning a priori… It is up to you to give it a meaning, and value is nothing but the meaning that you choose.",Jean-Paul Sartre,"existentialism, humanism, post-modernism",Existencialismo
Nothingness haunts Being.,Jean-Paul Sartre,existentialism,Existencialismo
There comes a time in history when the man who dares to say that two and two make four is punished with death. The schoolteacher is well aware of this. And the question is not one of knowing what punishment or reward attends the making of this calculation. The question is that of knowing whether two and two do make four.,Albert Camus,existentialism,Existencialismo / Absurdismo
"Mother died today. Or maybe yesterday, I don't know.",Albert Camus,"albert-camus, existentialism, the-stranger",Existencialismo / Absurdismo
"Deep within every human being there still lives the anxiety over the possibility of being alone in the world, forgotten by God, overlooked among the millions and millions in this enormous household. One keeps this anxiety at a distance by looking at the many round about who are related to him as kin and friends, but the anxiety is still there, nevertheless, and one hardly dares think of how he would feel if all this were taken away.",Søren Kierkegaard,existentialism,Existencialismo Cristão
"If this had not been the case with Abraham, then perhaps he might have loved God but notbelieved; for he who loves God without faith reflects upon himself, he who loves God believingly reflects upon God.",Søren Kierkegaard,"existentialism, fear-and-trembling",Existencialismo Cristão
"Boredom is the root of all evil. It is very curious that boredom, which itself has such a calm and sedate nature, can have such a capacity to initiate motion. The effect that boredom brings about is absolutely magical, but this effect is one not of attraction but of repulsion.",Søren Kierkegaard,"boredom, existentialism",Existencialismo Cristão
"You are only excused for happiness and success if you generously agree to share them. But if one is to be happy, one should not worry too much about other people - which means there is no way out. Happy and judged or absolved and miserable.",Albert Camus,"albert-camus, camus, existentialism, the-fall",Existencialismo / Absurdismo
(About Sartre...)His death does not separate us. My death will not bring us together again. That is how things are. It is in itself splendid that we were able to live our lives in harmony for so long.,Simone de Beauvoir,"death, existentialism",Existencialismo / Feminismo
"I praise, I do not reproach, [nihilism's] arrival. I believe it is one of the greatest crises, a moment of the deepest self-reflection of humanity. Whether man recovers from it, whether he becomes master of this crisis, is a question of his strength",Friedrich Nietzsche,"existentialism, nihilism",Niilismo / Existencialismo (precursor)
"The thing that attracted me about philosophy was that it went straight to essentials. I had never liked fiddling detail; I perceived the general significance of things rather than their singularities, and I preferred understanding to seeing; I had always wanted to know everything; philosophy would allow me to appease this desire, for it aimed at total reality;philosophy went right to the heart of truth and revealed to me, instead of an illusory whirlwind of facts or empirical laws, an order, a reason, a necessity in everything.",Simone de Beauvoir,"existentialism, philosophy, truth",Existencialismo / Feminismo
"If we tried to rely entirely on reason and pressed it hard, our lives and beliefs would collapse – a form of madness that may actually occur if the inertial force of taking the world and life for granted is somehow lost. If we lose our grip on that, reason will not give it back to us.",Thomas Nagel,"absurdity, existentialism",Filosofia Analítica
"I leave Sisyphus at the foot of the mountain! One always finds one's burden again. ButSisyphus teaches the higher fidelity that negates the gods and raises rocks. He tooconcludes that all is well. This universe henceforth without a master seems to him neithersterile nor futile. Each atom of that stone, each mineral flake of that night filled mountain,in itself forms a world. The struggle itself toward the heights is enough to fill a man'sheart. One must imagine Sisyphus happy",Albert Camus,"absurd, absurdism, camus, existentialism, happiness, the-myth-of-sisyphus",Existencialismo / Absurdismo
...freedom only gives you something to be sorry for.,Jean-Paul Sartre,"existentialism, freedom, nihilism",Existencialismo
To stand on one leg and prove God's existence is a very different thing from going on one's knees and thanking Him.,Søren Kierkegaard,"christianity, existentialism, faith, philosophy-of-religion, religion, subjectivity",Existencialismo Cristão
We call love what binds us to certain creatures only by reference to a collective way of seeing for which books and legends are responsible.,Albert Camus,"absurd, existentialism, probably-bullshit",Existencialismo / Absurdismo
"It is now my intention to draw out from the story of Abraham the dialecticalconsequences inherent in it, expressing them in the form ofproblemata, in order to seewhat a tremendous paradox faith is, a paradox which is capable of transforming amurder into a holy act well-pleasing to God, a paradox which gives Isaac back toAbraham, which no thought can master, because faith begins precisely there wherethinking leaves off.",Søren Kierkegaard,"existentialism, faith, fear-and-trembling",Existencialismo Cristão
"If nothing had any meaning, you would be right. But there is something that still has a meaning.",Albert Camus,"absurdism, existentialism, meaning-of-life, nihilism, the-absurd",Existencialismo / Absurdismo
"The irrational, the human nostalgia, and the absurd that is born of their encounter - these are the three characters in the drama that must necessarily end with all the logic of which an existence is capable",Albert Camus,"existentialism, the-absurd",Existencialismo / Absurdismo
"When I consider the small span of my life absorbed in the eternity of all time, or the small part of space which I can touch or see engulfed by the infinite immensity of spaces that I know not and that know me not, I am frightened and astonished to see myself here instead of there … now instead of then.",Blaise Pascal,"astonished, eternity, infinite, life, myself, space, time",Jansenismo / Existencialismo Cristão (precursor)
"Unless you expect the unexpected, you will not find it, for it is hidden and thickly tangled.",Heraclitus,expectations,Pré-socrático
It is always easy to be logical. It is almost impossible to be logical to the bitter end.,Albert Camus,logic,Existencialismo / Absurdismo
"In order that the concept of substance could originate--which is indispensable for logic although in the strictest sense nothing real corresponds to it--it was likewise necessary that for a long time one did not see or perceive the changes in things. The beings that did not see so precisely had an advantage over those who saw everything ""in flux."" At bottom, every high degree of caution in making inferences and every skeptical tendency constitute a great danger for life. No living beings would have survived if the opposite tendency--to affirm rather than suspend judgment, to err and make up things rather than wait, to assent rather than negate, to pass judgment rather than be just-- had not been bred to the point where it became extraordinarily strong.",Friedrich Nietzsche,"evolutionary-epistemology, logic, seeing, substance",Niilismo / Existencialismo (precursor)
"Excellence is an art won by training and habituation. We do not act rightly because we have virtue or excellence, but we rather have those because we have acted rightly. We are what we repeatedly do. Excellence, then, is not an act but a habit.",Aristotle,excellence,Peripatético / Aristotelismo
Faults are soon copied.,Horace,"friend, life",Epicurismo (influência)
The man who fights too long against dragons becomes a dragon himself.,Friedrich Nietzsche,dragons,Niilismo / Existencialismo (precursor)
"We have to be careful that in throwing out the devil, we don't throw out the best part of ourselves.",Friedrich Nietzsche,"devil, nietzsche",Niilismo / Existencialismo (precursor)
"there is no planet, sun, or star could hold you if you but knew what you are.",Ralph Waldo Emerson,potential,Transcendentalismo
"Everyone is familiar with the phenomenon of feeling more or less alive on different days. Everyone knows on any given day that there are energies slumbering in him which the incitements of that day do not call forth, but which he might display if these were greater. Most of us feel as if a sort of cloud weighed upon us, keeping us below our highest notch of clearness in discernment, sureness in reasoning, or firmness in deciding. Compared with what we ought to be, we are only half awake. Our fires are damped, our drafts are checked. We are making use of only a small part of our possible mental and physical resources. Stating the thing broadly, the human individual thus lives far within his limits; he possesses powers of various sorts which he habitually fails to use.",William James,potential,Pragmatismo
"Most people live in a very restricted circle of their potential being. They make use of a very small portion of their possible consciousness, and of their soul's resources in general, much like a man who, out of his whole organism should get into a habit of using and moving only his little finger.",William James,potential,Pragmatismo
Every talent must unfold itself in fighting.,Friedrich Nietzsche,talent,Niilismo / Existencialismo (precursor)
"There exists no more repulsive and desolate creature in the world than the man who has evaded his genius and who now looks furtively to left and right, behind him and all about him. In the end such a man becomes impossible to get hold of, since he is wholly exterior, without kernel, a tattered, painted bag of clothes, a decked-out ghost that cannot inspire even fear and certainly not pity.",Friedrich Nietzsche,"focus-on-your-dreams, genius, skill",Niilismo / Existencialismo (precursor)
What is Genius?- To aspire to a lofty aim and to will the means to that aim.,Friedrich Nietzsche,"genius, goals-and-dreams",Niilismo / Existencialismo (precursor)
"Genius too does nothing but learn first how to lay bricks then how to build, and continually seek for material and continually form itself around it.Every activity of man is amazingly complicated, not only that of the genius: but none is a ‘miracle.",Friedrich Nietzsche,genius,Niilismo / Existencialismo (precursor)
"But it is obvious that absurdism hereby admits that human life is the only necessary good since it is precisely life that makes this encounter possible and since, without life, the absurdist wager would have no basis. To say that life is absurd, the conscience must be alive.",Albert Camus,"absurdism, conscience, human-life",Existencialismo / Absurdismo
We do not place especial value on the possession of a virtue until we notice its total absence in our opponent.,Friedrich Nietzsche,"strategy, virtue",Niilismo / Existencialismo (precursor)
"To be able under all circumstances to practice five things constitutes perfect virtue; these five things are gravity, generosity of soul, sincerity, earnestness and kindness.",Confucius,virtue,Confucionismo
"[On the virtuous man] ""He combines the highest, lowest and middle chords in complete harmony within himself.",Plato,virtue,Platonismo
"The virtue of a man ought to be measured not by his extraordinary exertions, but by his every-day conduct.",Blaise Pascal,virtue,Jansenismo / Existencialismo Cristão (precursor)
"When your heart flows broad and full like a river, a blessing and a danger to those living near: there is the origin of your virtue.When you are above praise and blame, and your will wants to command all things, like a lover's will: there is the origin of your virtue.When you despise the agreeable and the soft bed and cannot bed yourself far enough from the soft: there is the origin of your virtue.When you will with a single will and you call this cessation of all need ""necessity"": there is the origin of your virtue.Verily, a new good and evil is she. Verily, a new deep murmur and the voice of a new well!Power is she, this new virtue; a dominant thought is she, and around her a wise soul: a golden sun, and around it the serpent of knowledge.",Friedrich Nietzsche,virtue,Niilismo / Existencialismo (precursor)
self-preservation is the primary and only foundation of virtue.,Baruch Spinoza,"self-preservation, virtue",Racionalismo
"What a difference! Under the esthetic sky, everything is buoyant, beautiful, transient! when ethics arrives on the scene, everything becomes harsh, angular and infinitely boring",Søren Kierkegaard,"boredom, esthetic, interesting, love, seduction, the-seducer-s-diary, vice, virtue",Existencialismo Cristão
".. is there not one true coin for which all things ought to exchange?- and that is wisdom; and only in exchange for this, and in company with this, is anything truly bought or sold, whether courage, temperance or justice. And is not all true virtue the companion of wisdom, no matter what fears or pleasures or other similar goods or evils may or may not attend her? But the virtue which is made up of these goods, when they are severed from wisdom and exchanged with one another, is a shadow of virtue only, nor is there any freedom or health or truth in her; but in the true exchange there is a purging away of all these things, and temperance, and justice, and courage, and wisdom herself, are a purgation of them.",Socrates,"plato, socrates, virtue, wisdom",Filosofia Socrática
Virtues are in the popular estimate rather the exception than the rule.,Ralph Waldo Emerson,"exception, rule, virtue, virtues",Transcendentalismo
[The writer] can easily foresee his fate ... in an age when an author who wants to have readers must take care to write in such a way that the book can easily be perused during an afternoon nap ....,Søren Kierkegaard,authors,Existencialismo Cristão
"None believeth in the soul of man, but only in some man or person old and departed. Ah me! no man goeth alone. All men go in flocks to this saint or that poet, avoiding the God who seeth in secret. They cannot see in secret; they love to be blind in public. They think society is wiser than their soul, and know not that one soul, and their soul, is wiser than the whole world.",Ralph Waldo Emerson,"conformity, individualism, intuition, transcendentalism",Transcendentalismo
You know very well that I no longer think. I am far too intelligent for that.,Albert Camus,"funny, humor, intelligent-humor, think",Existencialismo / Absurdismo
The earth laughs in flowers.,Ralph Waldo Emerson,"flowers, laughter",Transcendentalismo
"A strange thing happened to me in my dream. I was rapt into the Seventh Heaven. There sat all the gods assembled. As a special dispensation I was granted the favor to have one wish. ""Do you wish for youth,"" said Mercury, ""or for beauty, or power, or a long life; or do you wish for the most beautiful woman, or any other of the many fine things we have in our treasure trove? Choose, but only one thing!"" For a moment I was at a loss. Then I addressed the gods in this wise: ""Most honorable contemporaries, I choose one thing — that I may always have the laughs on my side."" Not one god made answer, but all began to laugh. From this I concluded that my wish had been granted and thought that the gods knew how to express themselves with good taste: for it would surely have been inappropriate to answer gravely: your wish has been granted.",Søren Kierkegaard,laughter,Existencialismo Cristão
"One who is injured ought not to return the injury, for on no account can it be right to do an injustice; and it is not right to return an injury, or to do evil to any man, however much we have suffered from him.",Socrates,principles,Filosofia Socrática
"If equally matched, we can offer battle; if slightly inferior in numbers, we can avoid the enemy; if quite unequal in every way, we can flee from him. Though an obstinate fight may be made by a small force, in the end it must be captured by the larger force.",Sun Tzu,"principles, strategy, tactics, war",Filosofia Militar Chinesa
"Those who prefer their principles over their happiness, they refuse to be happy outside the conditions they seem to have attached to their happiness. If they are happy by surprise, they find themselves disabled, unhappy to be deprived of their unhappiness.",Albert Camus,"happiness, principles",Existencialismo / Absurdismo
"Jealousy is both reasonable and belongs to reasonable men, while envy is base and belongs to the base, for the one makes himself get good things by jealousy, while the other does not allow his neighbor to have them through envy.",Aristotle,"envy, jealousy",Peripatético / Aristotelismo
An honest man is always a child.,Socrates,"child, honest",Filosofia Socrática
"For once touched by love, everyone becomes a poet",Plato,"love, plato, poet",Platonismo
"Everything goes, everything comes back; eternally rolls the wheel of being. Everything dies, everything blossoms again; eternally runs the year of being. Everything breaks, everything is joined anew; eternally the same House of Being is built. Everything parts, everything greets every other thing again; eternally the ring of being remains faithful to itself. In every Now, being begins; round every Here rolls the sphere There. The center is everywhere. Bent is the path of eternity.",Friedrich Nietzsche,"eternity, nietzsche, recurrence",Niilismo / Existencialismo (precursor)
"If the soul is immortal, it demands our care not only for that part of time which we call life, but for all time: and indeed it would seem now that it will be extremely dangerous to neglect it. If death were a release from everything, it would be a boon for the wicked. But since the soul is clearly immortal, it can have no escape or security from evil except by becoming as good and wise as it possibly can. For it takes nothing with it to the next world except its education and training: and these, we are told, are of supreme importance in helping or harming the newly dead at the very beginning of his journey there.",Socrates,"eternity, soul",Filosofia Socrática
A day is a miniature eternity.,Ralph Waldo Emerson,"eternity, time",Transcendentalismo
"If, in all that you wish to do, you begin by asking yourself: am I certain that I would wish to do this an infinite number of times? This should be for you the most solid centre of gravity . . . My doctrine says, the task is to live your life in such a way that you must wish to live it again - for you will anyway! If striving gives you the highest feeling, then strive! If rest gives you the highest feeling, then rest! If fitting in, following and obeying give you the highest feeling, then obey! Only make sure you come to know what gives you the highest feeling, and then spare no means. Eternity is at stake! This doctrine is mild in its treatment of those who do not believe in it. It has neither hell nor threats. But anyone who does not believe merely lives a fugitive life in the consciousness of it.",Friedrich Nietzsche,"eternity, life, live-in-the-moment",Niilismo / Existencialismo (precursor)
"If the gods listened to the prayers of men, all men would quickly have perished: for they are forever praying for evil against one another",Epicurus,gods,Epicurismo
"Heartily know, when half-gods go, the gods arrive.",Ralph Waldo Emerson,gods,Transcendentalismo
The art of war is the art of deception.,Sun Tzu,"strategy, tactics",Filosofia Militar Chinesa
"If he is taking his ease, give him no rest. If his forces are united, separate them.",Sun Tzu,"strategy, war",Filosofia Militar Chinesa
"I am a wanderer and mountain-climber, said he to his heart, I love not the plains, and it seemeth I cannot long sit still.And whatever may still overtake me as fate and experience—a wandering will be therein, and a mountain-climbing: in the end one experienceth only oneself.",Friedrich Nietzsche,self-discovery,Niilismo / Existencialismo (precursor)
"Riches and abundance come hypocritically clad in sheep's clothing, pretending to be security against anxieties, and they become then the object of anxiety. They secure a man against anxieties just about as well as the wolf that is put to tending the sheep.",Søren Kierkegaard,materialism,Existencialismo Cristão
Should not the giver be thankful that the receiver received? Is not giving a need? Is not receiving mercy?,Friedrich Nietzsche,giving,Niilismo / Existencialismo (precursor)
There are many things of which a wise man might wish to be ignorant,Ralph Waldo Emerson,"information-age, information-overload, social-media",Transcendentalismo
"Nothing could be more important than that the work of a soldier is well done. No tools will make a man a skilled workmen, or master of defense, or be of any use to him who has not learned how to handle them and has never bestowed any attention on them.",Plato,"military, professionalism",Platonismo
Be careful when you cast out your demons that you don’t throw away the best of yourself.,Friedrich Nietzsche,demons,Niilismo / Existencialismo (precursor)
"To find yourself, think for yourself.",Socrates,"independence, self-reliance",Filosofia Socrática
"What I must do is all that concerns me, not what the people think.... It is easy in the world to live after the world's opinion; it is easy in solitude to live after our own; but the great man is he who in the midst of the crowd keeps with perfect sweetness the independence of solitude.",Ralph Waldo Emerson,"conformity, independence",Transcendentalismo
"When we are reading, a voice comes to us as in the dark and whispers, ""Imagine!"" Samuel Beckettas told by Bill Moyer in the Foreword he wrote for, The Public Library: A Photographic Essay by Robert Dawson. Afterword by Ann Patchett",Samuel Beckett,"documentary, historical, photographic-essay, photography",Teatro do Absurdo
"With the daguerreotype everyone will be able to have their portrait taken—formerly it was only the prominent—and at the same time everything is being done to make us all look exactly the same, so we shall only need one portrait.",Søren Kierkegaard,photography,Existencialismo Cristão
"Around the hero, everything becomes a tragedy.Around God, everything becomes what? a world?",Friedrich Nietzsche,"god, hero",Niilismo / Existencialismo (precursor)
"If thou wilt make a man happy, add not unto his riches but take away from his desires.",Epicurus,"desires, epicurus, happiness",Epicurismo
"Religion is regarded by the common people as true, by the wise as false, and by rulers as useful.",Seneca,"common-people, corruption, organized-religion, useful",Estoicismo
It's not because things are difficult that we dare not venture. It's because we dare not venture that they are difficult.,Seneca,"risk, venture",Estoicismo
"To be happy, we must not be too concerned with others.",Albert Camus,"self-actualization, self-centeredness, selfishness",Existencialismo / Absurdismo
Admiration for a quality or an art can be so strong that it deters us from striving to possess it.,Friedrich Nietzsche,"admiration, appreciation, distraction, obstacles",Niilismo / Existencialismo (precursor)
One need not destroy one's enemy. One need only destroy his willingness to engage.,Sun Tzu,"destroy, enemy, victory",Filosofia Militar Chinesa
A common man marvels at uncommon things. A wise man marvels at the commonplace.,Confucius,"common, simplicity",Confucionismo
"The Master, by residing in the Tao,sets an example for all beings.Because he doesn't display himself,people can see his light.Because he has nothing to prove,people can trust his words.Because he doesn't know who he is,people recognize themselves in him.Because he has no goal in mind,everything he does succeeds.",Lao Tzu,"inspirational, philosophy, simplicity",Taoismo
To give up pretensions is as blessed a relief as to get them ratified.,William James,"minimal, minimalism, nomadic, peace-of-mind, simplicity",Pragmatismo
Pale Death with impartial tread beats at the poor man's cottage door and at the palaces of kings.,Horace,life-and-death,Epicurismo (influência)
Those who stay away from the election think that one vote will do no good. 'Tis but one step more to think one vote will do no harm.,Ralph Waldo Emerson,"political, vote",Transcendentalismo
One idiot is one idiot. Two idiots are two idiots. Ten thousand idiots are a political party.,Franz Kafka,"franz-kafka, idiot, political, political-party",Existencialismo (influência) / Absurdo
"Poets are the sense, philosophers­­ the intelligence­­ of humanity.",Samuel Beckett,"philosophers, poets",Teatro do Absurdo
Wisdom is knowing you know nothing,Socrates,wisdom-quote,Filosofia Socrática
The hard soil and four months of snow make the inhabitants of the northern temperate zone wiser and abler than his fellow who enjoys the fixed smile of the tropics.,Ralph Waldo Emerson,winter,Transcendentalismo
"The greatest thing by far is to be a master of metaphor; it is the one thing that cannot be learnt from others; and it is also a sign of genius, since a good metaphor implies an intuitive perception of the similarity in the dissimilar.",Aristotle,metaphor,Peripatético / Aristotelismo
"If you wish to be out front, then act as if you were behind.",Lao Tzu,"discipline, persistence",Taoismo
Fame is proof that people are gullible.,Ralph Waldo Emerson,"fame, gullibility",Transcendentalismo
"And so when you see a man often wearing the robe of office, when you see one whose name is famous in the Forum, do not envy him; those things are bought at the price of life. They will waste all their years, in order that they may have one year reckoned by their name.",Seneca,"envy, fame, life, shortness-of-life",Estoicismo
There is a difference between truly listening and waiting for your turn to talk.,Ralph Waldo Emerson,"listening, listening-skills",Transcendentalismo
"The greatest discovery of our generation is that human beings can alter their lives by altering their attitudes of mind. As you think, so shall you be.",William James,"discovery, generation",Pragmatismo
The poor don't know that their function in life is to exercise our generosity.,Jean-Paul Sartre,"generosity, poor",Existencialismo
What would be the use of immortality to a person who cannot use well half an hour?,Ralph Waldo Emerson,immortality,Transcendentalismo
"Be content with what you have; rejoice in the way things are.When you realize there is nothing lacking, the whole world belongs to you.",Lao Tzu,contentment,Taoismo
"If all our misfortunes were laid in one common heap whence everyone must take an equal portion, most people would be content to take their own and depart.",Socrates,contentment,Filosofia Socrática
"Flowers and fruits are always fit presents; flowers, because they are a proud assertion that a ray of beauty outvalues all the utilities of the world.",Ralph Waldo Emerson,"beauty, flowers, gifts",Transcendentalismo
"Flowers and fruits are always fit presents; flowers, because they are a proud assertion that a ray of beauty outvalues all the utilities of the world. These gay natures contrast with the somewhat stern countenance of ordinary nature: they are like music heard out of a work-house. Nature does not cocker us; we are children, not pets; she is not fond; everything is dealt to us without fear or favor, after severe universal laws. Yet these delicate flowers look like the frolic and interference of love and beauty. Men use to tell us that we love flattery even though we are not deceived by it, because it shows that we are of importance enough to be courted. Something like that pleasure, the flowers give us: what am I to whom these sweet hints are addressed?",Ralph Waldo Emerson,"beauty, flowers, gifts, necessity",Transcendentalismo
"He had probably been thrown out of a wine shop, and it hadn't quite dawned on him yet.",Franz Kafka,"alcohol, humor",Existencialismo (influência) / Absurdo
"Tobacco, coffee, alcohol, hashish, prussic acid, strychnine, are weak dilutions. The surest poison is time.",Ralph Waldo Emerson,"acid, alcohol, coffee, emerson, hashish, poison, prussic, ralph, strychnine, time, tobacco, waldo, weak",Transcendentalismo
Nothing external to you has any power over you.,Ralph Waldo Emerson,"ataraxy, inner-peace",Transcendentalismo
"With me, everything turns into mathematics.",René Descartes,"math, mathematics",Racionalismo
I took especially great pleasure in mathematics because of the certainty and the evidence of its arguments.,René Descartes,mathematics,Racionalismo
"Just as all things speak about God to those that know Him, and reveal Him to those that love Him, they also hide Him from all those that neither seek nor know Him.",Blaise Pascal,"blaise-pascal, christian, education, god, mathematicians, mathematics, pascal, philisophy, spirituality, student",Jansenismo / Existencialismo Cristão (precursor)
"The *second task* consists in distinguishing the mode of knowing operative in ontology as science of Being, and this requires us to *work out the methodological structure of ontological-transcendental differentiation*. In early antiquity it was already seen that Being and its attributes in a certain way underlie beings and precede them and so are *a proteron*, an earlier. The term denoting this character by which Being precedes beings is the expression *a priori*, *apriority*, being earlier or prior. As *a priori*, Being is earlier than beings. The meaning of this *a priori*, the sense of the earlier and its possibility, has never been cleared up. The question has not even once been raised as to why the determinations of Being and Being itself must have this character of priority and how such priority is possible. To be earlier is a determination of time, but it does not pertain to the temporal order of the time that we measure by the clock; rather, it is an earlier that belongs to the ""inverted world."" Therefore, this earlier which characterises Being is taken by the popular understanding to be the later. Only the interpretation of Being by way of temporality can make clear why and how this feature of being earlier, apriority, goes together with Being. The *a priori* character of Being and of all the structures of Being accordingly calls for a specific kind of approach and way of apprehending Being―*a priori cognition*.The basic components of *a priori* cognition constitute what we call *phenomenology*. Phenomenology is the name for the method of ontology, that is, of scientific philosophy. Rightly conceived, phenomenology is the concept of a method. It is therefore precluded from the start that phenomenology should pronounce any theses about Being which have specific content, thus adopting a so-called standpoint."" ―Martin Heidegger, from_The Basic Problems of Phenomenology_",Martin Heidegger,"being, martin-heidegger, metaphysics, ontology, phenomenology",Fenomenologia / Existencialismo
"Because they are assertions about Being in the light of time properly understood, all ontological propositions are Temporal propositions. It is only because ontological propositions are Temporal propositions that they can and must be *a priori propositions*. It is only because ontology is a Temporal science that something like the *a priori* appears in it. *A priori* means ""from the earlier"" or ""the earlier."" ""*Earlier*"" is patently a *time-determination*. If we have been observant, it must have occurred to us that in our explications we employed no word more frequently than the expression ""already."" It ""already antecedently"" lies at the ground: ""it must always already be understood beforehand"": where beings are encountered, Being has ""already beforehand"" been projected. In using all of these temporal, really Temporal, terms we have in mind something that the tradition since Plato calls the *a priori*, even if it may not use the very term itself. In the preface to his *Metaphysische Anfangsgründe der Naturwissenschaft [Metaphysical principles of natural science], Kant says: ""Now to cognize something *a priori* means to cognize it from its mere possibility."" Consequently, *a priori* means that which makes beings as beings possible in *what* and *how* they are. But why is this possibility labeled by the term ""earlier""? Obviously not because we recognize it earlier than beings. For what we experience first and foremost is beings, that which is; we recognize Being only later or maybe even not at all. This time-determination ""earlier"" cannot refer to the temporal order given by the common concept of time in the sense of intratemporality. On the other hand, it cannot be denied that a time determination is present in the concept of the *a priori*, the earlier. But, because it is not seen how the interpretation of Being necessarily occurs in the horizon of time, the effort has to be made to explain away the time determination by means of the *a priori*. Some go so far as to say that the *a priori*―the essentialities, the determination of beings in their Being―is extratemporal, supratemporal, timeless. That which does the enabling, the possibilities are characterized by a time-determination, the earlier, because in this *a priori* nothing of time is supposed to be present, hence *locus a non lucendo*? Believe it if you wish.""―from_The Basic Problems of Phenomenology_",Martin Heidegger,"being, heidegger, metaphysics, ontology, phenomenology",Fenomenologia / Existencialismo
"On the other hand, it is also characteristic of the state of philosophical inquiry today and has been for a long time that, while there has been extensive controversy about whether or not the *a priori* can be known, it has never occurred to the protagonists to ask first what could really have been meant by the fact that a time-determination turns up here and why it must turn up at all. To be sure, as long as we orient ourselves toward the common concept of time we are at an impasse, and negatively it is no less than consistent to deny dogmatically that the *a priori* has anything to do with time. However, time in the sense commonly understood, which is our topic here, is indeed only one derivative, even if legitimate, of the original time, on which the Dasein's ontological constitution is based. *It is only by means of the Temporality of the understanding of Being that it can be explained why the ontological determinations of Being have the character of apriority*. We shall attempt to sketch this briefly, as far as it permits of being done along general lines.We have just seen that all comportment toward beings already understands Being, and not just incidentally: Being must necessarily be understood precursorily (pre-cecently). The possibility of comportment toward beings demands a precursory understanding of Being, and the possibility of the understanding of Being demands in its turn a precursory projection upon time. But where is the final stage of this demand for ever further precursory conditions? It is temporality itself as the basic constitution of the Dasein. Temporality, due to its horizonal-ecstatic nature, makes possible *at once* the understanding of Being and comportment toward beings; therefore, that which does the enabling as well as the enablings themselves, that is, the possibilities in the Kantian sense, are ""temporal,"" that is to say, Temporal, in their specific interconnection. Because the original determinant of possibility, the origin of possibility itself, is time, time temporalizes itself as the absolutely earliest. *Time is earlier than any possible earlier* of whatever sort, because it is the basic condition for an earlier as such. And because time as the source of all enablings (possibilities) is the earliest, all possibilities as such in their possibility-making function have the character of the earlier. That is to say, they are *a priori*. But, from the fact that time is the earliest in the sense of being the possibility of every earlier and of every *a priori* foundational ordering, it does not follow that time is ontically the first being; nor does it follow that time is forever and eternal, quite apart from the impropriety of calling time a being at all.” ―from_The Basic Problems of Phenomenology_",Martin Heidegger,"a-priori, being, heidegger, metaphysics, ontology",Fenomenologia / Existencialismo
"As a method however, the *method of ontology* is nothing but the sequence of the steps involved in the approach to Being as such and the elaboration of its structures. We call this method of ontology *phenomenology*. In more precise language, phenomenological investigation is explicit effort applied to the method of ontology. However, such endeavors, their success or failure, depend primarily, in accordance with our discussion, on how far phenomenology has assured for itself the object of philosophy―how far, in accordance with its own principle, it is unbiased enough in the face of what the things themselves demand. We cannot now enter any further into the essential and fundamental constituent parts of this method. In fact, we have applied it constantly. What we would have to do would be merely to go over the course already pursued, but now with explicit reflection on it. But what is most essential is first of all to have traversed the whole path once, so as, for one thing, to learn to wonder scientifically about the mystery of things and, for another, to banish all illusions, which settle down and nest with particular stubbornness precisely in philosophy.There is no such thing as *the one* phenomenology, and if there could be such a thing it would never become anything like a philosophical technique. For implicit in the essential nature of all genuine method as a path toward the disclosure of objects is the tendency to order itself always toward that which it itself discloses. When a method is genuine and provides access to the objects, it is precisely then that the progress made by following it and the growing originality of the disclosure will cause the very method that was used to become necessarily obsolete. The only thing that is truly new in science and in philosophy is the genuine questioning and struggle with things which is at the service of this questioning."" ―from_The Basic Problems of Phenomenology_",Martin Heidegger,"being, heidegger, metaphysics, ontology, phenomenology",Fenomenologia / Existencialismo
"The bond between being and non-being can be only internal. It is within being qua being that non-being must arise, and within non-being that being must spring up; and this relation can not be a fact, a natural law, but an upsurge of the being which is its own nothingness of being.",Jean-Paul Sartre,"being, non-being",Existencialismo
There is nothing more shameful than perfidious friendship.,Marcus Aurelius,"deception, friendship, relationships",Estoicismo
"...certain people have good, ordinary blood and others have an animated, lively sort of blood that comes to the face quickly.",Seneca,"blood, blushing, seneca",Estoicismo
Every battle is won before it is fought.,Sun Tzu,"battle, fought, won",Filosofia Militar Chinesa
Now is the time to drink!,Horace,"drinking, life",Epicurismo (influência)
Estragon: And if he doesn't come?Vladimir: (after a moment of bewilderment) We'll see when the time comes.,Samuel Beckett,"godot, waiting",Teatro do Absurdo
"I am a very unhappy human being and you, dearest, simply had to be summoned to create an equilibrium for all this misery.",Franz Kafka,"equilibrium, letter, love, misery, relationships",Existencialismo (influência) / Absurdo
There is no more miserable human being than one in whom nothing is habitual but indecision.,William James,"habits, indecision, misery",Pragmatismo
There is something in the New York air that makes sleep useless.,Simone de Beauvoir,new-york-city,Existencialismo / Feminismo
"Sometimes, from beyond the skycrapers, the cry of a tugboat finds you in your insomnia, and you remember that this desert of iron and cement is an island.",Albert Camus,new-york-city,Existencialismo / Absurdismo
New York is a sucked orange.,Ralph Waldo Emerson,new-york-city,Transcendentalismo
Invisible threads are the strongest ties.,Friedrich Nietzsche,"connection, invisibility, thread, ties",Niilismo / Existencialismo (precursor)
"Go forth into the busy world and love it. Interest yourself in its life, mingle kindly with its joys and sorrows.",Ralph Waldo Emerson,"joys, living-life, sorrows",Transcendentalismo
The Ideal age for marriage in men is 35. The Ideal age for marriage in women is 18,Aristotle,"love, marriage, sexism",Peripatético / Aristotelismo
What? A great man? I only ever see the ape of his own ideal.,Friedrich Nietzsche,"great-men, heroes",Niilismo / Existencialismo (precursor)
"The youth, intoxicated with his admiration of a hero, fails to see, that it is only a projection of his own soul, which he admires.",Ralph Waldo Emerson,"children, heroes, inspirational",Transcendentalismo
The absurd is the essential concept and the first truth.,Albert Camus,"absurdism, humanism",Existencialismo / Absurdismo
"When you want wisdom and insight as badly as you want to breathe, it is then you shall have it.",Socrates,"breath, breathe, breathing, insight, wisdom",Filosofia Socrática
"Anarchists are mouthpieces of a declining stratum of society; when they work themselves into a state of righteous indignation demanding 'rights', 'justice', 'equal rights', they are just acting under the pressure of their own lack of culture, which has no way of grasping why they really suffer, or what they lack in life.",Friedrich Nietzsche,"anarchy, protestors, social-justice",Niilismo / Existencialismo (precursor)
"Evermore in the world is this marvelous balance of beauty and disgust, magnificence and rats.",Ralph Waldo Emerson,balance,Transcendentalismo
"Life itself consists of phases in which the organism falls out of step with the march of surrounding things and then recovers unison with it—either through effort or by some happy chance. And, in a growing life, the recovery is never mere return to a prior state, for it is enriched by the state of disparity and resistance through which it has successfully passed. If the gap between organism and environment is too wide, the creature dies. If its activity is not enhanced by the temporary alienation, it merely subsists. Life grows when a temporary falling out is a transition to a more extensive balance of the energies of the organism with those of the conditions under which it lives.",John Dewey,"balance, change, life",Pragmatismo
There is an innocence in admiration: it occurs in one who has not yet realized that they might one day be admired.,Friedrich Nietzsche,"admiration, innocence",Niilismo / Existencialismo (precursor)
"You may fetter my leg, but Zeus himself cannot get the better of my free will.",Epictetus,free-will,Estoicismo
"It is certainly not the least charm of a theory that it is refutable; it is precisely thereby that it attracts the more subtle minds. It seems that the hundred-times-refuted theory of the ""free will"" owes its persistence to this charm alone; some one is always appearing who feels himself strong enough to refute it.",Friedrich Nietzsche,"free-will, theory",Niilismo / Existencialismo (precursor)
I believe that we should only read those books that bite and sting us. If a book does not rouse us with a blow then why read it?,Franz Kafka,"books, challenge",Existencialismo (influência) / Absurdo
"Attack the evil that is within yourself, rather than attacking the evil that is in others.",Confucius,"personal-responsibility, self-assessment, self-determination",Confucionismo
"It is easy to live for others, everybody does. I call on you to live for yourself.",Ralph Waldo Emerson,"integrity, self-actualization, self-determination",Transcendentalismo
"Man is not only that which he conceives himself to be, but that which he wills himself to be...",Jean-Paul Sartre,self-determination,Existencialismo
The best of all leaders is the one who helps people so that eventually they don’t need him.,Lao Tzu,"lao-tzu, leadership, leadership-development",Taoismo
Envy of other people shows how they are unhappy. Their continual attention to others behavior shows how they are boring.,Seneca,"boredom, boring, envy, people, unhapiness, unhappy",Estoicismo
"Dignity does not consist in possessing honors, but in the consciousness that we deserve them.",Aristotle,dignity,Peripatético / Aristotelismo
Dignity is a value that creates irreplaceability.,Immanuel Kant,dignity,Idealismo Transcendental
Never read a book that is not a year old.,Ralph Waldo Emerson,reading-books,Transcendentalismo
"Reading should serve the goal of attaining peace; if it doesn’t make you peaceful, what good is it?",Epictetus,reading-books,Estoicismo
"Allow yourself to think only those thoughts that match your principles and can bear the bright light of day. Day by day, your choices, your thoughts, your actions fashion the person you become. Your integrity determines your destiny.",Heraclitus,"behavior, integrity",Pré-socrático
"Philosophy lives in words, but truth and fact well up into our lives in ways that exceed verbal formulation.",William James,"beyond-words, fact, philosophy, truth, truths",Pragmatismo
"Caring about the happiness of others, we find our own.",Plato,"caring, happiness",Platonismo
"How dreadful boredom is — how dreadfully boring; I know no stronger expression, no truer one, for like is recognized only by like… I lie prostrate, inert; the only thing I see is emptiness, the only thing I live on is emptiness, the only thing I move in is emptiness. I do not even suffer pain… Pain itself has lost its refreshment for me. If I were offered all the glories of the world or all the torments of the world, one would move me no more than the other; I would not turn over to the other side either to attain or to avoid. I am dying death. And what could divert me? Well, if I managed to see a faithfulness that withstood every ordeal, an enthusiasm that endured everything, a faith that moved mountains; if I were to become aware of an idea that joined the finite and the infinite.",Søren Kierkegaard,"boredom, philosophy",Existencialismo Cristão
"[About Pierre de Fermat] It cannot be denied that he has had many exceptional ideas, and that he is a highly intelligent man. For my part, however, I have always been taught to take a broad overview of things, in order to be able to deduce from them general rules, which might be applicable elsewhere.",René Descartes,"fermat, intelligence, math, pierre-de-fermat, pierre-fermat, praise, science",Racionalismo
"Life will follow the path it started upon, and will neither reverse nor check its course; it will make no noise, it will not remind you of its swiftness. Silent it will glide on; it will not prolong itself at the command of a king, or at the applause of the populace. Just as it was started on its first day, so it will run; nowhere will it turn aside, nowhere will it delay.",Seneca,"life, mortality, shortness-of-life, time",Estoicismo
Wit makes its own welcome and levels all distinctions.,Ralph Waldo Emerson,wit,Transcendentalismo
"Every habit makes our hand more witty, and out wit more handy.",Friedrich Nietzsche,"habit, handy, witty",Niilismo / Existencialismo (precursor)
The snow goose need not bathe to make itself white. Neither need you do anything but be yourself.,Lao Tzu,"be-yourself, white",Taoismo
"I will not hide my tastes or aversions. I will so trust that what is deep is holy, that I will do strongly before the sun and moon whatever only rejoices me, and the heart appoints",Ralph Waldo Emerson,"ataraxy, be-yourself, oath, self-assuredness",Transcendentalismo
"Pain is slight if opinion has added nothing to it; ... in thinking it slight, you will make it slight. Everything depends on opinion. It is according to opinion that we suffer. A man is as wretched as he has convinced himself that he is.",Seneca,"inspirational, opinion, pain",Estoicismo
"I keep having the same experience and keep resisting it every time. I do not want to believe it although it is palpable: the great majority of people lacks an intellectual conscience. Indeed, it has often seemed to me as if anyone calling for an intellectual conscience were as lonely in the most densely populated cities as if he were in a desert. Everybody looks at you with strange eyes and goes right on handling his scales, calling this good and that evil. Nobody even blushes when you intimate that their weights are underweight; nor do people feel outraged; they merely laugh at your doubts. I mean: the great majority of people does not consider it contemptible to believe this or that and to live accordingly, without first having given themselves an account of the final and most certain reasons pro and con, and without even troubling themselves about such reasons afterward: the most gifted men and the noblest women still belong to this ""great majority."" But what is goodheartedness, refinement, or genius to me, when the person who has these virtues tolerates slack feelings in his faith and judgments and when he does not account the desire for certainty as his inmost craving and deepest distress—as that which separates the higher human beings from the lower.Among some pious people I found a hatred of reason and was well disposed to them for that; for this at least betrayed their bad intellectual conscience. But to stand in the midst of this rerum concordia discors and of this whole marvelous uncertainty and rich ambiguity of existence without questioning, without trembling with the craving and the rapture of such questioning, without at least hating the person who questions, perhaps even finding him faintly amusing—that is what I feel to be contemptible, and this is the feeling for which I look first in everybody. Some folly keeps persuading me that every human being has this feeling, simply because he is human. This is my type of injustice.",Friedrich Nietzsche,"aphorism, gay-science",Niilismo / Existencialismo (precursor)
Too much thinking causes confusion and anxietybetter to stick with the simplicity of Tao,Lao Tzu,"lao-tzu, peace-of-mind, tao",Taoismo
Let go of rousing speechand identification with thoughtsUntil your endyou will never be jaded,Lao Tzu,"lao-tzu, peace-of-mind, tao",Taoismo
"Nothing, nothing, the whole long day, nothing.",Franz Kafka,"nothing, the-whole-long-day",Existencialismo (influência) / Absurdo
Men achieve a certain greatness unawares  when working to another aim.,Ralph Waldo Emerson,"ability, achievement",Transcendentalismo
The measure of a master is his success in bringing all men round to his opinion 20 years later.,Ralph Waldo Emerson,"ability, achievement",Transcendentalismo
Nothing great is created suddenly  any more than a bunch of grapes or a fig. If you tell me that you desire a fig  I answer you that there must be time. Let it first blossom  then bear fruit  then ripen.,Epictetus,"ability, achievement",Estoicismo
He has half the deed done who has made a beginning.,Horace,"ability, achievement",Epicurismo (influência)
Practice yourself  for heaven's sake  in little things  and thence proceed to greater.,Epictetus,"ability, achievement",Estoicismo
The world is all gates  all opportunities  strings of tension waiting to be struck.,Ralph Waldo Emerson,"ability, achievement",Transcendentalismo
The reward of a thing well done  is to have done it.,Ralph Waldo Emerson,"ability, achievement",Transcendentalismo
It's not a very big step from contentment to complacency.,Simone de Beauvoir,acceptance,Existencialismo / Feminismo
No man can have society upon his own terms.,Ralph Waldo Emerson,acceptance,Transcendentalismo
Ask not that events should happen as you will  but let your will be that events should happen as they do  and you shall have peace.,Epictetus,acceptance,Estoicismo
The ideal man bears the accidents of life with dignity and grace  making the best of circumstances.,Aristotle,acceptance,Peripatético / Aristotelismo
Vex not thy spirit at the course of things  they heed not thy vexation. How ludicrous and outlandish is astonishment at anything that may happen in life.,Marcus Aurelius,acceptance,Estoicismo
In the face of an obstacle which is impossible to overcome  stubbornness is stupid.,Simone de Beauvoir,acceptance,Existencialismo / Feminismo
Nature is what you may do. There is much you may not do.,Ralph Waldo Emerson,acceptance,Transcendentalismo
It is a common observation that those who dwell continually upon their expectations are apt to become oblivious to the requirements of their actual situation.,Charles Sanders Peirce,acceptance,Pragmatismo
"Here is a rule to remember when anything tempts you to feel bitter: not  ""This is a misfortune "" but ""To bear this worthily is good fortune.""",Marcus Aurelius,acceptance,Estoicismo
Adapt yourself to the things among which your lot has been cast and love sincerely the fellow creatures with whom destiny has ordained that you shall live.,Marcus Aurelius,acceptance,Estoicismo
Love only what befalls you and is spun for you by fate.,Marcus Aurelius,acceptance,Estoicismo
The grass must bend when the wind blows across it.,Confucius,acceptance,Confucionismo
Nature magically suits a man to his fortunes  by making them the fruit of his character.,Ralph Waldo Emerson,acceptance,Transcendentalismo
There is only one way to happiness  and that is to cease worrying about things which are beyond the power of our will.,Epictetus,acceptance,Estoicismo
The beauty of the soul shines out when a man bears with composure one heavy mischance after another  not because he does not feel them  but because he is a man of high and heroic temper.,Aristotle,acceptance,Peripatético / Aristotelismo
Acceptance of what has happened is the first step to overcoming the consequence of any misfortune.,William James,acceptance,Pragmatismo
What it is forbidden to be put right becomes lighter by acceptance.,Horace,acceptance,Epicurismo (influência)
Better to accept whatever happens.,Horace,acceptance,Epicurismo (influência)
Do not weep  do not wax indignant. Understand.,Baruch Spinoza,acceptance,Racionalismo
Looking at small advantages prevents great affairs from being accomplished.,Confucius,action,Confucionismo
Play out the game  act well your part  and if the gods have blundered  we will not.,Ralph Waldo Emerson,action,Transcendentalismo
I shall tell you a great secret  my friend. Do not wait for the last judgement  it takes place every day.,Albert Camus,action,Existencialismo / Absurdismo
Our nature consists in motion  complete rest is death.,Blaise Pascal,action,Jansenismo / Existencialismo Cristão (precursor)
The superior man is modest in his speech  but excels in his actions.,Confucius,action,Confucionismo
If thou workest at that which is before thee ... expecting nothing  fearing nothing  but satisfied with thy present activity according to Nature  and with heroic truth in every word and sound which thou utterest  thou wilt live happy. And there is no man who is able to prevent this.,Marcus Aurelius,action,Estoicismo
The struggle to the top is in itself enough to fulfill the human heart. Sisyphus should be regarded as happy.,Albert Camus,adversity,Existencialismo / Absurdismo
Night brings our troubles to the light rather than banishes them.,Seneca,adversity,Estoicismo
What does not destroy me  makes me strong.,Friedrich Nietzsche,adversity,Niilismo / Existencialismo (precursor)
No untroubled day has ever dawned for me.,Seneca,adversity,Estoicismo
Nothing befalls a man except what is in his nature to endure.,Marcus Aurelius,adversity,Estoicismo
Be willing to have it so  acceptance of what has happened is the first step to overcoming the consequences of any misfortune.,William James,adversity,Pragmatismo
Every calamity is a spur and valuable hint.,Ralph Waldo Emerson,adversity,Transcendentalismo
People wish to be settled  only as far as they are unsettled is there any hope for them.,Ralph Waldo Emerson,adversity,Transcendentalismo
The effects of opposition are wonderful. There are men who rise refreshed on hearing of a threat  men to whom a crises  which intimidates and paralyzes the majority  comes as graceful and beloved as a bride!,Ralph Waldo Emerson,adversity,Transcendentalismo
Life begins on the other side of despair.,Jean-Paul Sartre,adversity,Existencialismo
The gem cannot be polished without friction  nor man perfected without trials.,Confucius,adversity,Confucionismo
Men habitually use only a small part of the powers which they possess and which they might use under appropriate circumstances.,William James,adversity,Pragmatismo
In the depth of winter  I finally learned that there was in me an invincible summer.,Albert Camus,adversity,Existencialismo / Absurdismo
Difficulties are things that show what men are.,Epictetus,adversity,Estoicismo
Adversity has the effect of eliciting talents  which  in prosperous circumstances  would have lain dormant.,Horace,adversity,Epicurismo (influência)
When a man is pushed  tormented  defeated  he has a chance to learn something  he has been put on his wits ... he has gained facts  learned his ignorance  is cured of the insanity of conceit  has got moderation and real skill.,Ralph Waldo Emerson,adversity,Transcendentalismo
We only think when we are confronted with a problem.,John Dewey,adversity,Pragmatismo
Pain  indolence  sterility  endless ennui have also their lesson for you.,Ralph Waldo Emerson,adversity,Transcendentalismo
Bad times have a scientific value. These are occasions a good learner would not miss.,Ralph Waldo Emerson,adversity,Transcendentalismo
Adversity reveals genius  prosperity conceals it.,Horace,adversity,Epicurismo (influência)
Whatever advice you give  be short.,Horace,advice,Epicurismo (influência)
The role of a retired person is no longer to possess one.,Simone de Beauvoir,"aging, old, age",Existencialismo / Feminismo
It is time to be old  To take in sail.,Ralph Waldo Emerson,"aging, old, age",Transcendentalismo
The spiritual eyesight improves as the physical eyesight declines.,Plato,"aging, old, age",Platonismo
Hitch your wagon to a star.,Ralph Waldo Emerson,ambition,Transcendentalismo
America is a country of young men.,Ralph Waldo Emerson,america,Transcendentalismo
A good indignation brings out all one's powers.,Ralph Waldo Emerson,anger,Transcendentalismo
Anger is momentary madness  so control your passion or it will control you.,Horace,anger,Epicurismo (influência)
No animal admires another animal.,Blaise Pascal,animals,Jansenismo / Existencialismo Cristão (precursor)
Be not afraid of life. Believe that life is worth living  and your belief will help create the fact.,William James,"anxiety, about, future",Pragmatismo
We are terrified by the idea of being terrified.,Friedrich Nietzsche,"anxiety, about, future",Niilismo / Existencialismo (precursor)
It is not death that a man should fear  he should fear never beginning to live.,Marcus Aurelius,"anxiety, about, future",Estoicismo
Fear of life in one form or another is the great thing to exorcise.,William James,"anxiety, about, future",Pragmatismo
It is not death or pain that is to be dreaded  but the fear of pain or death.,Epictetus,"anxiety, about, future",Estoicismo
No sensible person ever made an apology.,Ralph Waldo Emerson,apology,Transcendentalismo
All philosophy in two words  - sustain and abstain.,Epictetus,appetite,Estoicismo
If you are surprised at the number of our maladies  count our cooks.,Seneca,appetite,Estoicismo
Judicious praise is to children what the sun is to flowers. Christian Bovee A little praise Goes a great ways.,Ralph Waldo Emerson,applause,Transcendentalismo
Science and art have that in common that everyday things seem to them new and attractive.,Friedrich Nietzsche,applause,Niilismo / Existencialismo (precursor)
Let that day be lost to us on which we did not dance once I,Friedrich Nietzsche,applause,Niilismo / Existencialismo (precursor)
Musical training is a more potent instrument than any other  because rhythm and harmony find their way into the inward places of the soul.,Plato,applause,Platonismo
The poets are only the interpreters of the gods.,Socrates,applause,Filosofia Socrática
In architecture the pride of man  his triumph over gravitation  his will to power  assume a visible form. Architecture is a sort of oratory of power by means of forms.,Friedrich Nietzsche,"architects, architecture",Niilismo / Existencialismo (precursor)
The flowering of geometry.,Ralph Waldo Emerson,"architects, architecture",Transcendentalismo
When we quarrel  how we wish we had been blameless.,Ralph Waldo Emerson,"arguments, quarrels",Transcendentalismo
Artists must be sacrificed to their art. Like bees  they must put their lives into the sting they give.,Ralph Waldo Emerson,"art, artist",Transcendentalismo
Every artist preserves deep within him a single source from which  throughout his lifetime  he draws what he is and what he says and when the source dries up the work withers and crumbles.,Albert Camus,"art, artist",Existencialismo / Absurdismo
Perpetual modernness is the measure of merit in every work of art.,Ralph Waldo Emerson,"art, artist",Transcendentalismo
Art not only imitates nature  but also completes its deficiencies.,Aristotle,"art, artist",Peripatético / Aristotelismo
A picture is a poem without words.,Horace,art,Epicurismo (influência)
Beauty without expression tires.,Ralph Waldo Emerson,beauty,Transcendentalismo
Beauty is unbearable  drives us to despair  offering us for a minute the glimpse of an eternity that we should like to stretch out over the whole of time.,Albert Camus,beauty,Existencialismo / Absurdismo
Though we travel the world over to find the beautiful  we must carry it with us or we find it not.,Ralph Waldo Emerson,beauty,Transcendentalismo
We ascribe beauty to that which is simple  which has no superfluous parts  which exactly answers its ends.,Ralph Waldo Emerson,beauty,Transcendentalismo
Some thoughts always find us young  and keep us so. Such a thought is the love of the universal and eternal beauty.,Ralph Waldo Emerson,beauty,Transcendentalismo
Anyone who keeps the ability to see beauty never grows old.,Franz Kafka,beauty,Existencialismo (influência) / Absurdo
Let the beauty you love be what you do. There are a thousand ways to kneel and kiss the earth.,Rumi,beauty,Sufismo
Though we travel the world over to find the beautiful  we must carry it with us or we will not find it.,Ralph Waldo Emerson,beauty,Transcendentalismo
Well begun is half done.,Horace,beginning,Epicurismo (influência)
At the touch of love  everyone becomes a poet.,Plato,beginnings,Platonismo
We are bound to our bodies like an oyster to its shell.,Plato,body,Platonismo
Neither is a dictionary a bad book to read. There is no cant in it  no excess of explanation  and it is full of suggestions  the raw material of possible poems and histories.,Ralph Waldo Emerson,"books, reading",Transcendentalismo
Tis the good reader that makes the good book.,Ralph Waldo Emerson,"books, reading",Transcendentalismo
Either you reach a higher point today  or you exercise your strength in order to be able to climb higher tomorrow.,Friedrich Nietzsche,"boring, days",Niilismo / Existencialismo (precursor)
Write it on your heart that every day is the best day in the year.,Ralph Waldo Emerson,"boring, days",Transcendentalismo
We look wishfully to emergencies  to eventful  revolutionary times ... and think how easy to have taken our part when the drum was rolling and the house was burning over our heads.,Ralph Waldo Emerson,"boring, days",Transcendentalismo
They sicken of the calm that know the storm.,Ralph Waldo Emerson,"boring, days",Transcendentalismo
Man lives by habits indeed  but what he lives for is thrill and excitements. ... From time immemorial war has been ... the supremely thrilling excitement.,William James,"boring, days",Pragmatismo
Is not life a hundred times too short for us to bore ourselves?,Friedrich Nietzsche,"boring, days",Niilismo / Existencialismo (precursor)
A boy is  of all wild beasts  the most difficult to manage.,Plato,boy,Platonismo
The cautious seldom err.,Confucius,caution,Confucionismo
Every burned book enlightens the world.,Ralph Waldo Emerson,censorship,Transcendentalismo
If you do not expect it  you will not find the unexpected  for it is hard to find and difficult.,Heraclitus,"chance, fortune",Pré-socrático
The days come and go like muffled and veiled figures sent from a distant friendly party  but they say nothing  and if we do not use the gifts they bring  they carry them as silently away.,Ralph Waldo Emerson,"change, transience",Transcendentalismo
There is nothing permanent except change.,Heraclitus,"change, transience",Pré-socrático
You can't step into the same river twice.,Heraclitus,"change, transience",Pré-socrático
We change  whether we like it or not.,Ralph Waldo Emerson,change,Transcendentalismo
Everything flows  nothing stays still.,Heraclitus,change,Pré-socrático
Nothing is permanent but change.,Heraclitus,change,Pré-socrático
Arriving at one goal is the starting point to another.,John Dewey,change,Pragmatismo
It is in changing that things find purpose.,Heraclitus,change,Pré-socrático
Continuity in everything is unpleasant.,Blaise Pascal,change,Jansenismo / Existencialismo Cristão (precursor)
Why do we shrink from change? What can come into being save by change?,Marcus Aurelius,change,Estoicismo
There is change in all things. You yourself are subject to continual change and some decay  and this is common to the entire universe.,Marcus Aurelius,change,Estoicismo
Good breeding  a union of kindness and independence.,Ralph Waldo Emerson,"character, personality",Transcendentalismo
We only become what we are by the radical and deep-seeded refusal of that which others have made of us.,Jean-Paul Sartre,"character, personality",Existencialismo
To enjoy the things we ought  and to hate the things we ought  has the greatest bearing on excellence of character.,Aristotle,"character, personality",Peripatético / Aristotelismo
Character is that which can do without success.,Ralph Waldo Emerson,"character, personality",Transcendentalismo
Charm is a way of getting the answer yes without having asked any clear question.,Albert Camus,"character, personality",Existencialismo / Absurdismo
Of all animals  the boy is the most unmanageable.,Plato,"children, childhood",Platonismo
I am a citizen  not of Athens or Greece  but of the world.,Socrates,citizen,Filosofia Socrática
Cities force growth  and make men talkative and entertaining  but they make them artificial.,Ralph Waldo Emerson,city,Transcendentalismo
The end of the human race will be that it will eventually die of civilization.,Ralph Waldo Emerson,civilization,Transcendentalismo
A sufficient measure of civilization is the influence of good women.,Ralph Waldo Emerson,civilization,Transcendentalismo
We think our civilization near its meridian  but we are yet only at the cock-crowing and the morning star.,Ralph Waldo Emerson,civilization,Transcendentalismo
If you would lift me you must be on a higher ground.,Ralph Waldo Emerson,clergyman,Transcendentalismo
An institution is the lengthening shadow of one man.,Ralph Waldo Emerson,"clubs, institutions",Transcendentalismo
The eloquent man is he who is no beautiful speaker  but who is inwardly and desperately drunk with a certain belief.,Ralph Waldo Emerson,"commitment, belief",Transcendentalismo
There is no strong performance without a little fanaticism in the performer.,Ralph Waldo Emerson,"commitment, belief",Transcendentalismo
He that rides his hobby gently must always give way to him that rides his hobby hard.,Ralph Waldo Emerson,"commitment, belief",Transcendentalismo
Love is composed of a single soul inhabiting two bodies.,Aristotle,companionship,Peripatético / Aristotelismo
Each man is capable of doing one thing well. If he attempts several  he will fail to achieve distinction in any.,Plato,concentration,Platonismo
A man should remove not only unnecessary acts  but also unnecessary thoughts  for then superfluous activity will not follow.,Marcus Aurelius,concentration,Estoicismo
Self-conquest is the greatest of victories.,Plato,conquest,Platonismo
We are reformers in spring and summer  in autumn and winter we stand by the old  reformers in the morning  conservers at night. Reform is affirmative  conservatism negative  conservatism goes for comfort  reform for truth.,Ralph Waldo Emerson,conservatism,Transcendentalismo
A foolish consistency is the hobgoblin of little minds  adored by little statesmen and philosophers and divines. With consistency a great soul has simply nothing to do. He may as well concern himself with his shadow on the wall. Speak what you think now in hard words and tomorrow speak what tomorrow thinks in hard words again  though it contradict everything you said today.,Ralph Waldo Emerson,consistency,Transcendentalismo
A foolish consistency is the hobgoblin of little minds  adored by little statesmen and philosophers and divines.,Ralph Waldo Emerson,consistency,Transcendentalismo
When I think over what I have said  I envy dumb people.,Seneca,conversation,Estoicismo
A great part of courage is the courage of having done the thing before.,Ralph Waldo Emerson,"courage, bravery",Transcendentalismo
Constant exposure to dangers will breed contempt for them.,Seneca,"courage, bravery",Estoicismo
Courage is the best slayer-courage which attacketh  for in every attack there is the sound of triumph.,Friedrich Nietzsche,courage,Niilismo / Existencialismo (precursor)
In times of stress  be bold and valiant.,Horace,courage,Epicurismo (influência)
The superior man makes the difficulty to be overcome his first interest  success comes only later.,Confucius,courage,Confucionismo
Confidence ... is directness and courage in meeting the facts of life.,John Dewey,courage,Pragmatismo
Fools  through false shame  conceal their open wounds.,Horace,courage,Epicurismo (influência)
The first rule is to keep an untroubled spirit. The second is to look things in the face and know them for what they are.,Marcus Aurelius,courage,Estoicismo
It is courage  courage  courage  that raises the blood of life to crimson splendor. Live bravely and present a brave front to adversity!,Horace,courage,Epicurismo (influência)
Defending the truth is not something one does out of a sense of duty or to allay guilt complexes  but is a reward in itself.,Simone de Beauvoir,courage,Existencialismo / Feminismo
Whatever course you decide upon  there is always someone to tell you that you are wrong. There are always difficulties arising which tempt you to believe that your critics are right. To map out a course of action and follow it to an end requires ... courage.,Ralph Waldo Emerson,courage,Transcendentalismo
Whatever you do  you need courage. ... To map out a course of action and follow it to an end requires some of the same courage which a soldier needs.,Ralph Waldo Emerson,courage,Transcendentalismo
To see what is right  and not do it  is want of courage.,Confucius,courage,Confucionismo
Dare to begin! He who postpones living rightly is like the rustic who waits for the river to run out before he crosses.,Horace,courage,Epicurismo (influência)
We ought to face our destiny with courage.,Friedrich Nietzsche,courage,Niilismo / Existencialismo (precursor)
Do not be too timid and squeamish. ... All life is an experiment. The more experiments you make  the better.,Ralph Waldo Emerson,courage,Transcendentalismo
Courage is knowing what not to fear.,Plato,courage,Platonismo
To know what is right and not do it is the worst cowardice.,Confucius,courage,Confucionismo
Courage is a kind of salvation.,Plato,courage,Platonismo
Courage consists of the power of self-recovery.,Ralph Waldo Emerson,courage,Transcendentalismo
Every man has his own courage  and is betrayed because he seeks in himself the courage of other persons.,Ralph Waldo Emerson,courage,Transcendentalismo
So when the crisis is upon you  remember that God  like a trainer of wrestlers  has matched you with a tough and stalwart antagonist... that you may prove a victor at the Great Games.,Epictetus,courage,Estoicismo
Nothing befalls a man except what is in his nature to endure.,Marcus Aurelius,courage,Estoicismo
Nature arms each man with some faculty which enables him to do easily some feat impossible to any other.,Ralph Waldo Emerson,courage,Transcendentalismo
For what avail the plough or sail  Or land  or life  if freedom fail?,Ralph Waldo Emerson,cowardice,Transcendentalismo
Those interested in perpetuating present conditions are always in tears about the marvelous past that is about to disappear  without having so much as a smile for the young future.,Simone de Beauvoir,"creating, positive, change",Existencialismo / Feminismo
The death of dogma is the birth of reality.,Immanuel Kant,"creating, positive, change",Idealismo Transcendental
I wish to say what I think and feel today  with the proviso that tomorrow perhaps I shall contradict it all.,Ralph Waldo Emerson,"creating, positive, change",Transcendentalismo
Convictions are more dangerous enemies of truth than lies.,Friedrich Nietzsche,"creating, positive, change",Niilismo / Existencialismo (precursor)
A foolish consistency is the hobgoblin of little minds  adored by little statesmen and philosophers and divines.,Ralph Waldo Emerson,"creating, positive, change",Transcendentalismo
We have to live today by what truth we can get today and be ready tomorrow to call it falsehood.,William James,"creating, positive, change",Pragmatismo
Contradiction is not a sign of falsity  nor the lack of contradiction a sign of truth.,Blaise Pascal,"creating, positive, change",Jansenismo / Existencialismo Cristão (precursor)
With consistency a great soul has simply nothing to do. ... Speak what you think today in words as hard as cannon balls  and tomorrow speak what tomorrow thinks in hard words again  though it contradicts everything you said today.,Ralph Waldo Emerson,"creating, positive, change",Transcendentalismo
Since changes are going on anyway  the great thing is to learn enough about them so that we will be able to lay hold of them and turn them in the direction of our desires. Condi-tions and events are neither to be fled from nor passively acquiesced in  they are to be utilized and directed.,John Dewey,"creating, positive, change",Pragmatismo
You cannot step twice into the same river  for other waters are continually flowing on.,Heraclitus,"creating, positive, change",Pré-socrático
The creation of a thousand forests is in one acorn.,Ralph Waldo Emerson,"creation, creativity",Transcendentalismo
Speaking generally  punishment hardens and numbs  it produces concentration  it sharpens the consciousness of alienation  it strengthens the power of resistance.,Friedrich Nietzsche,"crime, punishment",Niilismo / Existencialismo (precursor)
So when the crisis is upon you  remember that God  like a trainer of wrestlers  has matched you with a tough and stalwart antagonist... that you may prove a victor at the Great Games.,Epictetus,crisis,Estoicismo
Insanity in individuals is rare - but in groups  parties  nations  and epochs  it is the rule.,Friedrich Nietzsche,"crowds, masses",Niilismo / Existencialismo (precursor)
When a hundred men stand together  each of them loses his mind and gets another one.,Friedrich Nietzsche,"crowds, masses",Niilismo / Existencialismo (precursor)
The time when  most of all  you should withdraw into yourself is when you are forced to be in a crowd.,Epicurus,"crowds, masses",Epicurismo
All cruelty springs from weakness.,Seneca,cruelty,Estoicismo
Culture  with us  ends in headache.,Ralph Waldo Emerson,culture,Transcendentalismo
A cynic can chill and dishearten with a single word.,Ralph Waldo Emerson,cynicism,Transcendentalismo
In Heaven  all the interesting people are missing.,Friedrich Nietzsche,"death, dying",Niilismo / Existencialismo (precursor)
The art of living well and the art of dying well are one.,Epicurus,"death, dying",Epicurismo
The question is whether suicide is the way out  or the way in.,Ralph Waldo Emerson,"death, dying",Transcendentalismo
There is no man so blessed that some who stand by his deathbed won't hail the occasion with delight.,Marcus Aurelius,"death, dying",Estoicismo
Wilt thou seal up the avenues of ill? Pay every debt as if God wrote the bill!,Ralph Waldo Emerson,debt,Transcendentalismo
Proportion is almost impossible to human beings. There is no one who does not exaggerate.,Ralph Waldo Emerson,deception,Transcendentalismo
Everything that deceives may be said to enchant.,Plato,deception,Platonismo
Life is the sum of all your choices.,Albert Camus,decisions,Existencialismo / Absurdismo
As a man thinketh  so is he  and as a man chooseth  so is he.,Ralph Waldo Emerson,decisions,Transcendentalismo
In each action we must look beyond the action at our past  present and future state  and at others whom it affects  and see the relation of all those things. And then we shall be very cautious.,Blaise Pascal,decisions,Jansenismo / Existencialismo Cristão (precursor)
He who postpones the hour of living is like the rustic who waits for the river to run out before he crosses.,Horace,decisions,Epicurismo (influência)
God offers to every mind its choice between truth and repose. Take which you please-you can never have both.,Ralph Waldo Emerson,decisions,Transcendentalismo
When you have to make a choice and don't make it  that is in itself a choice.,William James,decisions,Pragmatismo
There is no more miserable human being than one in whom nothing is habitual but indecision.,William James,decisions,Pragmatismo
Necessity is not an established fact  but an interpretation.,Friedrich Nietzsche,decisions,Niilismo / Existencialismo (precursor)
The worst form of inequality is to try to make unequal things equal.,Aristotle,democracy,Peripatético / Aristotelismo
We do not live an equal life  but one of contrasts and patchwork  now a little joy  then a sorrow  now a sin  then a generous or brave action.,Ralph Waldo Emerson,"difficult, days",Transcendentalismo
If matters go badly now  they will not always be so.,Horace,"difficult, days",Epicurismo (influência)
Time is like a river of fleeting events  and its current is strong  as soon as something comes into sight  it is swept past us  and something else takes its place  and that too will be swept away.,Marcus Aurelius,"difficult, days",Estoicismo
Adopt the pace of nature  her secret is patience.,Ralph Waldo Emerson,"difficult, days",Transcendentalismo
Patience and fortitude conquer all things.,Ralph Waldo Emerson,"difficult, days",Transcendentalismo
No great thing is created suddenly  any more than a bunch of grapes or a fig. If you tell me that you desire a fig  I answer you that there must be time. Let it first blossom  then bear fruit  then ripen.,Epictetus,"difficult, days",Estoicismo
We are not certain  we are never certain.,Albert Camus,"doubts, uncertainties",Existencialismo / Absurdismo
We sail within a vast sphere  ever drifting in uncertainty  driven from end to end.,Blaise Pascal,"doubts, uncertainties",Jansenismo / Existencialismo Cristão (precursor)
Freedom is nothing else but a chance to be better  whereas enslavement is a certainty of the worst.,Albert Camus,"doubts, uncertainties",Existencialismo / Absurdismo
Drunkenness is nothing but voluntary madness.,Seneca,"drink, , drinking, drinkers",Estoicismo
Boys should abstain from all use of wine until their eighteenth year  for it is wrong to add fire to fire.,Plato,"drink, , drinking, drinkers",Platonismo
He is a drunkard who takes more than three glasses  though he be not drunk.,Epictetus,drinking,Estoicismo
So nigh is grandeur to our dust  So near is God to man. When Duty whispers low  Thou must  The youth replies  I can.,Ralph Waldo Emerson,duty,Transcendentalismo
He who will not economize will have to agonize.,Confucius,economy,Confucionismo
He who would learn to fly one day must first learn to stand and walk and run and climb and dance  one cannot fly into flying.,Friedrich Nietzsche,education,Niilismo / Existencialismo (precursor)
I pay the School Master  but 'tis the school boys that educate my son.,Ralph Waldo Emerson,education,Transcendentalismo
The things taught in schools are not an education but the means of an education.,Ralph Waldo Emerson,education,Transcendentalismo
All learning has an emotional base.,Plato,education,Platonismo
There is a time in every man's education when he arrives at the conviction that envy is ignorance  that imitation is suicide  that he must take himself for better  for worse as his portion.,Ralph Waldo Emerson,education,Transcendentalismo
The things taught in schools and colleges are not an education  but the means of education.,Ralph Waldo Emerson,education,Transcendentalismo
He who has a thousand friends has not a friend to spare  And he who has one enemy will meet him everywhere.,Ralph Waldo Emerson,enemy,Transcendentalismo
I find the Englishman to be him of all men who stands firmest in his shoes.,Ralph Waldo Emerson,"england, u, k, ",Transcendentalismo
Passion  though a bad regulator  is a powerful spring.,Ralph Waldo Emerson,enthusiasm,Transcendentalismo
The world belongs to the energetic.,Ralph Waldo Emerson,enthusiasm,Transcendentalismo
Nothing great was ever achieved without enthusiasm.,Ralph Waldo Emerson,enthusiasm,Transcendentalismo
Through zeal  knowledge is gotten  through lack of zeal  knowledge is lost.,Buddha,enthusiasm,Budismo
Vigor is contagious  and whatever makes us either think or feel strongly adds to our power and enlarges our field of action.,Ralph Waldo Emerson,enthusiasm,Transcendentalismo
Nothing great was ever achieved without enthusiasm.,Ralph Waldo Emerson,enthusiasm,Transcendentalismo
The cautious seldom err.,Confucius,error,Confucionismo
Consider how much more you often suffer from your anger and grief than from those very things for which you are angry and grieved.,Marcus Aurelius,events,Estoicismo
Acceptance of what has happened is the first step to overcoming the consequences of any misfortune.,William James,events,Pragmatismo
In adversity  remember to keep an even mind.,Horace,events,Epicurismo (influência)
We are not troubled by things  but by the opinion which we have of things.,Epictetus,events,Estoicismo
Losses are comparative  imagination only makes them of any moment.,Blaise Pascal,events,Jansenismo / Existencialismo Cristão (precursor)
If you are distressed by anything external  the pain is not due to the thing itself but to your own estimate of it  and this you have the power to revoke at any moment.,Marcus Aurelius,events,Estoicismo
Do not weep  do not wax indignant. Understand.,Baruch Spinoza,events,Racionalismo
Men are not influenced by things  but by their thoughts about things.,Epictetus,events,Estoicismo
On the occasion of every accident that befalls you ... inquire what power you have for turning it to use.,Epictetus,events,Estoicismo
Losses are comparative  only imagination makes them of any moment.,Blaise Pascal,events,Jansenismo / Existencialismo Cristão (precursor)
What is evil?  -  Whatever springs from weakness.,Friedrich Nietzsche,evil,Niilismo / Existencialismo (precursor)
Excellent things are rare.,Plato,excellence,Platonismo
If a man has good corn  or wood  or boards  or pigs to sell  or can make better chairs or knives  crucibles  or church organs  than anybody else  you will find a broad  hardbeaten road to his house  though it be in the woods.,Ralph Waldo Emerson,excellence,Transcendentalismo
Do not be too timid and squeamish about your actions. All life is an experience.,Ralph Waldo Emerson,experience,Transcendentalismo
The shoemaker makes a good shoe because he makes nothing else.,Ralph Waldo Emerson,expert,Transcendentalismo
There are no eternal facts  as there are no absolute truths.,Friedrich Nietzsche,facts,Niilismo / Existencialismo (precursor)
The errors of great men are venerable because they are more fruitful than the truths of little men.,Friedrich Nietzsche,"failures, mistakes",Niilismo / Existencialismo (precursor)
A man who has committed a mistake and doesn't correct it is committing another mistake.,Confucius,"failures, mistakes",Confucionismo
When a man is pushed  tormented  defeated  he has a chance to learn something  he has been put on his wits  on his manhood  he has gained the facts  learned his ignorance  is cured of the insanity of conceit  has got moderation and real skill.,Ralph Waldo Emerson,"failures, mistakes",Transcendentalismo
Failure is instructive. The person who really thinks learns quite as much from his failures as from his successes.,John Dewey,"failures, mistakes",Pragmatismo
Losses are comparative  imagination only makes them of any moment.,Blaise Pascal,"failures, mistakes",Jansenismo / Existencialismo Cristão (precursor)
All I have seen teaches me to trust the Creator for all I have not seen.,Ralph Waldo Emerson,"faith, belief",Transcendentalismo
A believer  a mind whose faith is consciousness  is never disturbed because other persons do not yet see the fact which he sees.,Ralph Waldo Emerson,"faith, belief",Transcendentalismo
Faith declares what the senses do not see  but not the contrary of what they see.,Blaise Pascal,"faith, belief",Jansenismo / Existencialismo Cristão (precursor)
One's life has value so long as one attributes value to the life of others  by means of love  friendship  indignation and compassion.,Simone de Beauvoir,"faith, unity",Existencialismo / Feminismo
Faith is a sounder guide than reason. Reason can go only so far  but faith has no limits.,Blaise Pascal,"faith, unity",Jansenismo / Existencialismo Cristão (precursor)
It is the heart which experiences God  and not the reason.,Blaise Pascal,"faith, unity",Jansenismo / Existencialismo Cristão (precursor)
It is impossible on reasonable grounds to disbelieve miracles.,Blaise Pascal,"faith, unity",Jansenismo / Existencialismo Cristão (precursor)
Faith is nothing but obedience and piety.,Baruch Spinoza,"faith, unity",Racionalismo
To me  faith means not worrying.,John Dewey,"faith, unity",Pragmatismo
Faith is one of the forces by which men live  the total absence of it means collapse.,William James,"faith, unity",Pragmatismo
Faith is a gift of God.,Blaise Pascal,"faith, unity",Jansenismo / Existencialismo Cristão (precursor)
The disease with which the human mind now labors is want of faith.,Ralph Waldo Emerson,"faith, unity",Transcendentalismo
Give all to love  obey thy heart.,Ralph Waldo Emerson,faith,Transcendentalismo
AH I have seen teaches me to trust the Creator for all I have not seen.,Ralph Waldo Emerson,faith,Transcendentalismo
Fame is the perfume of heroic deeds.,Socrates,fame,Filosofia Socrática
Family love is messy  clinging  and of an annoying and repetitive pattern  like bad wallpaper.,Friedrich Nietzsche,family,Niilismo / Existencialismo (precursor)
A friend might well be reckoned the masterpiece of nature.,Ralph Waldo Emerson,family,Transcendentalismo
Of all the things which wisdom provides to make us entirely happy  much the greatest is the possession of friendship.,Epicurus,family,Epicurismo
The glory of friendship is not the outstretched hand  nor the kindly smile  nor the joy of companionship  it is the spiritual inspiration that comes to one when he discovers that someone else believes in him and is willing to trust him.,Ralph Waldo Emerson,family,Transcendentalismo
What a great blessing is a friend with a heart so trusty you may safely bury all your secrets in it.,Seneca,family,Estoicismo
Friendship is a single soul dwelling in two bodies.,Aristotle,family,Peripatético / Aristotelismo
The only way to have a friend is to be one.,Ralph Waldo Emerson,family,Transcendentalismo
I have heard with admiring submission the experience of the lady who declared that the sense of being well-dressed gives a feeling of inward tranquility  which religion is powerless to bestow.,Ralph Waldo Emerson,fashion,Transcendentalismo
Whatever limits us we call Fate.,Ralph Waldo Emerson,"fate, destiny",Transcendentalismo
Whatever the universal nature assigns to any man at any time is for the good of that man at that time.,Marcus Aurelius,"fate, destiny",Estoicismo
Fate rules the affairs of mankind with no recognizable order.,Seneca,"fate, destiny",Estoicismo
Nothing is more despicable than respect based on fear.,Albert Camus,fear,Existencialismo / Absurdismo
This is the century of fear.,Albert Camus,fear,Existencialismo / Absurdismo
Fear always springs from ignorance.,Ralph Waldo Emerson,fear,Transcendentalismo
All infractions of love and equity in our social relations are ... punished by fear.,Ralph Waldo Emerson,fear,Transcendentalismo
Fear always springs from ignorance.,Ralph Waldo Emerson,fear,Transcendentalismo
Your own property is concerned when your neighbor's house is on fire.,Horace,fire,Epicurismo (influência)
A great step toward independence is a good-humoured stomach.,Seneca,food,Estoicismo
If a man take no thought about what is distant  he will find sorrow near at hand.,Confucius,foresight,Confucionismo
To be wronged is nothing unless you continue to remember it.,Confucius,forgiveness,Confucionismo
Anger is a short madness.,Horace,forgiveness,Epicurismo (influência)
Holding on to anger is like grasping a hot coal with the intent of throwing it at someone else  you are the one who gets burned.,Buddha,forgiveness,Budismo
Those who are free of resentful thoughts surely find peace.,Buddha,forgiveness,Budismo
When I first open my eyes upon the morning meadows and look out upon the beautiful world  I thank God I am alive.,Ralph Waldo Emerson,forgiveness,Transcendentalismo
That which does not kill me makes me stronger.,Friedrich Nietzsche,forgiveness,Niilismo / Existencialismo (precursor)
Only a stomach that rarely feels hungry scorns common things.,Horace,forgiveness,Epicurismo (influência)
The summit of pleasure is the elimination of all that gives pain.,Epicurus,forgiveness,Epicurismo
He is a man of sense who does not grieve for what he has not  but rejoices in what he has.,Epictetus,forgiveness,Estoicismo
For everything you have missed  you have gained something else.,Ralph Waldo Emerson,forgiveness,Transcendentalismo
Take full account of the excellencies which you possess  and in gratitude remember how you would hanker after them  if you had them not.,Marcus Aurelius,forgiveness,Estoicismo
If there is a sin against life  it consists perhaps not so much in despairing of life as in hoping for another  and in eluding the implacable grandeur of this life.,Albert Camus,forgiveness,Existencialismo / Absurdismo
Do not spoil what you have by desiring what you have not  remember that what you now have was once among the things only hoped for.,Epicurus,forgiveness,Epicurismo
Let him who has enough wish for nothing more.,Horace,forgiveness,Epicurismo (influência)
Nothing is enough to the man for whom enough is too little.,Epicurus,forgiveness,Epicurismo
Whoever does not regard what he has as most ample wealth is unhappy  though he is master of the world.,Epicurus,forgiveness,Epicurismo
Want is a growing giant whom the coat of Have was never large enough to cover.,Ralph Waldo Emerson,forgiveness,Transcendentalismo
Freedom is not procured by a full enjoyment of what is desired  but by controlling the desire.,Epictetus,forgiveness,Estoicismo
How many things there are which I do not want.,Socrates,forgiveness,Filosofia Socrática
Were a man to order his life by the rules of true reason  a frugal substance joined to a contented mind is for him great riches.,Lucretius,forgiveness,Epicurismo
If all misfortunes were laid in one common heap whence everyone must take an equal portion  most people would be contented to take their own and depart.,Socrates,forgiveness,Filosofia Socrática
Try to live the life of the good man who is more than content with what is allocated to him.,Marcus Aurelius,forgiveness,Estoicismo
His heart was as great as the world  but there was no room in it to hold the memory of a wrong.,Ralph Waldo Emerson,forgiveness,Transcendentalismo
Bear and forbear.,Epictetus,forgiveness,Estoicismo
Life is not so short but that there is always time enough for courtesy.,Ralph Waldo Emerson,freedom,Transcendentalismo
A friend is one before whom I may think aloud.,Ralph Waldo Emerson,friend,Transcendentalismo
The only way to have a friend is to be one.,Ralph Waldo Emerson,friend,Transcendentalismo
A friend should be a master at guessing and keeping still.,Friedrich Nietzsche,friend,Niilismo / Existencialismo (precursor)
A friend is one before whom I may think aloud.,Ralph Waldo Emerson,friend,Transcendentalismo
The only way to have a friend is to be one.,Ralph Waldo Emerson,friend,Transcendentalismo
A friend should be a master at guessing and keeping still.,Friedrich Nietzsche,friend,Niilismo / Existencialismo (precursor)
A friend is one before whom I may think aloud.,Ralph Waldo Emerson,friend,Transcendentalismo
The only way to have a friend is to be one.,Ralph Waldo Emerson,friend,Transcendentalismo
A friend should be a master at guessing and keeping still.,Friedrich Nietzsche,friend,Niilismo / Existencialismo (precursor)
A friend is one before whom I may think aloud.,Ralph Waldo Emerson,friend,Transcendentalismo
The only way to have a friend is to be one.,Ralph Waldo Emerson,friend,Transcendentalismo
A friend should be a master at guessing and keeping still.,Friedrich Nietzsche,friend,Niilismo / Existencialismo (precursor)
A friend is one before whom I may think aloud.,Ralph Waldo Emerson,friend,Transcendentalismo
The only way to have a friend is to be one.,Ralph Waldo Emerson,friend,Transcendentalismo
A friend should be a master at guessing and keeping still.,Friedrich Nietzsche,friend,Niilismo / Existencialismo (precursor)
A friend is one before whom I may think aloud.,Ralph Waldo Emerson,friend,Transcendentalismo
The only way to have a friend is to be one.,Ralph Waldo Emerson,friend,Transcendentalismo
A friend should be a master at guessing and keeping still.,Friedrich Nietzsche,friend,Niilismo / Existencialismo (precursor)
A friend is one before whom I may think aloud.,Ralph Waldo Emerson,friend,Transcendentalismo
The only way to have a friend is to be one.,Ralph Waldo Emerson,friend,Transcendentalismo
A friend should be a master at guessing and keeping still.,Friedrich Nietzsche,friend,Niilismo / Existencialismo (precursor)
A friend is one before whom I may think aloud.,Ralph Waldo Emerson,friend,Transcendentalismo
The only way to have a friend is to be one.,Ralph Waldo Emerson,friend,Transcendentalismo
A friend should be a master at guessing and keeping still.,Friedrich Nietzsche,friend,Niilismo / Existencialismo (precursor)
It is one of the blessings of old friends that you can afford to be stupid with them.,Ralph Waldo Emerson,"friends, friendship",Transcendentalismo
A friend is one before whom I may think aloud.,Ralph Waldo Emerson,"friends, friendship",Transcendentalismo
Without friends no one would choose to live  though he had all other goods.,Aristotle,"friends, friendship",Peripatético / Aristotelismo
A true friend is one soul in two bodies.,Aristotle,friends,Peripatético / Aristotelismo
The only way to have a friend is to be one.,Ralph Waldo Emerson,friends,Transcendentalismo
Without friends no one would choose to live  though he had all other goods.,Aristotle,friendship,Peripatético / Aristotelismo
We take care of our health  we lay up money  we make our roof tight and our clothing sufficient  but who provides wisely that he shall not be wanting in the best property of all-friends.,Ralph Waldo Emerson,friendship,Transcendentalismo
Friends are an aid to the young  to guard them from error  to the elderly  to attend to their wants and to supplement their failing power of action  to those in the prime of life  to assist them to noble deeds.,Aristotle,friendship,Peripatético / Aristotelismo
Of all the things which wisdom provides to make life entirely happy  much the greatest is the possession of friendship.,Epicurus,friendship,Epicurismo
It is not so much our friends' help that helps us  as the confidence of their help.,Epicurus,friendship,Epicurismo
"Human beings are born into this little span of life of which the best thing is its friendships and intimacies ... and yet they leave their friendships and intimacies with no cultivation  to grow as they will by the roadside  expecting them to ""keep"" by force of mere inertia.",William James,friendship,Pragmatismo
The only way to have a friend is to be one.,Ralph Waldo Emerson,friendship,Transcendentalismo
The first thing to learn in intercourse with others is non-interference with their own peculiar ways of being happy  provided those ways do not assume to interfere with ours.,William James,friendship,Pragmatismo
No man can have society upon his own terms. If he seeks it  he must serve it too.,Ralph Waldo Emerson,friendship,Transcendentalismo
The condition which high friendship demands is the ability to do without it.,Ralph Waldo Emerson,friendship,Transcendentalismo
Women can form a friendship with a man very well  but to preserve it  a slight physical antipathy most probably helps.,Friedrich Nietzsche,friendship,Niilismo / Existencialismo (precursor)
The secret of success in society is a certain heartiness and sympathy.,Ralph Waldo Emerson,friendship,Transcendentalismo
Sometimes we owe a friend to the lucky circumstance that we give him no cause for envy.,Friedrich Nietzsche,friendship,Niilismo / Existencialismo (precursor)
Friendship requires more time than poor busy men can usually command.,Ralph Waldo Emerson,friendship,Transcendentalismo
We should behave to our friends as we would wish our friends to behave to us.,Aristotle,friendship,Peripatético / Aristotelismo
Go oft to the house of thy friend  for weeds choke the unused path.,Ralph Waldo Emerson,friendship,Transcendentalismo
Between friends there is no need of justice.,Aristotle,friendship,Peripatético / Aristotelismo
If we all told what we know of one another  there would not be four friends in the world,Blaise Pascal,friendship,Jansenismo / Existencialismo Cristão (precursor)
A friend should be a master at guessing and keeping still.,Friedrich Nietzsche,friendship,Niilismo / Existencialismo (precursor)
Don't believe your friends when they ask you to be honest with them. All they really want is to be maintained in the good opinion they have of themselves.,Albert Camus,friendship,Existencialismo / Absurdismo
A friend is a person with whom I may be sincere. Before him  I may think aloud.,Ralph Waldo Emerson,friendship,Transcendentalismo
It is one of the blessings of old friends that you can afford to be stupid with them.,Ralph Waldo Emerson,friendship,Transcendentalismo
A man's growth is seen in the successive choirs of his friends.,Ralph Waldo Emerson,friendship,Transcendentalismo
Every man passes his life in the search after friendship.,Ralph Waldo Emerson,friendship,Transcendentalismo
How casually and unobservedly we make all our most valued acquaintances.,Ralph Waldo Emerson,friendship,Transcendentalismo
Be slow to fall into friendship  but when thou art in  continue firm and constant.,Socrates,friendship,Filosofia Socrática
Wishing to be friends is quick work  but friendship is a slow-ripening fruit.,Aristotle,friendship,Peripatético / Aristotelismo
Have no friends not equal to yourself.,Confucius,friendship,Confucionismo
Shared joys make a friend  not shared sufferings.,Friedrich Nietzsche,friendship,Niilismo / Existencialismo (precursor)
My best friend is the man who in wishing me well wishes it for my sake.,Aristotle,friendship,Peripatético / Aristotelismo
A friend may well be reckoned the masterpiece of nature.,Ralph Waldo Emerson,friendship,Transcendentalismo
In poverty and other misfortunes of life  true friends are a sure refuge.,Aristotle,friendship,Peripatético / Aristotelismo
Friendship is a single soul dwelling in two bodies.,Aristotle,friendship,Peripatético / Aristotelismo
Most men's friendships are too inarticulate.,William James,friendship,Pragmatismo
Be slow to fall into friendship  but when thou art in continue firm and constant.,Socrates,friendship,Filosofia Socrática
Play out the game  act well your part  and if the gods have blundered  we will not.,Ralph Waldo Emerson,game,Transcendentalismo
Play out the game  act well your part  and if the gods have blundered  we will not.,Ralph Waldo Emerson,game,Transcendentalismo
Play out the game  act well your part  and if the gods have blundered  we will not.,Ralph Waldo Emerson,game,Transcendentalismo
Play out the game  act well your part  and if the gods have blundered  we will not.,Ralph Waldo Emerson,game,Transcendentalismo
Play out the game  act well your part  and if the gods have blundered  we will not.,Ralph Waldo Emerson,game,Transcendentalismo
Play out the game  act well your part  and if the gods have blundered  we will not.,Ralph Waldo Emerson,game,Transcendentalismo
Play out the game  act well your part  and if the gods have blundered  we will not.,Ralph Waldo Emerson,game,Transcendentalismo
Play out the game  act well your part  and if the gods have blundered  we will not.,Ralph Waldo Emerson,game,Transcendentalismo
Genius  in truth  means little more than the faculty of perceiving in an unhabitual way.,William James,genius,Pragmatismo
To believe your own thought  to believe that what is true for you in your private heart is true for all men - that is genius.,Ralph Waldo Emerson,genius,Transcendentalismo
In every work of genius we recognize our own rejected thoughts  they come back to us with a certain alienated majesty.,Ralph Waldo Emerson,genius,Transcendentalismo
There is no great genius without a mixture of madness.,Aristotle,genius,Peripatético / Aristotelismo
We are very near to greatness: one step and we are safe  can we not take the leap?,Ralph Waldo Emerson,"getting, going",Transcendentalismo
Change your life today. Don't gamble on the future  act now  without delay.,Simone de Beauvoir,"getting, going",Existencialismo / Feminismo
With mere good intentions hell is proverbially paved.,William James,"getting, going",Pragmatismo
Psychology is action  not thinking about oneself.,Albert Camus,"getting, going",Existencialismo / Absurdismo
Honors and rewards fall to those who show their good qualities in action.,Aristotle,"getting, going",Peripatético / Aristotelismo
Action may not always bring happiness  but there is no happiness without action.,William James,"getting, going",Pragmatismo
We are always getting ready to live  but never living.,Ralph Waldo Emerson,"getting, going",Transcendentalismo
It is a common observation that those who dwell continually upon their expectations are apt to become oblivious to the requirements of their actual situation.,Charles Sanders Peirce,"getting, going",Pragmatismo
He who postpones the hour of living is like the rustic who waits for the river to run out before he crosses.,Horace,"getting, going",Epicurismo (influência)
To do is to be.,Socrates,"getting, going",Filosofia Socrática
To be is to do.,Plato,"getting, going",Platonismo
The emotions are not always subject to reason ... but they are always subject to action. When thoughts do not neutralize an undesirable emotion  action will.,William James,"getting, going",Pragmatismo
What is it: is man only a blunder of God  or God only a blunder of man?,Friedrich Nietzsche,glory,Niilismo / Existencialismo (precursor)
Accept the place the divine providence has found for you  the society of your contemporaries  the connection of events.,Ralph Waldo Emerson,"goals, ambition",Transcendentalismo
He who has a why to live for can bear almost any how.,Friedrich Nietzsche,goals,Niilismo / Existencialismo (precursor)
The true worth of a man is to be measured by the objects he pursues.,Marcus Aurelius,goals,Estoicismo
Without a purpose  nothing should be done.,Marcus Aurelius,goals,Estoicismo
Many are stubborn in pursuit of the path they have chosen  few in pursuit of the goal.,Friedrich Nietzsche,goals,Niilismo / Existencialismo (precursor)
What most counts is not to live  but to live aright.,Socrates,goals,Filosofia Socrática
You can't assume the responsibility for everything you do-or don't do.,Simone de Beauvoir,goals,Existencialismo / Feminismo
First say to yourself what you would be  and then do what you have to do.,Epictetus,goals,Estoicismo
To be what we are  and to become what we are capable of becoming  is the only end of life.,Baruch Spinoza,goals,Racionalismo
All men seek one goal: success or happiness.,Aristotle,goals,Peripatético / Aristotelismo
We aim above the mark to hit the mark. Every act hath some falsehood or exaggeration in it.,Ralph Waldo Emerson,goals,Transcendentalismo
A man's worth is no greater than the worth of his ambitions.,Marcus Aurelius,goals,Estoicismo
A man's happiness: to do the things proper to man.,Marcus Aurelius,goals,Estoicismo
The one thing worth living for is to keep one's soul pure.,Marcus Aurelius,goals,Estoicismo
The greatest use of life is to spend it for something that will outlast it.,William James,goals,Pragmatismo
God enters by a private door into every individual.,Ralph Waldo Emerson,god,Transcendentalismo
The abdomen is the reason why man does not easily take himself for a god.,Friedrich Nietzsche,god,Niilismo / Existencialismo (precursor)
To them that ask  where have you seen the Gods  or how do you know for certain there are Gods  that you are so devout in their worship? I answer: Neither have I ever seen my own soul  and yet I respect and honor it.,Marcus Aurelius,god,Estoicismo
It is the heart which experiences God  not the reason.,Blaise Pascal,god,Jansenismo / Existencialismo Cristão (precursor)
The God of many men is little more than their court of appeal against the damnatory judgement passed on their failures by the opinion of the world.,William James,god,Pragmatismo
God has many names  though He is only one Being.,Aristotle,god,Peripatético / Aristotelismo
God enters by a private door into every individual.,Ralph Waldo Emerson,god,Transcendentalismo
To Be is to live with God.,Ralph Waldo Emerson,god,Transcendentalismo
What you do not want others to do to you  do not do to others.,Confucius,"golden, rule",Confucionismo
In nature  nothing can be given  all things are sold.,Ralph Waldo Emerson,"goodness, giving",Transcendentalismo
The meaning of good and bad  of better and worse  is simply helping or hurting.,Ralph Waldo Emerson,"goodness, giving",Transcendentalismo
Should not the giver be thankful that the receiver received? Is not giving a need? Is not receiving  mercy?,Friedrich Nietzsche,"goodness, giving",Niilismo / Existencialismo (precursor)
I hate the giving of the hand unless the whole man accompanies it.,Ralph Waldo Emerson,"goodness, giving",Transcendentalismo
As Charles Lamb says  there is nothing so nice as doing good by stealth and being found out by accident  so I now say it is even nicer to make heroic decisions and to be prevented by 'circumstances beyond your control' from ever trying to execute them.,William James,"goodness, giving",Pragmatismo
The only gift is a portion of thyself.,Ralph Waldo Emerson,"goodness, giving",Transcendentalismo
Take egotism out  and you would castrate the benefactor.,Ralph Waldo Emerson,"goodness, giving",Transcendentalismo
The majority is the best way  because it is visible  and has strength to make itself obeyed. Yet it is the opinion of the least able.,Blaise Pascal,"government, rule",Jansenismo / Existencialismo Cristão (precursor)
The foremost art of kings is the power to endure hatred.,Seneca,"government, rule",Estoicismo
No man undertakes a trade he has not learned  even the meanest  yet every one thinks himself sufficiently qualified for the hardest of all trades - that of government.,Socrates,government,Filosofia Socrática
A great man stands on God. A small man stands on a great man.,Ralph Waldo Emerson,great,Transcendentalismo
All great men come out of the middle classes.,Ralph Waldo Emerson,great,Transcendentalismo
A great part of courage is the courage of having done the thing before.,Ralph Waldo Emerson,great,Transcendentalismo
A great man stands on God. A small man stands on a great man.,Ralph Waldo Emerson,great,Transcendentalismo
All great men come out of the middle classes.,Ralph Waldo Emerson,great,Transcendentalismo
A great part of courage is the courage of having done the thing before.,Ralph Waldo Emerson,great,Transcendentalismo
A great man stands on God. A small man stands on a great man.,Ralph Waldo Emerson,great,Transcendentalismo
All great men come out of the middle classes.,Ralph Waldo Emerson,great,Transcendentalismo
A great part of courage is the courage of having done the thing before.,Ralph Waldo Emerson,great,Transcendentalismo
A great man stands on God. A small man stands on a great man.,Ralph Waldo Emerson,great,Transcendentalismo
All great men come out of the middle classes.,Ralph Waldo Emerson,great,Transcendentalismo
A great part of courage is the courage of having done the thing before.,Ralph Waldo Emerson,great,Transcendentalismo
A great man stands on God. A small man stands on a great man.,Ralph Waldo Emerson,great,Transcendentalismo
All great men come out of the middle classes.,Ralph Waldo Emerson,great,Transcendentalismo
A great part of courage is the courage of having done the thing before.,Ralph Waldo Emerson,great,Transcendentalismo
A great man stands on God. A small man stands on a great man.,Ralph Waldo Emerson,great,Transcendentalismo
All great men come out of the middle classes.,Ralph Waldo Emerson,great,Transcendentalismo
A great part of courage is the courage of having done the thing before.,Ralph Waldo Emerson,great,Transcendentalismo
A great man stands on God. A small man stands on a great man.,Ralph Waldo Emerson,great,Transcendentalismo
All great men come out of the middle classes.,Ralph Waldo Emerson,great,Transcendentalismo
A great part of courage is the courage of having done the thing before.,Ralph Waldo Emerson,great,Transcendentalismo
A great man stands on God. A small man stands on a great man.,Ralph Waldo Emerson,great,Transcendentalismo
All great men come out of the middle classes.,Ralph Waldo Emerson,great,Transcendentalismo
A great part of courage is the courage of having done the thing before.,Ralph Waldo Emerson,great,Transcendentalismo
A great man stands on God. A small man stands on a great man.,Ralph Waldo Emerson,greatness,Transcendentalismo
Calmness is always Godlike.,Ralph Waldo Emerson,greatness,Transcendentalismo
To do great things is difficult  but to command great things is more difficult.,Friedrich Nietzsche,greatness,Niilismo / Existencialismo (precursor)
It is not the strength  but the duration  of great sentiments that makes great men.,Friedrich Nietzsche,greatness,Niilismo / Existencialismo (precursor)
All great men come out of the middle classes.,Ralph Waldo Emerson,greatness,Transcendentalismo
He who is greedy is always in want.,Horace,greed,Epicurismo (influência)
Let wickedness escape as it may at the bar  it never fails of doing justice upon itself  for every guilty person is his own hangman.,Seneca,guilt,Estoicismo
Habit is a great deadener.,Samuel Beckett,"habit, tradition",Teatro do Absurdo
Habit is the enormous flywheel of society  its most precious conservative agent. There is no more miserable human being than one in whom nothing is habitual but indecision. Full half the time of such a man goes to the deciding  or regretting  of matters which ought to be so ingrained in him as practically not to exist for his consciousness at all.,William James,"habit, tradition",Pragmatismo
If thou workest at that which is before thee  following right reason seriously  vigorously  calmly  without allowing anything else to distract thee  but keeping thy divine part pure  as if thou shouldst be bound to give it back immediately  if thou holdest to this  expecting nothing  fearing nothing  but satisfied with thy present activity according to Nature  and with heroic truth in every word and sound which thou utterest  thou wilt live happy. And there is no man who is able to prevent this.,Marcus Aurelius,happiness,Estoicismo
There is only one way to happiness and that is to cease worrying about things which are beyond the power of our will.,Epictetus,happiness,Estoicismo
To be happy  we must not be too concerned with others.,Albert Camus,happiness,Existencialismo / Absurdismo
You will live wisely if you are happy in your lot.,Horace,happiness,Epicurismo (influência)
Happiness is the meaning and the purpose of life  the whole aim and end of human existence,Aristotle,happiness,Peripatético / Aristotelismo
Everyone  without exception  is searching for happiness.,Blaise Pascal,happiness,Jansenismo / Existencialismo Cristão (precursor)
Living well and beautifully and justly are all one thing.,Socrates,happiness,Filosofia Socrática
Different men seek ... happiness in different ways and by different means.,Aristotle,happiness,Peripatético / Aristotelismo
No sooner is it a little calmer with me than it is almost too calm  as though I have the true feeling of myself only when I am unbearably unhappy,Franz Kafka,happiness,Existencialismo (influência) / Absurdo
All men have happiness as their object: there are no exceptions. However different the means they employ  they aim at the same end.,Blaise Pascal,happiness,Jansenismo / Existencialismo Cristão (precursor)
Happiness depends upon ourselves.,Aristotle,happiness,Peripatético / Aristotelismo
Nothing can bring you peace but yourself.,Ralph Waldo Emerson,happiness,Transcendentalismo
Discontent is want of self-reliance  it is infirmity of will.,Ralph Waldo Emerson,happiness,Transcendentalismo
The essence of philosophy is that a man should so live that his happiness shall depend as little as possible on external things.,Epictetus,happiness,Estoicismo
The man who makes everything that leads to happiness depend upon himself  and not upon other men  has adopted the very best plan for living happily.,Plato,happiness,Platonismo
Learn how to feel joy.,Seneca,happiness,Estoicismo
If thou workest at that which is before thee ... expecting nothing  fearing nothing  but satisfied with thy present activity according to Nature  and with heroic truth in every word and sound which thou utterest  thou wilt live happy. And there is no man who is able to prevent this.,Marcus Aurelius,happiness,Estoicismo
Five great enemies to peace inhabit us: avarice  ambition  envy  anger and pride. If those enemies were to be banished  we should infallibly enjoy perpetual peace.,Ralph Waldo Emerson,happiness,Transcendentalismo
The way of a superior man is threefold: Virtuous  he is free from anxieties  wise  he is free from perplexities  bold  he is free from fear.,Confucius,happiness,Confucionismo
The first rule is to keep an untroubled spirit. The second is to look things in the face and know them for what they are.,Marcus Aurelius,happiness,Estoicismo
To live happily is an inward power of the soul.,Marcus Aurelius,happiness,Estoicismo
But what is happiness except the simple harmony between a man and the life he leads?,Albert Camus,happiness,Existencialismo / Absurdismo
Action may not always bring happiness  but there is no happiness without action.,William James,happiness,Pragmatismo
To fill the hour  and leave no crevice ... that is happiness.,Ralph Waldo Emerson,happiness,Transcendentalismo
Happiness is an expression of the soul in considered actions.,Aristotle,happiness,Peripatético / Aristotelismo
There is only one way to happiness  and that is to cease worrying about things which are beyond the power of our will.,Epictetus,happiness,Estoicismo
A man's happiness: to do the things proper to man.,Marcus Aurelius,happiness,Estoicismo
Instinct teaches us to look for happiness outside ourselves.,Blaise Pascal,happiness,Jansenismo / Existencialismo Cristão (precursor)
The happiness of your life depends upon the quality of your thoughts.,Marcus Aurelius,happiness,Estoicismo
The high prize of life  the crowning fortune of man  is to be born with a bias to some pursuit which finds him in employment and happiness.,Ralph Waldo Emerson,happiness,Transcendentalismo
To find out what one is fitted to do  and to secure an opportunity to do it  is the key to happiness.,John Dewey,happiness,Pragmatismo
A man is relieved and gay when he has put his heart into his work and done his best.,Ralph Waldo Emerson,happiness,Transcendentalismo
The essence of philosophy is that a man should so live that his happiness shall depend as little as possible on external things.,Epictetus,happiness,Estoicismo
Happiness seems to require a modicum of external prosperity.,Aristotle,happiness,Peripatético / Aristotelismo
And may I live the remainder of my life ... for myself  may there be plenty of books and many years' store of the fruits of the earth!,Horace,happiness,Epicurismo (influência)
The happiest man is he who learns from nature the lesson of worship.,Ralph Waldo Emerson,happiness,Transcendentalismo
Life begins on the other side of despair.,Jean-Paul Sartre,happiness,Existencialismo
Whom they have injured  they also hate.,Seneca,hatred,Estoicismo
The first wealth is health.,Ralph Waldo Emerson,health,Transcendentalismo
We have two ears and only one tongue in order that we may hear more and speak less.,Diogenes,hearing,Cinismo
It is not a lack of love  but a lack of friendship that makes unhappy marriages.,Friedrich Nietzsche,heartbreak,Niilismo / Existencialismo (precursor)
Heaven means to be one with God.,Confucius,heaven,Confucionismo
Be kind  for everyone you meet is fighting a hard battle.,Plato,"helping, people",Platonismo
One's life has value so long as one attributes value to the life of others  by means of love  friendship  indignation  and compassion.,Simone de Beauvoir,"helping, people",Existencialismo / Feminismo
Right Now Is the Time to Be Kind You cannot do a kindness too soon  for you never know how soon it will be too late.,Ralph Waldo Emerson,"helping, people",Transcendentalismo
The fact that we are human beings is infinitely more important than all the peculiarities that distinguish human beings from one another.,Simone de Beauvoir,"helping, people",Existencialismo / Feminismo
That's what I consider true generosity. You give your all and yet you always feel as if it costs you nothing.,Simone de Beauvoir,"helping, people",Existencialismo / Feminismo
I hate the giving of the hand unless the whole man accompanies it.,Ralph Waldo Emerson,"helping, people",Transcendentalismo
The only gift is a portion of thyself.,Ralph Waldo Emerson,"helping, people",Transcendentalismo
Make yourself necessary to somebody.,Ralph Waldo Emerson,"helping, people",Transcendentalismo
A man finds room in a few square inches of his face for the traits of all his ancestors  for the expression of all his history  and his wants.,Ralph Waldo Emerson,heredity,Transcendentalismo
Every hero becomes a bore at last.,Ralph Waldo Emerson,hero,Transcendentalismo
Every hero becomes a bore at last.,Ralph Waldo Emerson,"heroes, heroism",Transcendentalismo
A hero is no braver than an ordinary man  but he is brave five minutes longer.,Ralph Waldo Emerson,"heroes, heroism",Transcendentalismo
All history is but the lengthened shadow of a great man.,Ralph Waldo Emerson,"history, historians",Transcendentalismo
The historian looks backward. In the end he also believes backward.,Friedrich Nietzsche,"history, historians",Niilismo / Existencialismo (precursor)
There is properly no history  only biography.,Ralph Waldo Emerson,history,Transcendentalismo
I often marvel how it is that though each man loves himself beyond all else  he should yet value his own opinion of himself less than that of others.,Marcus Aurelius,"homo, sapiens",Estoicismo
Man is physically as well as metaphysically a thing of shreds and patches  borrowed unequally from good and bad ancestors  and a misfit from the start.,Ralph Waldo Emerson,"homo, sapiens",Transcendentalismo
The cultivated man  wise to know and bold to perform  is the end to which nature works.,Ralph Waldo Emerson,"homo, sapiens",Transcendentalismo
We fancy men are individuals  so are pumpkins  but every pumpkin in the field goes through every point of pumpkin history.,Ralph Waldo Emerson,"homo, sapiens",Transcendentalismo
Whosoever would be a man must be a non-conformist.,Ralph Waldo Emerson,"homo, sapiens",Transcendentalismo
Every man is to be respected as an absolute end in himself: and it is a crime against the dignity that belongs to him as a human being  to use him as a mere means for some external purpose.,Immanuel Kant,"homo, sapiens",Idealismo Transcendental
Man is only a reed  the weakest thing in nature  but he is a thinking reed.,Blaise Pascal,"homo, sapiens",Jansenismo / Existencialismo Cristão (precursor)
An unlearned carpenter of my acquaintance once said in my hearing: 'There is very little difference between one man and another  but what there is is very important.',William James,"homo, sapiens",Pragmatismo
One must not cheat anybody  not even the world of one's triumph.,Franz Kafka,honesty,Existencialismo (influência) / Absurdo
The louder he talked of his honour  the faster we counted our spoons.,Ralph Waldo Emerson,honour,Transcendentalismo
Dignity does not consist in possessing honours  but in deserving them.,Aristotle,honour,Peripatético / Aristotelismo
"Everyone who has ever built anywhere a ""new heaven"" first found the power thereto in his own hell.",Friedrich Nietzsche,hope,Niilismo / Existencialismo (precursor)
Strong hope is a much greater stimulant of life than any single realized joy could be.,Friedrich Nietzsche,hope,Niilismo / Existencialismo (precursor)
Hope is a waking dream.,Aristotle,hope,Peripatético / Aristotelismo
There is no hope unmingled with fear  and no fear unmingled with hope.,Baruch Spinoza,hope,Racionalismo
Never despair.,Horace,hope,Epicurismo (influência)
A feeble man can see the farms that are fenced and tilled  the houses that are built. The strong man sees the possible houses and farms. His eye makes estates as fast as the sun breeds clouds.,Ralph Waldo Emerson,hope,Transcendentalismo
Outside  among your fellows  among strangers  you must preserve appearances  100 things you cannot do  but inside  the terrible freedom!,Ralph Waldo Emerson,"human, relations",Transcendentalismo
When the man is at home  his standing in society is well known and quietly taken  but when he is abroad  it is problematical  and is dependent on the success of his manners.,Ralph Waldo Emerson,"human, relations",Transcendentalismo
We rarely confide in those who are better than we are.,Albert Camus,"human, relations",Existencialismo / Absurdismo
Make yourself necessary to somebody.,Ralph Waldo Emerson,"human, relations",Transcendentalismo
The more you let yourself go  the less others let you go.,Friedrich Nietzsche,"human, relations",Niilismo / Existencialismo (precursor)
I am not an Athenian  nor a Greek  but a citizen of the world.,Socrates,humanity,Filosofia Socrática
Humour is the only test of gravity  and gravity of humour  for a subject which will not bear raillery is suspicious  and a jest which will not bear serious examination is false wit.,Aristotle,"humour, humorists",Peripatético / Aristotelismo
A joke is an epigram on the death of a feeling.,Friedrich Nietzsche,"humour, humorists",Niilismo / Existencialismo (precursor)
A hungry people listens not to reason  nor cares for justice  nor is bent by any prayers.,Seneca,hunger,Estoicismo
Extremes meet  and there is no better example than the naughtiness of humility.,Ralph Waldo Emerson,hypocrisy,Transcendentalismo
Ideas must work through the brains and the arms of good and brave men  or they are no better than dreams.,Ralph Waldo Emerson,ideas,Transcendentalismo
An idea  to be suggestive  must come to the individual with the force of a revelation.,William James,ideas,Pragmatismo
Nothing is so intolerable to man as being fully at rest  without passion  without business  without entertainment  without care. It is then that he recognizes that he is empty  insufficient  dependent  ineffectual. From the depths of his soul now comes at once boredom  gloom  sorrow  chagrin  resentment and despair.,Blaise Pascal,idleness,Jansenismo / Existencialismo Cristão (precursor)
If a soldier or labourer complains of the hardship of his lot  set him to do nothing.,Blaise Pascal,idleness,Jansenismo / Existencialismo Cristão (precursor)
He is not only idle who does nothing  but he is idle who might be better employed.,Socrates,idleness,Filosofia Socrática
If I cannot brag of knowing something  then I brag of not knowing it  at any rate  brag.,Ralph Waldo Emerson,ignorance,Transcendentalismo
The sky is the daily bread of the eyes.,Ralph Waldo Emerson,imagination,Transcendentalismo
Every man is a borrower and a mimic  life is theatrical and literature a quotation.,Ralph Waldo Emerson,imitation,Transcendentalismo
Can anything be so elegant as to have few wants  and to serve them one's self?,Ralph Waldo Emerson,independence,Transcendentalismo
Not to he who is offensive to us are we most unfair  but to he who does not concern us at all.,Friedrich Nietzsche,"indifference, apathy",Niilismo / Existencialismo (precursor)
An institution is the lengthened shadow of one man.,Ralph Waldo Emerson,individuality,Transcendentalismo
Recompense injury with justice  and recompense kindness with kindness.,Confucius,injury,Confucionismo
He who commits injustice is ever made more wretched than he who suffers it.,Plato,injustice,Platonismo
The innocent is the person who explains nothing.,Albert Camus,innocence,Existencialismo / Absurdismo
No excellent soul is exempt from a mixture of madness.,Aristotle,insanity,Peripatético / Aristotelismo
I teach that all men are mad.,Horace,insanity,Epicurismo (influência)
Insanity in individuals is something rare - but in groups  parties  nations  and epochs it is the ru)e.,Friedrich Nietzsche,insanity,Niilismo / Existencialismo (precursor)
For every man there exists a bait which he cannot resist swallowing.,Friedrich Nietzsche,inspirational,Niilismo / Existencialismo (precursor)
For every man there exists a bait which he cannot resist swallowing.,Friedrich Nietzsche,inspirational,Niilismo / Existencialismo (precursor)
For every man there exists a bait which he cannot resist swallowing.,Friedrich Nietzsche,inspirational,Niilismo / Existencialismo (precursor)
For every man there exists a bait which he cannot resist swallowing.,Friedrich Nietzsche,inspirational,Niilismo / Existencialismo (precursor)
For every man there exists a bait which he cannot resist swallowing.,Friedrich Nietzsche,inspirational,Niilismo / Existencialismo (precursor)
For every man there exists a bait which he cannot resist swallowing.,Friedrich Nietzsche,inspirational,Niilismo / Existencialismo (precursor)
For every man there exists a bait which he cannot resist swallowing.,Friedrich Nietzsche,inspirational,Niilismo / Existencialismo (precursor)
For every man there exists a bait which he cannot resist swallowing.,Friedrich Nietzsche,inspirational,Niilismo / Existencialismo (precursor)
Every time a resolve or fine glow of feeling evaporates without bearing fruit  it is worse than a chance lost  it works to hinder future emotions from taking the normal path of discharge.,William James,instincts,Pragmatismo
Trust the instinct to the end  though you can render no reason.,Ralph Waldo Emerson,instincts,Transcendentalismo
We should chiefly depend not upon that department of the soul which is most superficial and fallible (our reason)  but upon that department that is deep and sure  which is instinct.,Charles Sanders Peirce,instincts,Pragmatismo
Impulse without reason is not enough  and reason without impulse is a poor makeshift.,William James,instincts,Pragmatismo
All our reasoning ends in surrender to feeling.,Blaise Pascal,instincts,Jansenismo / Existencialismo Cristão (precursor)
Life is one long struggle between conclusions based on abstract ways of conceiving cases  and opposite conclusions prompted by our instinctive perception of them.,William James,instincts,Pragmatismo
It is the heart which experiences God  not the reason.,Blaise Pascal,instincts,Jansenismo / Existencialismo Cristão (precursor)
The heart has reasons which reason cannot understand.,Blaise Pascal,instincts,Jansenismo / Existencialismo Cristão (precursor)
The thinker philosophizes as the lover loves. Even were the consequences not only useless but harmful  he must obey his impulse.,William James,instincts,Pragmatismo
You have first an instinct  then an opinion  then a knowledge  as the plant has root  bud and fruit. Trust the instinct to the end  though you can render no reason.,Ralph Waldo Emerson,instincts,Transcendentalismo
It is often better not to see an insult than to avenge it.,Seneca,insult,Estoicismo
Calumny is only the noise of madmen.,Diogenes,"insults, calumny",Cinismo
It is often better not to see an insult  than to avenge it.,Seneca,"insults, calumny",Estoicismo
An intellectual is someone whose mind watches itself.,Albert Camus,intellect,Existencialismo / Absurdismo
Drunkenness is nothing but voluntary madness.,Seneca,intemperance,Estoicismo
Accept the things To which fate binds you and Love the people with whom fate Brings you together But do so with all your heart.,Marcus Aurelius,introspection,Estoicismo
Four things belong to a judge: to hear courteously  to answer wisely  to consider soberly  and to decide impartially.,Socrates,judge,Filosofia Socrática
Injustice never rules forever.,Seneca,justice,Estoicismo
Acquittal of the guilty damns the judge.,Horace,justice,Epicurismo (influência)
He who decides a case without hearing the other side  though he decide justly  cannot be considered just.,Seneca,justice,Estoicismo
All men by nature desire to know.,Aristotle,knowledge,Peripatético / Aristotelismo
The only good is knowledge  and the only evil ignorance.,Diogenes,knowledge,Cinismo
Our knowledge is the amassed thought and experience of innumerable minds.,Ralph Waldo Emerson,knowledge,Transcendentalismo
One cannot know everything.,Horace,knowledge,Epicurismo (influência)
Better know nothing than half-know many things.,Friedrich Nietzsche,knowledge,Niilismo / Existencialismo (precursor)
Know thyself.,Socrates,knowledge,Filosofia Socrática
As for me  all I know is that I know nothing.,Socrates,knowledge,Filosofia Socrática
If a man own land  the land owns him.,Ralph Waldo Emerson,land,Transcendentalismo
Man alone suffers so excruciatingly in the world that he was compelled to invent laughter.,Friedrich Nietzsche,laughter,Niilismo / Existencialismo (precursor)
The slave begins by demanding justice and ends by wanting to wear a crown. He must dominate in his turn.,Albert Camus,"leaders, leadership",Existencialismo / Absurdismo
If you shoot at a king you must kill him.,Ralph Waldo Emerson,"leaders, leadership",Transcendentalismo
Men learn while they teach.,Seneca,learning,Estoicismo
The lie is a condition of life.,Friedrich Nietzsche,"liars, lying",Niilismo / Existencialismo (precursor)
I understand by 'freedom of spirit' something quite definite - the unconditional will to say No  where it is dangerous to say No.,Friedrich Nietzsche,"liberty, human, rights",Niilismo / Existencialismo (precursor)
Once freedom lights its beacon in a man's heart  the gods are powerless against him.,Jean-Paul Sartre,"liberty, human, rights",Existencialismo
Freedom is what you do with what's been done to you.,Jean-Paul Sartre,"liberty, human, rights",Existencialismo
In the morning a man walks with his whole body  in the evening  only with his legs.,Ralph Waldo Emerson,life,Transcendentalismo
Life consists in what a man is thinking of all day.,Ralph Waldo Emerson,life,Transcendentalismo
If there is a sin against life  it consists perhaps not so much in despairing of life as in hoping for another  and in eluding the implacable grandeur of this life.,Albert Camus,life,Existencialismo / Absurdismo
Life is a stranger's sojourn  a night at an inn.,Marcus Aurelius,life,Estoicismo
The whole of what we know is a system of compensations. Each suffering is rewarded  each sacrifice is made up  every debt is paid.,Ralph Waldo Emerson,life,Transcendentalismo
He who despairs of the human condition is a coward  but he who has hope for it is a fool.,Albert Camus,life,Existencialismo / Absurdismo
The art of living is more like that of wrestling than of dancing. The main thing is to stand firm and be ready for an unforeseen attack.,Marcus Aurelius,life,Estoicismo
The great use of life is to spend it for something that will outlast it.,William James,life,Pragmatismo
Life begins on the other side of despair.,Jean-Paul Sartre,life,Existencialismo
He who has a why to live can bear with almost any how.,Friedrich Nietzsche,life,Niilismo / Existencialismo (precursor)
Out of sleeping a waking  Out of waking a sleep.,Ralph Waldo Emerson,life,Transcendentalismo
As is a tale  so is life: not how long it is  but how good it is  is what matters.,Seneca,life,Estoicismo
True happiness is to understand our duties toward God and man  to enjoy the present  without anxious dependence on the future  not to amuse ourselves with either hopes or fears  but to rest satisfied with what we have  which is abundantly sufficient.,Seneca,lighten,Estoicismo
Happiness is a perfume which you cannot pour on someone without getting some on yourself.,Ralph Waldo Emerson,lighten,Transcendentalismo
But what is happiness except the simple harmony between a man and the life he leads.,Albert Camus,lighten,Existencialismo / Absurdismo
Happiness is the meaning and the purpose of life  the whole aim and end of human existence.,Aristotle,lighten,Peripatético / Aristotelismo
In the true man there is a child concealed - who wants to play.,Friedrich Nietzsche,lighten,Niilismo / Existencialismo (precursor)
Love your enemies because they bring out the best in you.,Friedrich Nietzsche,lighten,Niilismo / Existencialismo (precursor)
His heart was as great as the world  but there was no room in it to hold the memory of a wrong.,Ralph Waldo Emerson,lincoln,Transcendentalismo
I can find my biography in every fable that I read.,Ralph Waldo Emerson,literature,Transcendentalismo
A novel is never anything but a philosophy put into images.,Albert Camus,literature,Existencialismo / Absurdismo
It has come to be practically a sort of rule in literature that a man  having once shown himself capable of original writing  is entitled thenceforth to steal from the writings of others at discretion.,Ralph Waldo Emerson,literature,Transcendentalismo
The lonely one offers his hand too quickly to whomever he encounters.,Friedrich Nietzsche,loneliness,Niilismo / Existencialismo (precursor)
We always deceive ourselves twice about the people we love - first to their advantage  then to their disadvantage.,Albert Camus,love,Existencialismo / Absurdismo
Love cannot accept what it is. Everywhere on earth it cries out against kindness  compassion  intelligence  everything that leads to compromise. Love demands the impossible  the absolute  the sky on fire  inexhaustible springtime  life after death  and death itself transfigured into eternal life.,Albert Camus,love,Existencialismo / Absurdismo
All mankind love a lover.,Ralph Waldo Emerson,love,Transcendentalismo
Love - a grave mental disease.,Plato,love,Platonismo
To believe in luck ... is skepticism.,Ralph Waldo Emerson,luck,Transcendentalismo
Shallow men believe in luck  wise and strong men in cause and effect.,Ralph Waldo Emerson,luck,Transcendentalismo
Work and acquire  and thou hast chained the wheel of Chance.,Ralph Waldo Emerson,luck,Transcendentalismo
Man is a piece of the universe made alive.,Ralph Waldo Emerson,man,Transcendentalismo
I teach you beyond Man (superman). Man is something that shall be surpassed. What have you done to surpass him?,Friedrich Nietzsche,man,Niilismo / Existencialismo (precursor)
Man is a social animal.,Seneca,man,Estoicismo
What once were vices are now manners.,Seneca,manners,Estoicismo
Is not marriage an open question  when it is alleged  from the beginning of the world  that such as are in the institution wish to get out  and such as are out wish to get in.,Ralph Waldo Emerson,marriage,Transcendentalismo
A person seldom falls sick but the bystanders are animated with a faint hope that he will die.,Ralph Waldo Emerson,"medicine, sickness",Transcendentalismo
The physician heals  Nature makes well.,Aristotle,medicine,Peripatético / Aristotelismo
The advantage of a bad memory is that one enjoys several times the same good thing for the first time.,Friedrich Nietzsche,memory,Niilismo / Existencialismo (precursor)
A woman may very well form a friendship with a man  but for this to endure  it must be assisted by a little physical antipathy.,Friedrich Nietzsche,"men, women",Niilismo / Existencialismo (precursor)
Men are what their mothers made them.,Ralph Waldo Emerson,men,Transcendentalismo
The desire of a man for a woman is not directed at her because she is a human being  but because she is a woman. That she is a human being is of no concern to him.,Immanuel Kant,men,Idealismo Transcendental
Two things control man's nature: instinct and experience.,Blaise Pascal,men,Jansenismo / Existencialismo Cristão (precursor)
There are three classes of men-lovers of wisdom  lovers of honour  lovers of gain.,Plato,men,Platonismo
Shall we judge a country by the majority  or by the minority? By the minority  surely.,Ralph Waldo Emerson,minorities,Transcendentalismo
Fire tries gold  misery tries brave men.,Seneca,misery,Estoicismo
The mob is man voluntarily descending to the nature of the beast.,Ralph Waldo Emerson,mobs,Transcendentalismo
It is best to rise from life as from a banquet  neither thirsty nor drunken.,Aristotle,moderation,Peripatético / Aristotelismo
A good mind possesses a kingdom: a great fortune is a great slavery.,Seneca,money,Estoicismo
Morality is the best of all devices for leading mankind by the nose.,Friedrich Nietzsche,morality,Niilismo / Existencialismo (precursor)
Snow endures but for a season  and joy comes with the morning.,Marcus Aurelius,mornings,Estoicismo
God had infinite time to give us.... He cut it up into a near succession of new mornings  and  with each  therefore  a new idea  new inventions  and new applications.,Ralph Waldo Emerson,mornings,Transcendentalismo
The sun is new each day.,Heraclitus,mornings,Pré-socrático
Men are what their mothers made them.,Ralph Waldo Emerson,mother,Transcendentalismo
For every man there exists a bait which he cannot resist swallowing.,Friedrich Nietzsche,motivation,Niilismo / Existencialismo (precursor)
To be what we are  and to become what we are capable of becoming  is the only end of life.,Baruch Spinoza,motivation,Racionalismo
Human behavior flows from three main sources: desire  emotion  and knowledge.,Plato,motivation,Platonismo
Lust and force are the source of all our actions  lust causes voluntary actions  force involuntary ones.,Blaise Pascal,motivation,Jansenismo / Existencialismo Cristão (precursor)
Wealth ... and poverty: the one is the parent of luxury and indolence  and the other of meanness and vicious-ness  and both of discontent.,Plato,motivation,Platonismo
Necessity  who is the mother of our invention.,Plato,motivation,Platonismo
Poverty  Frost  Famine  Rain  Disease  are the beadles and guardsmen that hold us to Common Sense.,Ralph Waldo Emerson,motivation,Transcendentalismo
We do not content ourselves with the life we have in ourselves  we desire to live an imaginary life in the minds of others  and for this purpose we endeavor to shine.,Blaise Pascal,motivation,Jansenismo / Existencialismo Cristão (precursor)
Music produces a kind of pleasure which human nature cannot do without.,Confucius,music,Confucionismo
The musician who always plays on the same string  is laughed at.,Horace,music,Epicurismo (influência)
The sky is the daily bread of the eyes.,Ralph Waldo Emerson,nature,Transcendentalismo
Nature is reckless of the individual. When she has points to carry  she carries them,Ralph Waldo Emerson,nature,Transcendentalismo
When I first open my eyes upon the morning meadows and look out upon the beautiful world  I thank God I am alive.,Ralph Waldo Emerson,nature,Transcendentalismo
Nature is too thin a screen  the glory of the omnipresent God bursts through everywhere.,Ralph Waldo Emerson,nature,Transcendentalismo
Adopt the pace of nature: her secret is patience.,Ralph Waldo Emerson,nature,Transcendentalismo
To the dull mind all nature is leaden. To the illumined mind the whole world burns and sparkles with light.,Ralph Waldo Emerson,nature,Transcendentalismo
In all things of nature there is something of the marvelous.,Aristotle,nature,Peripatético / Aristotelismo
The creation of a thousand forests is in one acorn.,Ralph Waldo Emerson,nature,Transcendentalismo
Nature is saturated with deity.,Ralph Waldo Emerson,nature,Transcendentalismo
Earth laughs in flowers.,Ralph Waldo Emerson,nature,Transcendentalismo
What is a weed? A plant whose virtues have not yet been discovered.,Ralph Waldo Emerson,nature,Transcendentalismo
Finish each day and be done with it. You have done what you could  some blunders and absurdities have crept in  forget them as soon as you can. Tomorrow is a new day  you shall begin it serenely and with too high a spirit to be encumbered with your old nonsense.,Ralph Waldo Emerson,nature,Transcendentalismo
Write it on your heart that every day is the best day in the year.,Ralph Waldo Emerson,nature,Transcendentalismo
Everything in nature acts in conformity with law.,Immanuel Kant,nature,Idealismo Transcendental
When your neighbor's house is afire your own property is at stake.,Horace,neighbors,Epicurismo (influência)
The great majority of men are bundles of beginnings.,Ralph Waldo Emerson,"pressure, , diamonds, ",Transcendentalismo
The drops of rain make a hole in the stone not by violence  but by oft falling.,Lucretius,"pressure, , diamonds, ",Epicurismo
It does not matter how slowly you go  so long as you do not stop.,Confucius,"pressure, , diamonds, ",Confucionismo
Live with no time out.,Simone de Beauvoir,"pressure, , diamonds, ",Existencialismo / Feminismo
No great thing is created suddenly.,Epictetus,"pressure, , diamonds, ",Estoicismo
Life begins on the other side of despair.,Jean-Paul Sartre,"pressure, , diamonds, ",Existencialismo
A hero is no braver than an ordinary man  but he is brave five minutes longer.,Ralph Waldo Emerson,"pressure, , diamonds, ",Transcendentalismo
Endurance is one of the most difficult disciplines  but it is to the one who endures that the final victory comes.,Buddha,"pressure, , diamonds, ",Budismo
Our greatest glory consists not in never falling  but in rising every time we fall.,Ralph Waldo Emerson,"pressure, , diamonds, ",Transcendentalismo
Whatever course you decide upon  there is always someone to tell you that you are wrong. There are always difficulties arising which tempt you to believe that your critics are right. To map out a course of action and follow it to an end requires ... courage.,Ralph Waldo Emerson,"pressure, , diamonds, ",Transcendentalismo
They laboriously do nothing.,Seneca,nothingness,Estoicismo
Obedience alone gives the right to command.,Ralph Waldo Emerson,obedience,Transcendentalismo
My evening visitors  if they cannot see the clock  should find the time in my face.,Ralph Waldo Emerson,observation,Transcendentalismo
The difference between landscape and landscape is small  but there's a great difference in the beholders.,Ralph Waldo Emerson,observation,Transcendentalismo
The eyes indicate the antiquity of the soul.,Ralph Waldo Emerson,observation,Transcendentalismo
People only see what they are prepared to see.,Ralph Waldo Emerson,observation,Transcendentalismo
The crowning fortune of a man is to be born to some pursuit which finds him employment and happiness  whether it be to make baskets  or broadswords  or canals  or statues  or songs.,Ralph Waldo Emerson,occupation,Transcendentalismo
Who loses a day loses life.,Ralph Waldo Emerson,"one, day",Transcendentalismo
Live mindful of how brief your life is.,Horace,"one, day",Epicurismo (influência)
Gladly accept the gifts of the present hour.,Horace,"one, day",Epicurismo (influência)
Write it on your heart that every day is the best day in the year.,Ralph Waldo Emerson,"one, day",Transcendentalismo
"He possesses dominion over himself  and is happy  who can every day say  ""I have lived."" Tomorrow the heavenly Father may either involve the world in dark clouds  or cheer it with clear sunshine  he will not  however  render ineffectual the things which have already taken place.",Horace,"one, day",Epicurismo (influência)
The days come and go like muffled and veiled figures sent from a distant friendly party  but they say nothing  and if we do not use the gifts they bring  they carry them as silently away.,Ralph Waldo Emerson,"one, day",Transcendentalismo
He is only rich who owns the day. There is no king  rich man  fairy  or demon who possesses such power as that.,Ralph Waldo Emerson,"one, day",Transcendentalismo
Every minute of life carries with it its miraculous value  and its face of eter1nal youth.,Albert Camus,"one, day",Existencialismo / Absurdismo
Guard well your spare moments. They are like uncut diamonds. Discard them and their value will never be known. Improve them and they will become the brightest gems in a useful life.,Ralph Waldo Emerson,"one, day",Transcendentalismo
To fill the hour  that is happiness  to fill the hour  and leave no crevice for a repentance or an approval.,Ralph Waldo Emerson,"one, day",Transcendentalismo
He has not learned the first lesson of life who does not every day surmount a fear.,Ralph Waldo Emerson,"one, day",Transcendentalismo
The power of a man's virtue should not be measured by his special efforts  but by his ordinary doing.,Blaise Pascal,"one, day",Jansenismo / Existencialismo Cristão (precursor)
It is no easy thing for a principle to become a man's own unless each day he maintains it and works it out in his life.,Epictetus,"one, day",Estoicismo
Do you know that disease and death must needs overtake us  no matter what we are doing? ... What do you wish to be doing when it overtakes you? If you have anything better to be doing when you are so overtaken  get to work on that.,Epictetus,"one, day",Estoicismo
To live each day as though one's last  never flustered  never apathetic  never attitudinizing-here is perfection of character.,Marcus Aurelius,"one, day",Estoicismo
We should consider every day lost on which we have not danced at least once.,Friedrich Nietzsche,"one, day",Niilismo / Existencialismo (precursor)
Quality is not an act. It is a habit.,Aristotle,"one, day",Peripatético / Aristotelismo
A day is a miniature eternity.,Ralph Waldo Emerson,"one, day",Transcendentalismo
Time is the moving image of eternity.,Plato,"one, day",Platonismo
The surest poison is time.,Ralph Waldo Emerson,"one, day",Transcendentalismo
Time is a sort of river of passing events  and strong is its current  no sooner is a thing brought to sight than it is swept by and another takes its place  and this too will be swept away.,Marcus Aurelius,"one, day",Estoicismo
If you want people to think well of you  do not speak well of yourself.,Blaise Pascal,opinion,Jansenismo / Existencialismo Cristão (precursor)
Freedom is nothing else but a chance to be better  whereas enslavement is a certainty of the worst.,Albert Camus,opportunities,Existencialismo / Absurdismo
The world is all gates  all opportunities  strings of tension waiting to be struck.,Ralph Waldo Emerson,opportunity,Transcendentalismo
No great man ever complains of want of opportunity.,Ralph Waldo Emerson,opportunity,Transcendentalismo
In the midst of winter  I finally learned that there was in me an invincible summer.,Albert Camus,"optimism, pessimism",Existencialismo / Absurdismo
Glittering generalities! They are blazing ubiquities.,Ralph Waldo Emerson,oratory,Transcendentalismo
No one is content with his own lot.,Horace,side,Epicurismo (influência)
In Rome you long for the country. In the country you praise to the skies the distant town.,Horace,side,Epicurismo (influência)
"There are three wants which can never be satisfied: that of the rich  who want something more  that of the sick  who want something different  and that of the traveler  who says  ""Anywhere but here.""",Ralph Waldo Emerson,side,Transcendentalismo
Men run away to other countries because they are not good in their own  and run back to their own because they pass for nothing in the new places.,Ralph Waldo Emerson,side,Transcendentalismo
Great and small suffer the same mishaps.,Blaise Pascal,side,Jansenismo / Existencialismo Cristão (precursor)
Pale death with impartial tread beats at the poor man's cottage door and at the palaces of kings.,Horace,side,Epicurismo (influência)
Any device whatever by which one frees himself from fear is a natural good.,Epicurus,"ways, overcome, fear",Epicurismo
Fear is an instructor of great sagacity  and the herald of all revolutions.,Ralph Waldo Emerson,"ways, overcome, fear",Transcendentalismo
Fear is pain arising from the anticipation of evil.,Aristotle,"ways, overcome, fear",Peripatético / Aristotelismo
Fear is an instructor of great sagacity  and the herald of all revolutions.,Ralph Waldo Emerson,"ways, overcome, fear",Transcendentalismo
Nothing is more despicable than respect based on fear.,Albert Camus,"ways, overcome, fear",Existencialismo / Absurdismo
There is no hope unmingled with fear  and no fear unmingled with hope.,Baruch Spinoza,"ways, overcome, fear",Racionalismo
Lives based on having are less free than lives based either on doing or on being.,William James,"ownership, possession",Pragmatismo
Can anything be so elegant as to have few wants  and to serve them one's self?,Ralph Waldo Emerson,"ownership, possession",Transcendentalismo
Pictures must not be too picturesque.,Ralph Waldo Emerson,painting,Transcendentalismo
A picture is a poem without words.,Horace,painting,Epicurismo (influência)
When one has not had a good father  one must create one.,Friedrich Nietzsche,parenthood,Niilismo / Existencialismo (precursor)
An intense feeling carries with it its own universe  magnificent or wretched as the case may be.,Albert Camus,"passion, heart",Existencialismo / Absurdismo
The heart has its reasons which reason knows nothing of.,Blaise Pascal,"passion, heart",Jansenismo / Existencialismo Cristão (precursor)
There is nothing so bitter  that a patient mind cannot find some solace for it.,Seneca,patience,Estoicismo
Adopt the pace of nature: her secret is patience.,Ralph Waldo Emerson,patience,Transcendentalismo
The first rule is to keep an untroubled spirit. The second is to look things in the face and know them for what they are.,Marcus Aurelius,"peace, mind",Estoicismo
Nowhere can man find a quieter or more untroubled retreat than in his own soul.,Marcus Aurelius,"peace, mind",Estoicismo
Nothing can bring you peace but yourself.,Ralph Waldo Emerson,"peace, mind",Transcendentalismo
Once you hear the details of victory  it is hard to distinguish it from a defeat.,Jean-Paul Sartre,peace,Existencialismo
The peace of the man who has foresworn the use of the bullet seems to me not quite peace  but a canting impotence.,Ralph Waldo Emerson,peace,Transcendentalismo
Great emergencies and crises show us how much greater our vital resources are than we had supposed.,William James,peace,Pragmatismo
In the depth of winter I finally learned that there was in me an invincible summer.,Albert Camus,peace,Existencialismo / Absurdismo
What lies behind us and what lies before us are small matter compared to what lies within us.,Ralph Waldo Emerson,peace,Transcendentalismo
The power which resides in man is new in nature  and none but he knows what that is which he can do  nor does he until he has tried.,Ralph Waldo Emerson,peace,Transcendentalismo
Be not afraid of life. Believe that life is worth living  and your belief will help create the fact.,William James,peace,Pragmatismo
The secret of ugliness consists not in irregularity  but in being uninteresting.,Ralph Waldo Emerson,"personal, appearance",Transcendentalismo
Philanthropies and charities have a certain air of quackery.,Ralph Waldo Emerson,philanthropy,Transcendentalismo
The unrest which keeps the never-stopping clock metaphysics going is the thought that the non-existence of this world is just as possible as its existence.,William James,philosophy,Pragmatismo
All philosophy lies in two words  sustain and abstain.,Epictetus,philosophy,Estoicismo
Here is the beginning of philosophy: a recognition of the conflicts between men  a search for their cause  a condemnation of mere opinion .. . and the discovery of a standard of judgement.,Epictetus,philosophy,Estoicismo
"When Shakespeare is charged with debts to his authors  Landor replies  ""Yet he was more original than his originals. He breathed upon dead bodies and brought them into life.""",Ralph Waldo Emerson,plagiarism,Transcendentalismo
All men are poets at heart.,Ralph Waldo Emerson,poet,Transcendentalismo
The man is either mad or he is making verses.,Horace,poet,Epicurismo (influência)
Every man is a poet when he is in love.,Plato,poet,Platonismo
Let your poem be kept nine years.,Horace,poetry,Epicurismo (influência)
Poetry must be as new as foam  and as old as the rock.,Ralph Waldo Emerson,"poets, poetry",Transcendentalismo
It is Homer who has chiefly taught other poets the art of telling lies skilfully.,Aristotle,"poets, poetry",Peripatético / Aristotelismo
Good manners are made up of petty sacrifices.,Ralph Waldo Emerson,"politeness, manners",Transcendentalismo
There is always a best way of doing everything  if it be only to boil an egg. Manners are the happy ways of doing things.,Ralph Waldo Emerson,"politeness, manners",Transcendentalismo
A politician divides mankind into two classes: tools and enemies.,Friedrich Nietzsche,politicians,Niilismo / Existencialismo (precursor)
Nobody is qualified to become a statesman who is entirely ignorant of the problems of wheat.,Socrates,politics,Filosofia Socrática
The heaviest penalty for deciding to engage in politics is to be ruled by someone inferior to yourself.,Plato,politics,Platonismo
Politics  and the fate of mankind  are shaped by men without ideals and without greatness.,Albert Camus,politics,Existencialismo / Absurdismo
There is a certain satisfaction in coming down to the lowest ground of politics  for then we get rid of cant and hypocrisy.,Ralph Waldo Emerson,politics,Transcendentalismo
Man is by nature a civic animal.,Aristotle,politics,Peripatético / Aristotelismo
Believe that life is worth living  and your belief will help create that fact.,William James,positive,Pragmatismo
Our belief at the beginning of a doubtful undertaking is the one thing that ensures the successful outcome of our venture.,William James,positive,Pragmatismo
The greatest discovery of my generation is that man can alter his life simply by altering his attitude of mind.,William James,positive,Pragmatismo
People only see what they are prepared to see.,Ralph Waldo Emerson,positive,Transcendentalismo
The happiness of your life depends upon the quality of your thoughts ... take care that you entertain no notions unsuitable to virtue and reasonable nature.,Marcus Aurelius,positive,Estoicismo
A man's life is what his thoughts make it.,Marcus Aurelius,positive,Estoicismo
A man is what he thinks about all day long.,Ralph Waldo Emerson,positive,Transcendentalismo
All that we are is the result of what we have thought. The mind is everything. What we think  we become.,Buddha,positive,Budismo
The soul contains the event that shall befall it  for the event is only the actualization of its thoughts  and what we pray to ourselves for is always granted.,Ralph Waldo Emerson,positive,Transcendentalismo
Great men are they who see that the spiritual is stronger than any material force  that thoughts rule the world.,Ralph Waldo Emerson,positive,Transcendentalismo
As a man thinketh  so is he  and as a man chooseth  so is he.,Ralph Waldo Emerson,positive,Transcendentalismo
There are people who have an appetite for grief  pleasure is not strong enough and they crave pain. They have mithridatic stomachs which must be fed on poisoned bread  natures so doomed that no prosperity can sooth their ragged and dishevelled desolation.,Ralph Waldo Emerson,positive,Transcendentalismo
One is not born a genius  one becomes a genius.,Simone de Beauvoir,positive,Existencialismo / Feminismo
If you haven't been happy very young  you can still be happy later on  but it's much harder. You need more luck.,Simone de Beauvoir,positive,Existencialismo / Feminismo
A man is a method  a progressive arrangement  a selecting principle  gathering his like unto him wherever he goes. What you are comes to you.,Ralph Waldo Emerson,positive,Transcendentalismo
Trust men and they will be true to you  treat them greatly and they will show themselves great.,Ralph Waldo Emerson,positive,Transcendentalismo
If you want a quality  act as if you already had it.,William James,positive,Pragmatismo
If you wish to live a life free from sorrow  think of what is going to happen as if it had already happened.,Epictetus,positive,Estoicismo
We become just by performing just actions  temperate by performing temperate actions  brave by performing brave actions.,Aristotle,positive,Peripatético / Aristotelismo
Skill to do comes of doing.,Ralph Waldo Emerson,positive,Transcendentalismo
"Of a rich man who was mean and niggardly  he said  ""That man does hot possess his estate  but his estate possesses him.""",Diogenes,possession,Cinismo
The poor don't know that their function in life is to exercise our generosity.,Jean-Paul Sartre,poverty,Existencialismo
The greatest man in history was the poorest.,Ralph Waldo Emerson,poverty,Transcendentalismo
A good indignation brings out all one's powers.,Ralph Waldo Emerson,power,Transcendentalismo
The best effect of fine persons is felt after we have left their presence.,Ralph Waldo Emerson,power,Transcendentalismo
Wherever I found a living creature  there I found the will to power.,Friedrich Nietzsche,power,Niilismo / Existencialismo (precursor)
He who has great power should use it lightly.,Seneca,power,Estoicismo
Some natures are too good to be spoiled by praise.,Ralph Waldo Emerson,"praise, flattery",Transcendentalismo
We  one and all of us  have an instinct to pray  and this fact constitutes an invitation from God to pray.,Charles Sanders Peirce,prayer,Pragmatismo
Our prayers should be for blessings in general  for God knows best what is good for us.,Socrates,prayer,Filosofia Socrática
The first petition that we are to make to Almighty God is for a good conscience  the next for health of mind  and then of body.,Seneca,prayer,Estoicismo
The wise man in the storm prays God not for safety from danger  but for deliverance from fear.,Ralph Waldo Emerson,prayer,Transcendentalismo
It is vain to ask of the gods what man is capable of supplying for himself.,Epicurus,prayer,Epicurismo
Though I am weak  yet God  when prayed  Cannot withhold his conquering aid.,Ralph Waldo Emerson,prayer,Transcendentalismo
The exercise of prayer  in those who habitually exert it  must be regarded by us doctors as the most adequate and normal of all the pacifiers of the mind and calmers of the nerves.,William James,prayer,Pragmatismo
Jesus Christ is a God whom we approach without pride  and before whom we humble ourselves without despair.,Blaise Pascal,prayer,Jansenismo / Existencialismo Cristão (precursor)
Prayer is the contemplation of the facts of life from the highest point of view.,Ralph Waldo Emerson,prayer,Transcendentalismo
Our prayers should be for blessings in general  for God knows best what is good for us.,Socrates,prayer,Filosofia Socrática
Alas for the unhappy man that is called to stand in the pulpit  and not give the bread of life.,Ralph Waldo Emerson,preaching,Transcendentalismo
To lead an untrained people to war is to throw them away.,Confucius,preparedness,Confucionismo
Pride ruined the angels.,Ralph Waldo Emerson,pride,Transcendentalismo
If all our misfortunes were laid in one common heap  whence everyone must take an equal portion  most people would be content to take their own and depart.,Socrates,problems,Filosofia Socrática
The superior man makes the difficulty to be overcome his first interest  success comes only later.,Confucius,problems,Confucionismo
The greater the difficulty  the more glory in surmounting it.,Epicurus,problems,Epicurismo
Difficulties exist to be surmounted.,Ralph Waldo Emerson,problems,Transcendentalismo
There are no facts  only interpretations.,Friedrich Nietzsche,"proof, certainty",Niilismo / Existencialismo (precursor)
The instinct of ownership is fundamental in man's nature.,William James,property,Pragmatismo
The instinct of ownership is fundamental in man's nature.,William James,property,Pragmatismo
Vex not thy spirit at the course of things  they heed not thy vexation. How ludicrous and outlandish is astonishment at anything that may happen in life.,Marcus Aurelius,"realistic, expectations",Estoicismo
We set up harsh and unkind rules against ourselves. No one is born without faults. That man is best who has fewest.,Horace,"realistic, expectations",Epicurismo (influência)
At thirty a man should know himself like the palm of his hand  know the exact number of his defects and qualities. ... And  above all  accept these things.,Albert Camus,"realistic, expectations",Existencialismo / Absurdismo
Nature is what you may do. There is much you may not do.,Ralph Waldo Emerson,"realistic, expectations",Transcendentalismo
I have hardly ever known a mathematician who was capable of reasoning.,Plato,reason,Platonismo
The last advance of reason is to recognize that it is surpassed by innumerable things  it is feeble if it cannot realize that.,Blaise Pascal,reason,Jansenismo / Existencialismo Cristão (precursor)
All our reasoning ends in surrender to feeling.,Blaise Pascal,reason,Jansenismo / Existencialismo Cristão (precursor)
Life is full of chances and changes  and the most prosperous of men may ... meet with great misfortunes.,Aristotle,"recognize, maximize",Peripatético / Aristotelismo
We are reformers in Spring and Summer  in Autumn and Winter we stand by the old  reformers in the morning  conservers at night.,Ralph Waldo Emerson,reform,Transcendentalismo
When the man is at home  his standing in society is well known and quietly taken  but when he is abroad  it is problematical  and is dependent on the success of his manners.,Ralph Waldo Emerson,relationship,Transcendentalismo
We rarely confide in those who are better than we are.,Albert Camus,relationship,Existencialismo / Absurdismo
The more you let yourself go  the less others let you go.,Friedrich Nietzsche,relationship,Niilismo / Existencialismo (precursor)
Make yourself necessary to somebody.,Ralph Waldo Emerson,relationship,Transcendentalismo
When the man is at home  his standing in society is well known and quietly taken  but when he is abroad  it is problematical  and is dependent on the success of his manners.,Ralph Waldo Emerson,relationship,Transcendentalismo
We rarely confide in those who are better than we are.,Albert Camus,relationship,Existencialismo / Absurdismo
The more you let yourself go  the less others let you go.,Friedrich Nietzsche,relationship,Niilismo / Existencialismo (precursor)
Make yourself necessary to somebody.,Ralph Waldo Emerson,relationship,Transcendentalismo
When the man is at home  his standing in society is well known and quietly taken  but when he is abroad  it is problematical  and is dependent on the success of his manners.,Ralph Waldo Emerson,relationship,Transcendentalismo
We rarely confide in those who are better than we are.,Albert Camus,relationship,Existencialismo / Absurdismo
The more you let yourself go  the less others let you go.,Friedrich Nietzsche,relationship,Niilismo / Existencialismo (precursor)
Make yourself necessary to somebody.,Ralph Waldo Emerson,relationship,Transcendentalismo
When the man is at home  his standing in society is well known and quietly taken  but when he is abroad  it is problematical  and is dependent on the success of his manners.,Ralph Waldo Emerson,relationship,Transcendentalismo
We rarely confide in those who are better than we are.,Albert Camus,relationship,Existencialismo / Absurdismo
The more you let yourself go  the less others let you go.,Friedrich Nietzsche,relationship,Niilismo / Existencialismo (precursor)
Make yourself necessary to somebody.,Ralph Waldo Emerson,relationship,Transcendentalismo
When the man is at home  his standing in society is well known and quietly taken  but when he is abroad  it is problematical  and is dependent on the success of his manners.,Ralph Waldo Emerson,relationship,Transcendentalismo
We rarely confide in those who are better than we are.,Albert Camus,relationship,Existencialismo / Absurdismo
The more you let yourself go  the less others let you go.,Friedrich Nietzsche,relationship,Niilismo / Existencialismo (precursor)
Make yourself necessary to somebody.,Ralph Waldo Emerson,relationship,Transcendentalismo
When the man is at home  his standing in society is well known and quietly taken  but when he is abroad  it is problematical  and is dependent on the success of his manners.,Ralph Waldo Emerson,relationship,Transcendentalismo
We rarely confide in those who are better than we are.,Albert Camus,relationship,Existencialismo / Absurdismo
The more you let yourself go  the less others let you go.,Friedrich Nietzsche,relationship,Niilismo / Existencialismo (precursor)
Make yourself necessary to somebody.,Ralph Waldo Emerson,relationship,Transcendentalismo
When the man is at home  his standing in society is well known and quietly taken  but when he is abroad  it is problematical  and is dependent on the success of his manners.,Ralph Waldo Emerson,relationship,Transcendentalismo
We rarely confide in those who are better than we are.,Albert Camus,relationship,Existencialismo / Absurdismo
The more you let yourself go  the less others let you go.,Friedrich Nietzsche,relationship,Niilismo / Existencialismo (precursor)
Make yourself necessary to somebody.,Ralph Waldo Emerson,relationship,Transcendentalismo
When the man is at home  his standing in society is well known and quietly taken  but when he is abroad  it is problematical  and is dependent on the success of his manners.,Ralph Waldo Emerson,relationship,Transcendentalismo
We rarely confide in those who are better than we are.,Albert Camus,relationship,Existencialismo / Absurdismo
The more you let yourself go  the less others let you go.,Friedrich Nietzsche,relationship,Niilismo / Existencialismo (precursor)
Make yourself necessary to somebody.,Ralph Waldo Emerson,relationship,Transcendentalismo
Don't wait for the Last Judgment. It takes place every day.,Albert Camus,religion,Existencialismo / Absurdismo
The merit claimed for the Anglican Church is that  if you let it alone  it will let you alone.,Ralph Waldo Emerson,religion,Transcendentalismo
There is a crack in everything God has made.,Ralph Waldo Emerson,religion,Transcendentalismo
No sensible person ever made an apology.,Ralph Waldo Emerson,"repentance, apology",Transcendentalismo
The role of a retired person is no longer to possess one.,Simone de Beauvoir,retirement,Existencialismo / Feminismo
Dismiss the old horse in good time  lest he fail in the lists and the spectators laugh.,Horace,retirement,Epicurismo (influência)
Revenge is an inhuman word.,Seneca,revenge,Estoicismo
Every reform was once a private opinion  and when it shall be a private opinion again  it will solve the problem of the age.,Ralph Waldo Emerson,"revolution, reform",Transcendentalismo
Inferiors revolt in order that they may be equal  and equals that they may be superior.,Aristotle,"revolution, reform",Peripatético / Aristotelismo
Revolutions are not about trifles  but spring from trifles.,Aristotle,revolution,Peripatético / Aristotelismo
Ah  if the rich were rich as the poor fancy riches!,Ralph Waldo Emerson,riches,Transcendentalismo
This is the chief thing: be not perturbed  for all things are according to the nature of the universal.,Marcus Aurelius,right,Estoicismo
Let them know a real man  who lives as he was meant to live.,Marcus Aurelius,right,Estoicismo
Do you know that disease and death must needs overtake us  no matter what we are doing? ... What do you wish to be doing when it overtakes you?... If you have anything better to be doing when you are so overtaken  get to work on that.,Epictetus,right,Estoicismo
"Seek out that particular mental attitude which makes you feel most deeply and vitally alive  along with which comes the inner voice which says  ""This is the real me "" and when you have found that attitude  follow it.",William James,right,Pragmatismo
Different men seek after happiness in different ways and by different means  and so make for themselves different modes of life.,Aristotle,right,Peripatético / Aristotelismo
All men have happiness as their object: there is no exception. However different the means they employ  they aim at the same end.,Blaise Pascal,right,Jansenismo / Existencialismo Cristão (precursor)
I have the true feeling of myself only when I am unbearably unhappy.,Franz Kafka,right,Existencialismo (influência) / Absurdo
Each citizen should play his part in the community according to his individual gifts.,Plato,right,Platonismo
The high prize of life  the crowning fortune of a man  is to be born with a bias to some pursuit which finds him in employment and happiness.,Ralph Waldo Emerson,right,Transcendentalismo
To find out what one is fitted to do  and to secure an opportunity to do it  is the key to happiness.,John Dewey,right,Pragmatismo
Nature arms each man with some faculty which enables him to do easily some feat impossible to any other.,Ralph Waldo Emerson,right,Transcendentalismo
Choose a subject equal to your abilities  think carefully what your shoulders may refuse  and what they are capable of bearing.,Horace,right,Epicurismo (influência)
Nature magically suits a man to his fortunes  by making them the fruit of his character.,Ralph Waldo Emerson,right,Transcendentalismo
If all misfortunes were laid in one common heap whence everyone must take an equal portion  most people would be contented to take their own and depart.,Socrates,right,Filosofia Socrática
Do not be too timid and squeamish. ... All life is an experiment. The more experiments you make  the better.,Ralph Waldo Emerson,risks,Transcendentalismo
It is only by risking ... that we live at all.,William James,risks,Pragmatismo
As soon as there is life  there is danger.,Ralph Waldo Emerson,risks,Transcendentalismo
The greater the difficulty  the more glory in surmounting it.,Epicurus,risks,Epicurismo
Each of us is in fact what he is almost exclusively by virtue of his imitative-ness.,William James,"role, models",Pragmatismo
What does not destroy me  makes me strong.,Friedrich Nietzsche,ruin,Niilismo / Existencialismo (precursor)
One is healthy when one can laugh at the earnestness and zeal with which one has been hypnotized by any single detail of one's life.,Friedrich Nietzsche,"sanity, insanity",Niilismo / Existencialismo (precursor)
Outside  among your fellows  among strangers  you must preserve appearances  a hundred things you cannot do  but inside  the terrible freedom!,Ralph Waldo Emerson,"sanity, insanity",Transcendentalismo
Sanity is very rare  every man almost  and every woman  has a dash of madness.,Ralph Waldo Emerson,"sanity, insanity",Transcendentalismo
We are all born mad. Some remain so.,Samuel Beckett,"sanity, insanity",Teatro do Absurdo
I pay the School Master  but 'tis the school boys that educate my son.,Ralph Waldo Emerson,school,Transcendentalismo
I pay the School Master  but 'tis the school boys that educate my son.,Ralph Waldo Emerson,school,Transcendentalismo
I pay the School Master  but 'tis the school boys that educate my son.,Ralph Waldo Emerson,school,Transcendentalismo
I pay the School Master  but 'tis the school boys that educate my son.,Ralph Waldo Emerson,school,Transcendentalismo
I pay the School Master  but 'tis the school boys that educate my son.,Ralph Waldo Emerson,school,Transcendentalismo
I pay the School Master  but 'tis the school boys that educate my son.,Ralph Waldo Emerson,school,Transcendentalismo
I pay the School Master  but 'tis the school boys that educate my son.,Ralph Waldo Emerson,school,Transcendentalismo
I pay the School Master  but 'tis the school boys that educate my son.,Ralph Waldo Emerson,school,Transcendentalismo
Science must constantly be reminded that her purposes are not the only purposes and that the order of uniform causation which she has use for  and is therefore right in postulating  may be enveloped in a wider order  on which she has no claim at all.,William James,"science, technology",Pragmatismo
Every great advance in science has issued from a new audacity of imagination.,John Dewey,science,Pragmatismo
Steam is no stronger now than it was a hundred years ago  but it is put to better use.,Ralph Waldo Emerson,science,Transcendentalismo
Science is nothing but perception.,Plato,science,Platonismo
If you would wish another to keep your secret  first keep it yourself.,Seneca,secrecy,Estoicismo
Never to talk of oneself is a form of hypocrisy.,Friedrich Nietzsche,"self, self, knowledge",Niilismo / Existencialismo (precursor)
Our own interests are still an exquisite means for dazzling our eyes agreeably.,Blaise Pascal,"self, self, knowledge",Jansenismo / Existencialismo Cristão (precursor)
Self-command is the main elegance.,Ralph Waldo Emerson,"self, self, knowledge",Transcendentalismo
To know oneself  one should assert oneself.,Albert Camus,"self, self, knowledge",Existencialismo / Absurdismo
We set up harsh and unkind rules against ourselves. No one is born without faults. That man is best who has fewest.,Horace,"self, acceptance",Epicurismo (influência)
At thirty a man should know himself like the palm of his hand  know the exact number of his defects and qualities. ... And above all  accept these things.,Albert Camus,"self, acceptance",Existencialismo / Absurdismo
Accept the place the divine providence has found for you.,Ralph Waldo Emerson,"self, acceptance",Transcendentalismo
The deepest principle in human nature is the craving to be appreciated.,William James,"self, acceptance",Pragmatismo
Self-trust is the first secret of success.,Ralph Waldo Emerson,"self, confidence",Transcendentalismo
Confidence ... is directness and courage in meeting the facts of life.,John Dewey,"self, confidence",Pragmatismo
Self-command is the main elegance.,Ralph Waldo Emerson,"self, control",Transcendentalismo
What lies in our power to do  it lies in our power not to do.,Aristotle,"self, control",Peripatético / Aristotelismo
No man is free who is not master of himself.,Epictetus,"self, control",Estoicismo
Freedom is not procured by a full enjoyment of what is desired  but by controlling that desire.,Epictetus,"self, control",Estoicismo
I count him braver who overcomes his desires than him who conquers his enemies  the hardest victory is the victory over self.,Aristotle,"self, control",Peripatético / Aristotelismo
The life which is unexamined is not worth living.,Plato,"self, knowledge",Platonismo
To know oneself  one should assert oneself.,Albert Camus,"self, knowledge",Existencialismo / Absurdismo
It is doubtless a vice to turn one's eyes inward too much  but I am my own comedy and tragedy.,Ralph Waldo Emerson,"self, knowledge",Transcendentalismo
"Thales was asked what was most difficult to man  he answered: ""To know one's self.""",Diogenes,"self, knowledge",Cinismo
Every man supposes himself not to be fully understood or appreciated.,Ralph Waldo Emerson,"self, pity",Transcendentalismo
Do not weep  do not wax indignant. Understand.,Baruch Spinoza,"self, pity",Racionalismo
Living by proxy is always a precarious expedient.,Simone de Beauvoir,"self, reliance",Existencialismo / Feminismo
Ruin and recovery are both from within.,Epictetus,"self, reliance",Estoicismo
What pulls the strings is the force hidden within  there lies ... the real man.,Marcus Aurelius,"self, reliance",Estoicismo
Look well into thyself  there is a source which will always spring up if thou wilt always search there.,Marcus Aurelius,"self, reliance",Estoicismo
Man must be arched and buttressed from within  else the temple wavers to dust.,Marcus Aurelius,"self, reliance",Estoicismo
Let women be provided with living strength of their own.,Simone de Beauvoir,"self, reliance",Existencialismo / Feminismo
How much time he gains who does not look to see what his neighbor says or does or thinks  but only at what he does himself  to make it just and holy.,Marcus Aurelius,"self, reliance",Estoicismo
The man who makes everything that leads to happiness depend upon himself  and not upon other men  has adopted the very best plan for living happily.,Plato,"self, reliance",Platonismo
Discontent is want of self-discipline  it is infirmity of will.,Ralph Waldo Emerson,"self, reliance",Transcendentalismo
The essence of philosophy is that a man should so live that his happiness shall depend as little as possible on external things.,Epictetus,"self, reliance",Estoicismo
Nothing can bring you peace but yourself.,Ralph Waldo Emerson,"self, reliance",Transcendentalismo
Happiness depends upon ourselves.,Aristotle,"self, reliance",Peripatético / Aristotelismo
If  after all  men cannot always make history have a meaning  they can always act so that their own lives have one.,Albert Camus,"self, reliance",Existencialismo / Absurdismo
It is vain to ask of the gods what man is capable of supplying for himself.,Epicurus,"self, reliance",Epicurismo
God has entrusted me with myself.,Epictetus,"self, reliance",Estoicismo
Shame is an ornament to the young  a disgrace to the old.,Aristotle,shame,Peripatético / Aristotelismo
Nature has given to men one tongue  but two ears  that we may hear from others twice as much as we speak.,Epictetus,silence,Estoicismo
To be simple is to be great.,Ralph Waldo Emerson,simplicity,Transcendentalismo
What you do not want done to yourself  do not do to others.,Confucius,simplicity,Confucionismo
First say to yourself what you would be  and then do what you have to do.,Epictetus,simplicity,Estoicismo
It is proof of high culture to say the greatest matters in the simplest way.,Ralph Waldo Emerson,simplicity,Transcendentalismo
Nothing is more simple than greatness  indeed  to be simple is to be great.,Ralph Waldo Emerson,simplicity,Transcendentalismo
The fewer our wants  the nearer we resemble the gods.,Socrates,simplicity,Filosofia Socrática
Great intellects are skeptical.,Friedrich Nietzsche,skepticism,Niilismo / Existencialismo (precursor)
If you put a chain around the neck of a slave  the other end fastens itself around your own.,Ralph Waldo Emerson,slavery,Transcendentalismo
Two people can form a community by excluding a third.,Jean-Paul Sartre,"society, social",Existencialismo
Every man is a consumer and ought to be a producer.,Ralph Waldo Emerson,"society, social",Transcendentalismo
Man is a social animal.,Seneca,society,Estoicismo
We never touch but at points.,Ralph Waldo Emerson,solitude,Transcendentalismo
Sorrow makes us all children again.,Ralph Waldo Emerson,sorrow,Transcendentalismo
There are some men above grief and some men below it.,Ralph Waldo Emerson,sorrow,Transcendentalismo
The one thing in the world  of value  is the active soul.,Ralph Waldo Emerson,soul,Transcendentalismo
Whatever is well said by another  is mine.,Seneca,"speakers, speeches",Estoicismo
All the great speakers were bad speakers at first.,Ralph Waldo Emerson,"speakers, speeches",Transcendentalismo
Speak what you think today in words as hard as cannon balls  and tomorrow speak what tomorrow thinks in hard words again  though it contradict everything you said today.,Ralph Waldo Emerson,"speakers, speeches",Transcendentalismo
First learn the meaning of what you say  and then speak.,Epictetus,"speakers, speeches",Estoicismo
Rhetoric is the art of ruling the minds of men.,Plato,speech,Platonismo
Speech is the index of the mind.,Seneca,speech,Estoicismo
Excite the soul  and the weather and the town and your condition in the world all disappear  the world itself loses its solidity  nothing remains but the soul and the Divine Presence in which it lives.,Ralph Waldo Emerson,spirituality,Transcendentalismo
Sport begets tumultuous strife and wrath  and wrath begets fierce quarrels and war to the death.,Horace,sport,Epicurismo (influência)
Hitch your wagon to a star.,Ralph Waldo Emerson,star,Transcendentalismo
States are as the men are  they grow out of human characters.,Plato,state,Platonismo
What does not destroy me  makes me strong.,Friedrich Nietzsche,strong,Niilismo / Existencialismo (precursor)
Strong hope is a much greater stimulant of life than any single realized joy could be.,Friedrich Nietzsche,strong,Niilismo / Existencialismo (precursor)
Strong men greet war  tempest  hard times. They wish  as Pindar said  to tread the floors of hell  with necessities as hard as iron.,Ralph Waldo Emerson,strong,Transcendentalismo
What does not destroy me  makes me strong.,Friedrich Nietzsche,strong,Niilismo / Existencialismo (precursor)
Strong hope is a much greater stimulant of life than any single realized joy could be.,Friedrich Nietzsche,strong,Niilismo / Existencialismo (precursor)
Strong men greet war  tempest  hard times. They wish  as Pindar said  to tread the floors of hell  with necessities as hard as iron.,Ralph Waldo Emerson,strong,Transcendentalismo
What does not destroy me  makes me strong.,Friedrich Nietzsche,strong,Niilismo / Existencialismo (precursor)
Strong hope is a much greater stimulant of life than any single realized joy could be.,Friedrich Nietzsche,strong,Niilismo / Existencialismo (precursor)
Strong men greet war  tempest  hard times. They wish  as Pindar said  to tread the floors of hell  with necessities as hard as iron.,Ralph Waldo Emerson,strong,Transcendentalismo
What does not destroy me  makes me strong.,Friedrich Nietzsche,strong,Niilismo / Existencialismo (precursor)
Strong hope is a much greater stimulant of life than any single realized joy could be.,Friedrich Nietzsche,strong,Niilismo / Existencialismo (precursor)
Strong men greet war  tempest  hard times. They wish  as Pindar said  to tread the floors of hell  with necessities as hard as iron.,Ralph Waldo Emerson,strong,Transcendentalismo
What does not destroy me  makes me strong.,Friedrich Nietzsche,strong,Niilismo / Existencialismo (precursor)
Strong hope is a much greater stimulant of life than any single realized joy could be.,Friedrich Nietzsche,strong,Niilismo / Existencialismo (precursor)
Strong men greet war  tempest  hard times. They wish  as Pindar said  to tread the floors of hell  with necessities as hard as iron.,Ralph Waldo Emerson,strong,Transcendentalismo
What does not destroy me  makes me strong.,Friedrich Nietzsche,strong,Niilismo / Existencialismo (precursor)
Strong hope is a much greater stimulant of life than any single realized joy could be.,Friedrich Nietzsche,strong,Niilismo / Existencialismo (precursor)
Strong men greet war  tempest  hard times. They wish  as Pindar said  to tread the floors of hell  with necessities as hard as iron.,Ralph Waldo Emerson,strong,Transcendentalismo
What does not destroy me  makes me strong.,Friedrich Nietzsche,strong,Niilismo / Existencialismo (precursor)
Strong hope is a much greater stimulant of life than any single realized joy could be.,Friedrich Nietzsche,strong,Niilismo / Existencialismo (precursor)
Strong men greet war  tempest  hard times. They wish  as Pindar said  to tread the floors of hell  with necessities as hard as iron.,Ralph Waldo Emerson,strong,Transcendentalismo
What does not destroy me  makes me strong.,Friedrich Nietzsche,strong,Niilismo / Existencialismo (precursor)
Strong hope is a much greater stimulant of life than any single realized joy could be.,Friedrich Nietzsche,strong,Niilismo / Existencialismo (precursor)
Strong men greet war  tempest  hard times. They wish  as Pindar said  to tread the floors of hell  with necessities as hard as iron.,Ralph Waldo Emerson,strong,Transcendentalismo
Do the thing you fear  and the death of fear is certain.,Ralph Waldo Emerson,"success, happiness",Transcendentalismo
Too busy with the crowded hour to fear to live or die.,Ralph Waldo Emerson,"success, happiness",Transcendentalismo
What is success? To laugh often and much  To win the respect of intelligent people and the affection of children  To earn the appreciation of honest critics and endure the betrayal of false friends  To appreciate beauty  To find the best in others  To leave the world a bit better  whether by a healthy child  a garden patch or a redeemed social condition  To know even one life has breathed easier because you have lived  That is to have succeeded.,Ralph Waldo Emerson,success,Transcendentalismo
Failure changes for the better  success for the worse.,Seneca,success,Estoicismo
Without ambition one starts nothing. Without work one finishes nothing. The prize will not be sent to you. As to methods there may be a million and then some  but the principles are few. The man who grasps principles can successfully select his own methods. The man who tries methods  ignoring principles  is sure to have trouble.,Ralph Waldo Emerson,success,Transcendentalismo
Self-trust is the first secret of success.,Ralph Waldo Emerson,success,Transcendentalismo
The world belongs to the energetic.,Ralph Waldo Emerson,success,Transcendentalismo
Nothing great was ever achieved without enthusiasm.,Ralph Waldo Emerson,success,Transcendentalismo
If  after all  men cannot always make history have a meaning  they can always act so that their own lives have one.,Albert Camus,success,Existencialismo / Absurdismo
Whatever you do  you need courage. ... To map out a course of action and follow it to an end requires some of the same courage which a soldier needs.,Ralph Waldo Emerson,success,Transcendentalismo
To see what is right  and not do it  is want of courage.,Confucius,success,Confucionismo
The reward of a thing well done is to have done it.,Ralph Waldo Emerson,success,Transcendentalismo
Nature magically suits a man to his fortunes  by making them the fruit of his character.,Ralph Waldo Emerson,success,Transcendentalismo
Arriving at one goal is the starting point to another.,John Dewey,success,Pragmatismo
The reward of a thing well done is to have done it.,Ralph Waldo Emerson,success,Transcendentalismo
The struggle alone pleases us  not the victory.,Blaise Pascal,success,Jansenismo / Existencialismo Cristão (precursor)
Need and struggle are what excite and inspire us  our hour of triumph is what brings the void.,William James,success,Pragmatismo
If you live long enough  you'll see that every victory turns into a defeat.,Simone de Beauvoir,success,Existencialismo / Feminismo
The exclusive worship of the bitch-goddess Success is our national disease.,William James,success,Pragmatismo
The relatives of a suicide always take it in bad part  that he did not remain alive out of consideration for the family dignity.,Friedrich Nietzsche,suicide,Niilismo / Existencialismo (precursor)
The sun shines even on the wicked.,Seneca,sun,Estoicismo
There are three marks of a superior man: being virtuous  he is free from anxiety  being wise  he is free from perplexity  being brave  he is free from fear.,Confucius,superiority,Confucionismo
You think that upon the score of fore-knowledge and divining I am infinitely inferior to the swans. When they perceive approaching death they sing more merrily than before  because of the joy they have in going to the God they serve.,Socrates,swans,Filosofia Socrática
Every sweet hath its sour  every evil its good.,Ralph Waldo Emerson,swans,Transcendentalismo
A man should first direct himself in the way he should go. Only then should he instruct others.,Buddha,teaching,Budismo
A great city is not to be confounded with a populous one.,Aristotle,"city, country",Peripatético / Aristotelismo
As a remedy to life in society  I would suggest the big city. Nowadays it is the only desert within our reach.,Albert Camus,"city, country",Existencialismo / Absurdismo
Cities force growth and make men talkative and entertaining  but they make them artificial.,Ralph Waldo Emerson,"city, country",Transcendentalismo
Never let the future disturb you. You will meet it  if you have to  with the same weapons of reason which today arm you against the present.,Marcus Aurelius,future,Estoicismo
Cease to inquire what the future has in store  and take as a gift whatever the day brings forth.,Horace,future,Epicurismo (influência)
To the being of fully alive  the future is not ominous but a promise  it surrounds the present like a halo.,John Dewey,future,Pragmatismo
If a man carefully examines his thoughts he will be surprised to find how much he lives in the future. His well-being is always ahead.,Ralph Waldo Emerson,future,Transcendentalismo
A man builds a fine house  and now he has a master  and a task for life is to furnish  watch  show it  and keep it in repair the rest of his life.,Ralph Waldo Emerson,home,Transcendentalismo
The flesh endures the storms of the present alone  the mind  those of the past and future as well as the present.,Epicurus,mind,Epicurismo
When the mind is thinking  it is talking to itself.,Plato,mind,Platonismo
Only sick music makes money today.,Friedrich Nietzsche,past,Niilismo / Existencialismo (precursor)
Children today are tyrants. They contradict their parents  gobble their food  and tyrannize their teachers.,Socrates,past,Filosofia Socrática
You cannot step twice into the same river  for other waters are continually flowing on.,Heraclitus,past,Pré-socrático
This time  like all times  is a very good one if we but know what to do with it.,Ralph Waldo Emerson,past,Transcendentalismo
Why should we grope among the dry bones of the past  or put the living generation into masquerade out of its faded wardrobe?,Ralph Waldo Emerson,past,Transcendentalismo
Seize the day  and put the least possible trust in tomorrow.,Horace,present,Epicurismo (influência)
The present is an edifice which God cannot rebuild.,Ralph Waldo Emerson,present,Transcendentalismo
This time  like all times  is a very good one if we but know what to do with it.,Ralph Waldo Emerson,present,Transcendentalismo
There is no justification for present existence other than its expansion into an indefinitely open future.,Simone de Beauvoir,present,Existencialismo / Feminismo
With the past  I have nothing to do  nor with the future. I live now.,Ralph Waldo Emerson,present,Transcendentalismo
It is not the weight of the future or the past that is pressing upon you  but ever that of the present alone. Even this burden  too  can be lessened if you confine it strictly to its own limits.,Marcus Aurelius,present,Estoicismo
Everyman's life lies within the present  for the past is spent and done with  and the future is uncertain.,Marcus Aurelius,present,Estoicismo
The flesh endures the storms of the present alone  the mind those of the past and future as well.,Epicurus,present,Epicurismo
We can see well into the past  we can guess shrewdly in to the future  but that which is rolled up and muffled in impenetrable folds is today.,Ralph Waldo Emerson,present,Transcendentalismo
The secret of health for both mind and body is not to mourn for the past  not to worry about the future  nor to anticipate troubles  but to live the present moment wisely and earnestly.,Buddha,present,Budismo
As we are always preparing to be happy  it is inevitable that we should never be so.,Blaise Pascal,present,Jansenismo / Existencialismo Cristão (precursor)
Real generosity toward the future lies in giving all to the present.,Albert Camus,present,Existencialismo / Absurdismo
Who knows if the gods above will add tomorrow's span to this day's sum?,Horace,present,Epicurismo (influência)
Live wastes itself while we are preparing to live.,Ralph Waldo Emerson,present,Transcendentalismo
The man least dependent upon the morrow goes to meet the morrow most cheerfully.,Epicurus,present,Epicurismo
The past and present are only our means  the future is always our end. Thus we never really live  but only hope to live.,Blaise Pascal,present,Jansenismo / Existencialismo Cristão (precursor)
There's never an end for the sea.,Samuel Beckett,sea,Teatro do Absurdo
The changing year's progressive plan Proclaims mortality to man.,Horace,seasons,Epicurismo (influência)
We only think when we are confronted with a problem.,John Dewey,"thinking, thought",Pragmatismo
Profundity of thought belongs to youth  clarity of thought to old age.,Friedrich Nietzsche,"thinking, thought",Niilismo / Existencialismo (precursor)
The sole life which a man can lose is that which he is living at the moment.,Marcus Aurelius,"this, moment",Estoicismo
To finish the moment  to find the journey's end in every step of the road  to live the greatest number of good hours  is wisdom.,Ralph Waldo Emerson,"this, moment",Transcendentalismo
Learning without thought is labor lost.,Confucius,thought,Confucionismo
3 o'clock is always too late or too early for anything you want to do.,Jean-Paul Sartre,time,Existencialismo
The passing minute is every man's equal possession but what has once gone by is not ours.,Marcus Aurelius,time,Estoicismo
All things flow  nothing abides.,Heraclitus,time,Pré-socrático
Time discovered truth.,Seneca,time,Estoicismo
Time is a sort of river of passing events  and strong is its current  no sooner is a thing brought to sight than it is swept by and another takes its place  and this too will be swept away.,Marcus Aurelius,time,Estoicismo
He who would learn to fly one day must first learn to stand and walk and run and climb and dance  one cannot fly into flying.,Friedrich Nietzsche,time,Niilismo / Existencialismo (precursor)
Practice yourself in little things  and thence proceed to greater.,Epictetus,time,Estoicismo
If  after all  men cannot always make history have a meaning  they can always act so that their own lives have one.,Albert Camus,time,Existencialismo / Absurdismo
Enjoy the present day  trusting very little to the morrow.,Horace,time,Epicurismo (influência)
An age builds up cities: an hour destroys them.,Seneca,time,Estoicismo
No man should travel until he has learned the language of the country he visits  otherwise he voluntarily makes himself a great baby - so helpless and ridiculous.,Ralph Waldo Emerson,"travel, travellers",Transcendentalismo
Make yourself necessary to somebody.,Ralph Waldo Emerson,trust,Transcendentalismo
God offers to every mind its choice between truth and repose. Take which you please  you can never have both.,Ralph Waldo Emerson,truth,Transcendentalismo
We call first truths those we discover after all the others.,Albert Camus,truth,Existencialismo / Absurdismo
O Lord! Unhappy is the man whom man can make unhappy.,Ralph Waldo Emerson,unhappiness,Transcendentalismo
All mankind's unhappiness derives from one thing: his inability to know how to remain in repose in one room.,Blaise Pascal,unhappiness,Jansenismo / Existencialismo Cristão (precursor)
Every vice is only an exaggeration of a necessary and virtuous function.,Ralph Waldo Emerson,vice,Transcendentalismo
Vice can be learnt  even without a teacher.,Seneca,vice,Estoicismo
When virtue has slept  she will get up more refreshed.,Friedrich Nietzsche,virtue,Niilismo / Existencialismo (precursor)
I know myself too well to believe in pure virtue.,Albert Camus,virtue,Existencialismo / Absurdismo
Ascetic: one who makes a necessity of virtue.,Friedrich Nietzsche,virtue,Niilismo / Existencialismo (precursor)
The only reward of virtue is virtue.,Ralph Waldo Emerson,virtue,Transcendentalismo
When there is no vision  people perish.,Ralph Waldo Emerson,visualization,Transcendentalismo
So long as the anti-militarists propose no substitute for war's disciplinary function  no moral equivalent of war  analogous  as one might say  to the mechanical equivalent of hate  so long they fail to realize the full equities of the situation.,William James,war,Pragmatismo
When the rich wage war  it's the poor who die.,Jean-Paul Sartre,war,Existencialismo
If you know the enemy and know yourself you need not fear the results of a hundred battles.,Sun Tzu,war,Filosofia Militar Chinesa
The supreme excellence is not to win a hundred victories in a hundred battles. The supreme excellence is to subdue the armies of your enemies without even having to fight them.,Sun Tzu,war,Filosofia Militar Chinesa
So far war has been the only force that can discipline a whole community  and until an equivalent discipline is organized  I believe that war must have its way.,William James,war,Pragmatismo
By the rude bridge that arched the flood  Their flag to April's breeze unfurl'd  Here once the embattl'd farmers stood  And fired the shot heard round the world.,Ralph Waldo Emerson,war,Transcendentalismo
The first wealth is health.,Ralph Waldo Emerson,wealth,Transcendentalismo
Riches either serve or govern the possessor.,Horace,wealth,Epicurismo (influência)
Sleeping is no mean art. For its sake one must stay awake all day.,Friedrich Nietzsche,weariness,Niilismo / Existencialismo (precursor)
Sleep takes off the costume of circumstance  arms us with terrible freedom  so that every will rushes to deed. A skillful man reads his dreams for his self-knowledge  yet not the details  but the quality. What part does he play in them - a cheerful  manly part  or a poor  drivelling part? However monstrous and grotesque their apparitions  they have a substantial truth.,Ralph Waldo Emerson,weariness,Transcendentalismo
All cruelty springs from weakness.,Seneca,"wickedness, cruelty",Estoicismo
The sun also shines on the wicked.,Seneca,wickedness,Estoicismo
There is nothing good or evil save in the will.,Epictetus,will,Estoicismo
A wise man always throws himself on the side of his assailants. It is more his interests than it is theirs to find his weak point.,Ralph Waldo Emerson,wisdom,Transcendentalismo
The art of being wise is the art of knowing what to overlook.,William James,wisdom,Pragmatismo
As for me  all I know is that I know nothing.,Socrates,wise,Filosofia Socrática
Melancholy men are of all others the most witty.,Aristotle,wit,Peripatético / Aristotelismo
Wit is the epitaph of an emotion.,Friedrich Nietzsche,wit,Niilismo / Existencialismo (precursor)
Belief in form  but disbelief in content - that's what makes an aphorism charming.,Friedrich Nietzsche,wit,Niilismo / Existencialismo (precursor)
A woman's strength is the irresistible might of weakness.,Ralph Waldo Emerson,women,Transcendentalismo
One is not born a woman - one becomes one.,Simone de Beauvoir,women,Existencialismo / Feminismo
When thou goest to woman  take thy whip.,Friedrich Nietzsche,women,Niilismo / Existencialismo (precursor)
Has a woman who knew that she was well dressed ever caught a cold?,Friedrich Nietzsche,women,Niilismo / Existencialismo (precursor)
He who begun has half done. Dare to be wise  begin.,Horace,"women, s, movement",Epicurismo (influência)
If a man would move the world  he must first move himself.,Socrates,"women, s, movement",Filosofia Socrática
Every artist was first an amateur.,Ralph Waldo Emerson,"women, s, movement",Transcendentalismo
Men love to wonder and that is the seed of our science.,Ralph Waldo Emerson,wonder,Transcendentalismo
Many terms which have now dropped out of favour will be revived  and those that are at present respectable  will drop out  if useage so choose with whom resides the decision and the judgment and the code of speech.,Horace,"words, language",Epicurismo (influência)
Let it not be said that I have said nothing new. The arrangement of the material is new.,Blaise Pascal,"words, language",Jansenismo / Existencialismo Cristão (precursor)
Love of bustle is not industry.,Seneca,work,Estoicismo
There is dignity in work only when it is work freely accepted.,Albert Camus,work,Existencialismo / Absurdismo
It is the privilege of any human work which is well done to invest the doer with a certain haughtiness. He can well afford not to conciliate  whose faithful work will answer for him.,Ralph Waldo Emerson,work,Transcendentalismo
To find out what one is fitted to do  and to secure an opportunity to do it  is the key to happiness.,John Dewey,work,Pragmatismo
The high prize of life  the crowning fortune of man  is to be born with a bias to some pursuit which finds him in employment and happiness.,Ralph Waldo Emerson,work,Transcendentalismo
There is no more dreadful punishment than futile and hopeless labor.,Albert Camus,work,Existencialismo / Absurdismo
Good-bye  proud world! I'm going home  Thou are not my friend  I am not thine.,Ralph Waldo Emerson,world,Transcendentalismo
We can always get along better by reason and love of truth than by worry of conscience and remorse. Harmful are these  and evil.,Baruch Spinoza,worry,Racionalismo
What torments of grief you endured  from evils that never arrived.,Ralph Waldo Emerson,worry,Transcendentalismo
Some of your hurts you have cured  And the sharpest you still have survived  But what torments of grief you endured From the evil which never arrived.,Ralph Waldo Emerson,worry,Transcendentalismo
To be rich is not the end  but only a change  of worries.,Epicurus,worry,Epicurismo
And what greater calamity can fall upon a nation than the loss of worship.,Ralph Waldo Emerson,worship,Transcendentalismo
The greater the difficulty  the more glory in surmounting it.,Epicurus,"worthy, victories",Epicurismo
In adversity  remember to keep an even mind.,Horace,"worthy, victories",Epicurismo (influência)
Strong men greet war  tempest  hard times. They wish  as Pindar said  to tread the floors of hell  with necessities as hard as iron.,Ralph Waldo Emerson,"worthy, victories",Transcendentalismo
To write is to become disinterested. There is a certain renunciation in art.,Albert Camus,"writers, writing",Existencialismo / Absurdismo
The writer is committed when he plunges to the very depths of himself with the intent to disclose  not his individuality  but his person in the complex society that conditions and supports him.,Jean-Paul Sartre,"writers, writing",Existencialismo
We are as much informed of a writer's genius by what he selects as by what he originates.,Ralph Waldo Emerson,"writers, writing",Transcendentalismo
I have only made this letter rather long because I have not had time to make it shorter.,Blaise Pascal,"writers, writing",Jansenismo / Existencialismo Cristão (precursor)
It makes a great difference in the force of a sentence whether a man be behind it or no.,Ralph Waldo Emerson,"writers, writing",Transcendentalismo
Footnotes  the little dogs yapping at the heels of the text.,William James,"writers, writing",Pragmatismo
If you would be a reader  read  if a writer  write.,Epictetus,"writers, writing",Estoicismo
Talent alone cannot make a writer. There must be a man behind the book.,Ralph Waldo Emerson,writing,Transcendentalismo
"When I was young, I forgot how to laugh in the cave of Trophonius; when I was older, I opened my eyes and beheld reality, at which I began to laugh, and since then, I have not stopped laughing. I saw that the meaning of life was to secure a livelihood, and that its goal was to attain a high position; that love’s rich dream was marriage with an heiress; that friendship’s blessing was help in financial difficulties; that wisdom was what the majority assumed it to be; that enthusiasm consisted in making a speech; that it was courage to risk the loss of ten dollars; that kindness consisted in saying, “You are welcome,” at the dinner table; that piety consisted in going to communion once a year. This I saw, and I laughed.",Søren Kierkegaard,"kierkegaard, laugh, life, philosophy",Existencialismo Cristão
It is a happy talent to know how to play.,Ralph Waldo Emerson,play,Transcendentalismo
"Cascando""why not merely the despaired ofoccasion ofwordshedis it not better abort than be barrenthe hours after you are gone are so leadenthey will always start dragging too soonthe grapples clawing blindly the bed of wantbringing up the bones the old lovessockets filled once with eyes like yoursall always is it better too soon than neverthe black want splashing their facessaying again nine days never floated the lovednor nine monthsnor nine livessaying againif you do not teach me I shall not learnsaying again there is a lasteven of last timeslast times of begginglast times of lovingof knowing not knowing pretendinga last even of last times of sayingif you do not love me I shall not be lovedif I do not love you I shall not lovethe churn of stale words in the heart againlove love love thud of the old plungerpestling the unalterablewhey of wordsterrified againof not lovingof loving and not youof being loved and not by youof knowing not knowing pretendingpretendingI and all the others that will love youif they love youunless they love you",Samuel Beckett,"love, play, samuel-beckett",Teatro do Absurdo
"Life must be lived as play, playing certain games, making sacrifices, singing and dancing, and then a man will be able to propitiate the gods, and defend himself against his enemies, and win in the contest.",Plato,"life, play",Platonismo
We go to Europe to be Americanized.,Ralph Waldo Emerson,"europe, united-states",Transcendentalismo
"As an artist, a man has no home in Europe save in Paris.",Friedrich Nietzsche,paris,Niilismo / Existencialismo (precursor)
"And further, observing that all this indeterminate substance is in motion, and that no true predication can be made of that which changes, they supposed that it is impossible to make any true statement about that which is in all ways and entirely changeable. For it was from this supposition that there blossomed forth the most extreme view of those which we have mentioned, that of the professed followers of Heraclitus, and such as Cratylus held, who ended by thinking that one need not say anything, and only moved his finger; and who criticized Heraclitus for saying that one cannot enter the same river twice, for he himself held that it cannot be done even once.",Aristotle,"cratylus, heraclitus, metaphysics",Peripatético / Aristotelismo
"It must be *possible* for the *I think* to accompany all my representations: for otherwise something would be represented within me that could not be thought at all, in other words, the representation would either be impossible, or at least would be nothing to me. That representation which can be given prior to all thought is called *intuition*, and all the manifold of intuition has, therefore, a necessary relation to the *I think* in the same subject in which this manifold of intuition is found. This representation (the *I think*), however, is an act of *spontaneity*, that is, it cannot be considered as belonging to sensibility. I call it *pure apperception*, in order to distinguish it from empirical apperception, as also from original apperception, because it is that self-consciousness which, by producing the representations, *I think* (which must be capable of accompanying all other representations, and which is one and the same in all consciousness), cannot itself be accompanied by any further representations. I also call the unity of apperception the *transcendental* unity of self-consciousness, in order to indicate that *a priori* knowledge can be obtained from it. For the manifold representations given in an intuition would not one and all be *my* representations, if they did not all belong to one self-consciousness. What I mean is that, as my representations (even though I am not conscious of them as that), they must conform to the condition under which alone they *can* stand together in one universal self-consciousness, because otherwise they would not one and all belong to me. From this original combination much can be inferred.The thoroughgoing identity of the apperception of a manifold that is given in intuition contains a synthesis of representations, and is possible only through the consciousness of this synthesis. For the empirical consciousness which accompanies different representations is itself dispersed and without reference to the identity of the subject. Such a reference comes about, not simply through my accompanying every representation with consciousness, but through my *adding* one representation to another and being conscious of the synthesis of them. Only because I am able to combine a manifold of given representations *in one consciousness* is it possible for me to represent to myself the *identity of the consciousness in these representations*, that is, only under the presupposition of some *synthetic* unity of apperception is the *analytic* unity of apperception possible. The thought that the representations given in intuition belong one and all *to me*, is therefore the same as the thought that I unite them in one self-consciousness, or can at least do so; and although that thought itself is not yet the consciousness of the synthesis of representations, it nevertheless presupposes the possibility of this synthesis. In other words, it is only because I am able to comprehend the manifold of representations in one consciousness that I call them one and all *my* representations. For otherwise I should have as many-coloured and varied a self as I have representations of which I am conscious. Synthetic unity of the manifold of intuitions, as given *a priori*, is thus the ground of the identity of apperception itself, which precedes *a priori* all *my* determinate thought. Combination, however, does not lie in the objects, and cannot be borrowed from them by perception and thus first be taken into the understanding. It is, rather, solely an act of the understanding, which itself is nothing but the faculty of combining *a priori* and of bringing the manifold of given representations under the unity of apperception; and the principle of this unity is, in fact, the supreme principle of all human knowledge.""—from_Critique of Pure Reason_. Translated, edited, and with an Introduction by Marcus Weigelt, based on the translation by Max Müller, pp. 124-128",Immanuel Kant,"apperception, epistemology, kant, metaphysics, ontology, theory-of-knowledge, transcendental-unity",Idealismo Transcendental
"It is true, no doubt, that this principle of the necessary unity of apperception is itself an identical and therefore an analytic proposition; but it shows, nevertheless, the necessity of a synthesis of the manifold given in an intuition, a synthesis without which it would be impossible to think the thoroughgoing identity of self-consciousness. For through the *I*, as a simple representation, nothing manifold is given; only in intuition, which is distinct from this representation, can a manifold be given, and then, through *combination*, be thought in one consciousness. An understanding in which through self-consciousness all the manifold would be given at the same time would be one that *intuits*; our understanding can do nothing but *think*, and must seek intuition in the senses. I am conscious, therefore, of the identical self with respect to the manifold of the representations that are given to me in an intuition, because I call them one and all *my* representations, as constituting *one* intuition. This means that I am conscious *a priori* of a necessary synthesis of them, which is called the original synthetic unity of apperception, and under which all representations given to me must stand, but under which they must also be brought by means of a synthesis.”—from_Critique of Pure Reason_. Translated, edited, and with an Introduction by Marcus Weigelt, based on the translation by Max Müller, pp. 128-129",Immanuel Kant,"apperception, epistemology, kant, metaphysics, ontology, theory-of-knowledge, transcendental-unity",Idealismo Transcendental
"Ontically, of course, Dasein is not only close to us―even that which is closest: we *are* it, each of us, we ourselves. In spite of this, or rather for just this reason, it is ontologically that which is farthest. To be sure, its ownmost Being is such that it has an understanding of that Being, and already maintains itself in each case as if its Being has been interpreted in some manner. But we are certainly not saying that when Dasein's own Being is thus interpreted pre-ontologically in the way which lies closest, this interpretation can be taken over as an appropriate clue, as if this way of understanding Being is what must emerge when one's ownmost state of Being is considered as an ontological theme. The kind of Being which belongs to Dasein is rather such that, in understanding its own Being, it has a tendency to do so in terms of that entity towards which it comports itself proximally and in a way which is essentially constant―in terms of the 'world'. In Dasein itself, and therefore in its own understanding of Being, the way the world is understood is, as we shall show, reflected back ontologically upon the way in which Dasein itself gets interpreted.Thus because Dasein is ontico-ontologically prior, its own specific state of Being (if we understand this in the sense of Dasein's 'categorial structure') remains concealed from it. Dasein is ontically 'closest' to itself and ontologically farthest; but pre-ontologically it is surely not a stranger.""―from_Being and Time_. Translated by John Macquarrie & Edward Robinson, pp. 36-37",Martin Heidegger,"existential-thought, metaphysics, ontology, phenomenology",Fenomenologia / Existencialismo
Men forget where the way leads and what they meet with every day seems strange to them.We should not act and speak like men asleep.,Heraclitus,self-knowledge,Pré-socrático
"All outdoors may be bedlam, provided there is no disturbance within.",Seneca,"philosophy, self-knowledge, seneca, stoicism",Estoicismo
Do you wish people to think well of you? Don't speak well of yourself.,Blaise Pascal,"humble, vanity",Jansenismo / Existencialismo Cristão (precursor)
It happened that a fire broke out backstage in a theater. The clown came out to inform the public. They thought it was a jest and applauded. He repeated his warning. They shouted even louder. So I think the world will come to an end amid the general applause from all the wits who believe that it is a joke.,Søren Kierkegaard,apocalypse,Existencialismo Cristão
The superior man understands what is right the inferior man understands what will sell.,Confucius,"Man, Right, Sell ",Confucionismo
"To rule a country of a thousand chariots, there must be reverent attention to business, and sincerity; economy in expenditure, and love for men; and the employment of the people at the proper seasons.",Confucius,"Love, Men, Seasons ",Confucionismo
Justice means minding one's own business and not meddling with other men's concerns.,Plato,"Justice, Men, Own ",Platonismo
"It is clearly better that property should be private, but the use of it common; and the special business of the legislator is to create in men this benevolent disposition.",Aristotle,"Men, Better, Special ",Peripatético / Aristotelismo
"The god whom science recognizes must be a God of universal laws exclusively, a God who does a wholesale, not a retail business. He cannot accommodate his processes to the convenience of individuals.",William James,"Science, God, Retail ",Pragmatismo
"Our prayers should be for blessings in general, for God knows best what is good for us.",Socrates,"Good, Best, God ",Filosofia Socrática
"Success or failure depends more upon attitude than upon capacity successful men act as though they have accomplished or are enjoying something. Soon it becomes a reality. Act, look, feel successful, conduct yourself accordingly, and you will be amazed at the positive results.",William James,"Positive, Success, Failure ",Pragmatismo
"Whenever you're in conflict with someone, there is one factor that can make the difference between damaging your relationship and deepening it. That factor is attitude.",William James,"Relationship, Conflict, You ",Pragmatismo
"It is our attitude at the beginning of a difficult task which, more than anything else, will affect its successful outcome.",William James,"Beginning, Successful ",Pragmatismo
The greatest discovery of my generation is that a human being can alter his life by altering his attitudes.,William James,"Life, Generation, Greatest ",Pragmatismo
"There must be something solemn, serious, and tender about any attitude which we denominate religious. If glad, it must not grin or snicker; if sad, it must not scream or curse.",William James,"Sad, Serious, Curse ",Pragmatismo
Do not spoil what you have by desiring what you have not remember that what you now have was once among the things you only hoped for. ,Epicurus,"Remember, You, Now ",Epicurismo
"We should not moor a ship with one anchor, or our life with one hope.",Epictetus,"Life, Ship, Brainy ",Estoicismo
"There is no hope unmingled with fear, and no fear unmingled with hope.",Baruch Spinoza,"Fear, No Fear ",Racionalismo
"Neither should a ship rely on one small anchor, nor should life rest on a single hope.",Epictetus,"Life, Ship, Small ",Estoicismo
"Be careful to leave your sons well instructed rather than rich, for the hopes of the instructed are better than the wealth of the ignorant.",Epictetus,"Wealth, Better, Rich ",Estoicismo
Youth is easily deceived because it is quick to hope.,Aristotle,"Youth, Deceived, Quick ",Peripatético / Aristotelismo
What can I know? What ought I to do? What can I hope?,Immanuel Kant,"Know, Ought ",Idealismo Transcendental
"All the interests of my reason, speculative as well as practical, combine in the three following questions: 1. What can I know? 2. What ought I to do? 3. What may I hope?",Immanuel Kant,"Questions, Know, Three ",Idealismo Transcendental
Fear cannot be without hope nor hope without fear.,Baruch Spinoza,"Wisdom, Fear, Without ",Racionalismo
"When you are content to be simply yourself and don't compare or compete, everybody will respect you.",Lao Tzu,"Yourself, Content, You ",Taoismo
"In order to exist, man must rebel, but rebellion must respect the limits that it discovers in itself - limits where minds meet, and in meeting, begin to exist.",Albert Camus,"Man, Rebellion, Meeting ",Existencialismo / Absurdismo
Nothing is more despicable than respect based on fear.,Albert Camus,"Fear, Nothing, Than ",Existencialismo / Absurdismo
"The gifts of lovers to one another are, in respect to love, nothing but forms; yet, they testify to invisible love.",Rumi,"Love, Nothing, Lovers ",Sufismo
I hate victims who respect their executioners.,Jean-Paul Sartre,"Hate, Victims, Who ",Existencialismo
"Go up close to your friend, but do not go over to him! We should also respect the enemy in our friend.",Friedrich Nietzsche,"Friend, Enemy, Him ",Niilismo / Existencialismo (precursor)
"The bad gains respect through imitation, the good loses it especially in art.",Friedrich Nietzsche,"Art, Good, Through ",Niilismo / Existencialismo (precursor)
"We are not angry with people we fear or respect, as long as we fear or respect them; you cannot be afraid of a person and also at the same time angry with him.",Aristotle,"Time, Fear, People ",Peripatético / Aristotelismo
"Health is the greatest gift, contentment the greatest wealth, faithfulness the best relationship.",Buddha,"Relationship, Best, Health ",Budismo
"What lies behind you and what lies in front of you, pales in comparison to what lies inside of you.",Ralph Waldo Emerson,"Comparison, You, Behind ",Transcendentalismo
"Thousands of candles can be lighted from a single candle, and the life of the candle will not be shortened. Happiness never decreases by being shared.",Buddha,"Life, Happiness, Candle ",Budismo
Thinking: the talking of the soul with itself.,Plato,"Soul, Thinking, Talking ",Platonismo
"Accept the things to which fate binds you, and love the people with whom fate brings you together, but do so with all your heart.",Marcus Aurelius,"Love, Together, Heart ",Estoicismo
"Look within. Within is the fountain of good, and it will ever bubble up, if thou wilt ever dig.",Marcus Aurelius,"Good, Look, Within ",Estoicismo
Each day provides its own gifts.,Marcus Aurelius,"Day, Gifts, Own ",Estoicismo
"To the mind that is still, the whole universe surrenders.",Lao Tzu,"Mind, Universe, Whole ",Taoismo
Health is the greatest possession. Contentment is the greatest treasure. Confidence is the greatest friend. Non-being is the greatest joy.,Lao Tzu,"Health, Confidence, Joy ",Taoismo
Noble deeds that are concealed are most esteemed.,Blaise Pascal,"Deeds, Noble, Concealed ",Jansenismo / Existencialismo Cristão (precursor)
Men must live and create. Live to the point of tears.,Albert Camus,"Men, Live, Tears ",Existencialismo / Absurdismo
"Like all dreamers, I mistook disenchantment for truth.",Jean-Paul Sartre,"Truth, Dreamers, Like ",Existencialismo
"A man is a god in ruins. When men are innocent, life shall be longer, and shall pass into the immortal, as gently as we awake from dreams.",Ralph Waldo Emerson,"Life, God, Man ",Transcendentalismo
"Know thy self, know thy enemy. A thousand battles, a thousand victories.",Sun Tzu,"Self, Enemy, Know ",Filosofia Militar Chinesa
"Victorious warriors win first and then go to war, while defeated warriors go to war first and then seek to win.",Sun Tzu,"Win, First, Defeated ",Filosofia Militar Chinesa
"The art of war teaches us to rely not on the likelihood of the enemy's not coming, but on our own readiness to receive him; not on the chance of his not attacking, but rather on the fact that we have made our position unassailable.",Sun Tzu,"Art, Chance, Enemy ",Filosofia Militar Chinesa
"Thus, what is of supreme importance in war is to attack the enemy's strategy.",Sun Tzu,"Strategy, Enemy, Supreme ",Filosofia Militar Chinesa
Quickness is the essence of the war.,Sun Tzu,"Essence, Quickness ",Filosofia Militar Chinesa
We make war that we may live in peace.,Aristotle,"Peace, Live, May ",Peripatético / Aristotelismo
"The art of war is of vital importance to the state. It is a matter of life and death, a road either to safety or to ruin. Hence it is a subject of inquiry which can on no account be neglected.",Sun Tzu,"Life, Art, Death ",Filosofia Militar Chinesa
"When the tyrant has disposed of foreign enemies by conquest or treaty, and there is nothing more to fear from them, then he is always stirring up some war or other, in order that the people may require a leader.",Plato,"Fear, Leader, People ",Platonismo
"God is day and night, winter and summer, war and peace, surfeit and hunger.",Heraclitus,"Day, Peace, God ",Pré-socrático
There has never been a protracted war from which a country has benefited.,Sun Tzu,"Country, Never, Which ",Filosofia Militar Chinesa
Secret operations are essential in war upon them the army relies to make its every move. ,Sun Tzu,"Army, Secret, Move ",Filosofia Militar Chinesa
"Even philosophers will praise war as ennobling mankind, forgetting the Greek who said: 'War is bad in that it begets more evil than it kills.'",Immanuel Kant,"Evil, Said, Bad ",Idealismo Transcendental
The best weapon against an enemy is another enemy.,Friedrich Nietzsche,"Best, Enemy, Weapon ",Niilismo / Existencialismo (precursor)
"We used to wonder where war lived, what it was that made it so vile. And now we realize that we know where it lives... inside ourselves.",Albert Camus,"Wonder, Know, Realize ",Existencialismo / Absurdismo
"In the practical art of war, the best thing of all is to take the enemy's country whole and intact; to shatter and destroy it is not so good.",Sun Tzu,"Art, Good, Best ",Filosofia Militar Chinesa
"When the rich wage war, it's the poor who die.",Jean-Paul Sartre,"Die, Rich, Poor ",Existencialismo
"The real and lasting victories are those of peace, and not of war.",Ralph Waldo Emerson,"Peace, Real, Lasting ",Transcendentalismo
"Peace is not an absence of war, it is a virtue, a state of mind, a disposition for benevolence, confidence, justice.",Baruch Spinoza,"Peace, Confidence, Justice ",Racionalismo
All oppression creates a state of war.,Simone de Beauvoir,"Oppression, State, Creates ",Existencialismo / Feminismo
Total war is no longer war waged by all members of one national community against all those of another. It is total... because it may well involve the whole world.,Jean-Paul Sartre,"Community, World, Well ",Existencialismo
"Can anything be stupider than that a man has the right to kill me because he lives on the other side of a river and his ruler has a quarrel with mine, though I have not quarrelled with him?",Blaise Pascal,"Man, River, Me ",Jansenismo / Existencialismo Cristão (precursor)
"For peace is not mere absence of war, but is a virtue that springs from, a state of mind, a disposition for benevolence, confidence, justice.",Baruch Spinoza,"Peace, Confidence, Justice ",Racionalismo
You say it is the good cause that hallows even war? I say unto you: it is the good war that hallows any cause.,Friedrich Nietzsche,"Good, You, Say ",Niilismo / Existencialismo (precursor)
"The greatest glory in living lies not in never falling, but in rising every time we fall.",Ralph Waldo Emerson,"Time, Greatest, Fall ",Transcendentalismo
The only real failure in life is not to be true to the best one knows.,Buddha,"Life, Best, Be True ",Budismo
"Success depends upon previous preparation, and without such preparation there is sure to be failure.",Confucius,"Success, Preparation ",Confucionismo
There is but one cause of human failure. And that is man's lack of faith in his true Self.,William James,"Faith, Man, Self ",Pragmatismo
All human actions are equivalent and all are on principle doomed to failure.,Jean-Paul Sartre,"Human, Actions, Principle ",Existencialismo
"People in their handlings of affairs often fail when they are about to succeed. If one remains as careful at the end as he was at the beginning, there will be no failure.",Lao Tzu,"Beginning, End, People ",Taoismo
"Choose a job you love, and you will never have to work a day in your life.",Confucius,"Life, Work, Day ",Confucionismo
Let the beauty of what you love be what you do.,Rumi,"Work, Beauty, You ",Sufismo
"When you arise in the morning, think of what a precious privilege it is to be alive - to breathe, to think, to enjoy, to love.",Marcus Aurelius,"Morning, Enjoy, Think ",Estoicismo
Love is composed of a single soul inhabiting two bodies.,Aristotle,"Love Is, Soul, Single ",Peripatético / Aristotelismo
Love of beauty is taste. The creation of beauty is art.,Ralph Waldo Emerson,"Art, Beauty, Creation ",Transcendentalismo
"You, yourself, as much as anybody in the entire universe, deserve your love and affection.",Buddha,"Universe, Yourself, You ",Budismo
"We love life, not because we are used to living but because we are used to loving.",Friedrich Nietzsche,"Life, Love Life, Loving ",Niilismo / Existencialismo (precursor)
"Grief can be the garden of compassion. If you keep your heart open through everything, your pain can become your greatest ally in your life's search for love and wisdom.",Rumi,"Life, Wisdom, Compassion ",Sufismo
"We are born of love, Love is our mother. ",Rumi,"Mother, Love Is, Born ",Sufismo
"The garden of love is green without limit and yields many fruits other than sorrow or joy. Love is beyond either condition: without spring, without autumn, it is always fresh.",Rumi,"Autumn, Love Is, Joy ",Sufismo
Love is blind friendship closes its eyes. ,Friedrich Nietzsche,"Friendship, Eyes, Love Is ",Niilismo / Existencialismo (precursor)
"You can search throughout the entire universe for someone who is more deserving of your love and affection than you are yourself, and that person is not to be found anywhere. You yourself, as much as anybody in the entire universe deserve your love and affection.",Buddha,"Universe, Yourself, Search ",Budismo
"The minute I heard my first love story, I started looking for you, not knowing how blind that was. Lovers don't finally meet somewhere. They're in each other all along.",Rumi,"Blind, Looking, Not Knowing ",Sufismo
Love will find its way through all languages on its own.,Rumi,"Way, Find, Through ",Sufismo
A pair of powerful spectacles has sometimes sufficed to cure a person in love.,Friedrich Nietzsche,"Powerful, Sometimes, Person ",Niilismo / Existencialismo (precursor)
"Your task is not to seek for love, but merely to seek and find all the barriers within yourself that you have built against it.",Rumi,"Yourself, You, Find ",Sufismo
"Through Love all that is bitter will be sweet, Through Love all that is copper will be gold, Through Love all dregs will become wine, through Love all pain will turn to medicine.",Rumi,"Wine, Pain, Gold ",Sufismo
Love has reasons which reason cannot understand.,Blaise Pascal,"Understand, Reason, Which ",Jansenismo / Existencialismo Cristão (precursor)
If you do not love me I shall not be loved If I do not love you I shall not love.,Samuel Beckett,"Me, Love Me, You ",Teatro do Absurdo
"The moment I first heard love I gave up my soul, my heart, and my eyes.",Rumi,"Eyes, Heart, Soul ",Sufismo
"A youth, when at home, should be filial and, abroad, respectful to his elders. He should be earnest and truthful. He should overflow in love to all and cultivate the friendship of the good. When he has time and opportunity, after the performance of these things, he should employ them in polite studies.",Confucius,"Friendship, Time, Home ",Confucionismo
"Love is of all passions the strongest, for it attacks simultaneously the head, the heart and the senses.",Lao Tzu,"Heart, Love Is, Head ",Taoismo
"Love is the joy of the good, the wonder of the wise, the amazement of the Gods.",Plato,"Good, Wise, Joy ",Platonismo
To love rightly is to love what is orderly and beautiful in an educated and disciplined way.,Plato,"Beautiful, Way, Educated ",Platonismo
At the touch of love everyone becomes a poet.,Plato,"Everyone, Touch ",Platonismo
"The god of love lives in a state of need. It is a need. It is an urge. It is a homeostatic imbalance. Like hunger and thirst, it's almost impossible to stamp out.",Plato,"God, Impossible, Hunger ",Platonismo
All mankind love a lover.,Ralph Waldo Emerson,"Mankind, Lover ",Transcendentalismo
When we are in love we seem to ourselves quite different from what we were before.,Blaise Pascal,"Different, Ourselves, Before ",Jansenismo / Existencialismo Cristão (precursor)
"Let parents bequeath to their children not riches, but the spirit of reverence.",Plato,"Children, Parents, Spirit ",Platonismo
Wise men speak because they have something to say Fools because they have to say something. ,Plato,"Wise, Men, Speak ",Platonismo
We have two ears and one mouth so that we can listen twice as much as we speak.,Epictetus,"Speak, Listen, Mouth ",Estoicismo
"First learn the meaning of what you say, and then speak.",Epictetus,"Speak, Meaning, You ",Estoicismo
Whatever words we utter should be chosen with care for people will hear them and be influenced by them for good or ill.,Buddha,"Good, Words, People ",Budismo
The pen is the tongue of the mind.,Horace,"Mind, Pen, Tongue ",Epicurismo (influência)
Truthful words are not beautiful beautiful words are not truthful. Good words are not persuasive persuasive words are not good. ,Lao Tzu,"Beautiful, Good, Words ",Taoismo
Eloquence is a painting of the thoughts.,Blaise Pascal,"Thoughts, Painting ",Jansenismo / Existencialismo Cristão (precursor)
Words are all we have.,Samuel Beckett,Words ,Teatro do Absurdo
"Thus so wretched is man that he would weary even without any cause for weariness... and so frivolous is he that, though full of a thousand reasons for weariness, the least thing, such as playing billiards or hitting a ball, is sufficient enough to amuse him.",Blaise Pascal,"Man, Without, Him ",Jansenismo / Existencialismo Cristão (precursor)
Most people never run far enough on their first wind to find out they've got a second.,William James,"Wind, People, Run ",Pragmatismo
For the wise man looks into space and he knows there is no limited dimensions.,Lao Tzu,"Wise, Man, Wise Man ",Taoismo
"The superior man does not, even for the space of a single meal, act contrary to virtue. In moments of haste, he cleaves to it. In seasons of danger, he cleaves to it.",Confucius,"Man, Seasons, Moments ",Confucionismo
"The intuition of the moral sentiment is an insight of the perfection of the laws of the soul. These laws execute themselves. They are out of time, out of space, and not subject to circumstance.",Ralph Waldo Emerson,"Time, Soul, Perfection ",Transcendentalismo
Through space the universe encompasses and swallows me up like an atom through thought I comprehend the world. ,Blaise Pascal,"World, Universe, Me ",Jansenismo / Existencialismo Cristão (precursor)
"Thus the sum of things is ever being reviewed, and mortals dependent one upon another. Some nations increase, others diminish, and in a short space the generations of living creatures are changed and like runners pass on the torch of life.",Lucretius,"Life, Short, Living ",Epicurismo
"Eventually, I believe, current attempts to understand the mind by analogy with man-made computers that can perform superbly some of the same external tasks as conscious beings will be recognized as a gigantic waste of time.",Thomas Nagel,"Time, Believe, Mind ",Filosofia Analítica
I hear and I forget. I see and I remember. I do and I understand.,Confucius,"Forget, Remember, See ",Confucionismo
"I hear, I know. I see, I remember. I do, I understand.",Confucius,"Remember, Know, See ",Confucionismo
"God gives the nuts, but he does not crack them.",Franz Kafka,"God, Nuts, Crack ",Existencialismo (influência) / Absurdo
To be is to do.,Immanuel Kant,"Life, Hope",Idealismo Transcendental
"People are not disturbed by things, but by the view they take of them.",Epictetus,"People, View, Things ",Estoicismo
Well begun is half done.,Aristotle,"Done, Half, Well ",Peripatético / Aristotelismo
You cannot step into the same river twice.,Heraclitus,"River, Step, You ",Pré-socrático
It is only in our decisions that we are important.,Jean-Paul Sartre,"Decisions, Important, Only ",Existencialismo
We must be our own before we can be another's.,Ralph Waldo Emerson,"Own, Before, Must ",Transcendentalismo
We do not judge the people we love.,Jean-Paul Sartre,"Love, People, Judge ",Existencialismo
The possible ranks higher than the actual.,Martin Heidegger,"Possible, Higher, Than ",Fenomenologia / Existencialismo
The envious man grows lean at the success of his neighbor.,Horace,"Success, Man, Neighbor ",Epicurismo (influência)
The doer alone learneth.,Friedrich Nietzsche,"Alone, Doer ",Niilismo / Existencialismo (precursor)
For good nurture and education implant good constitutions.,Plato,"Education, Good, Nurture ",Platonismo
Work out your own salvation. Do not depend on others.,Buddha,"Religion, Salvation ",Budismo
"When the best leader's work is done the people say, 'We did it ourselves.'",Lao Tzu,"Leadership, Best, Leader ",Taoismo
"Everyone has been made for some particular work, and the desire for that work has been put in every heart.",Rumi,"Heart, Desire, Everyone ",Sufismo
"A leader is best when people barely know he exists, when his work is done, his aim fulfilled, they will say: we did it ourselves.",Lao Tzu,"Leadership, Best, Leader ",Taoismo
The expectations of life depend upon diligence the mechanic that would perfect his work must first sharpen his tools. ,Confucius,"Life, Expectations, Tools ",Confucionismo
The beginning is the most important part of the work.,Plato,"Beginning, Important ",Platonismo
"Representation of the world, like the world itself, is the work of men; they describe it from their own point of view, which they confuse with the absolute truth.",Simone de Beauvoir,"Truth, Men, World ",Existencialismo / Feminismo
The end of labor is to gain leisure.,Aristotle,"End, Labor, Leisure ",Peripatético / Aristotelismo
"Begin - to begin is half the work, let half still remain; again begin this, and thou wilt have finished.",Marcus Aurelius,"Half, Finished, Still ",Estoicismo
"Without work, all life goes rotten. But when work is soulless, life stifles and dies.",Albert Camus,"Life, Without, Rotten ",Existencialismo / Absurdismo
Life grants nothing to us mortals without hard work.,Horace,"Life, Hard Work, Nothing ",Epicurismo (influência)
"To be famous, in fact, one has only to kill one's landlady.",Albert Camus,"Fact, Only, In Fact ",Existencialismo / Absurdismo
Autumn is a second spring when every leaf is a flower.,Albert Camus,"Autumn, Flower, Spring ",Existencialismo / Absurdismo
Nature always wears the colors of the spirit.,Ralph Waldo Emerson,"Colors, Spirit, Always ",Transcendentalismo
In the depth of winter I finally learned that there was in me an invincible summer.,Albert Camus,"Winter, Me, Summer ",Existencialismo / Absurdismo
"Every particular in nature, a leaf, a drop, a crystal, a moment of time is related to the whole, and partakes of the perfection of the whole.",Ralph Waldo Emerson,"Time, Leaf, Perfection ",Transcendentalismo
Man is by nature a political animal.,Aristotle,"Man, Politics, Animal ",Peripatético / Aristotelismo
"Loss is nothing else but change, and change is Nature's delight.",Marcus Aurelius,"Change, Loss, Nothing ",Estoicismo
"Nature does not hurry, yet everything is accomplished.",Lao Tzu,"Everything, Hurry ",Taoismo
The deepest principle in human nature is the craving to be appreciated.,William James,"Human Nature, Human, Deepest ",Pragmatismo
Nature is a mutable cloud which is always and never the same.,Ralph Waldo Emerson,"Cloud, Never, Same ",Transcendentalismo
Man is fully responsible for his nature and his choices.,Jean-Paul Sartre,"Man, Choices, Responsible ",Existencialismo
In all things of nature there is something of the marvelous.,Aristotle,"Something, Things ",Peripatético / Aristotelismo
"All human actions have one or more of these seven causes: chance, nature, compulsions, habit, reason, passion, desire.",Aristotle,"Passion, Chance, Human ",Peripatético / Aristotelismo
Nature does nothing in vain.,Aristotle,"Nothing, Vain, Does ",Peripatético / Aristotelismo
"To prefer evil to good is not in human nature; and when a man is compelled to choose one of two evils, no one will choose the greater when he might have the less.",Plato,"Good, Man, Evil ",Platonismo
The least movement is of importance to all nature. The entire ocean is affected by a pebble.,Blaise Pascal,"Ocean, Movement, Entire ",Jansenismo / Existencialismo Cristão (precursor)
"Our treasure lies in the beehive of our knowledge. We are perpetually on the way thither, being by nature winged insects and honey gatherers of the mind.",Friedrich Nietzsche,"Knowledge, Mind, Treasure ",Niilismo / Existencialismo (precursor)
Nature and books belong to the eyes that see them.,Ralph Waldo Emerson,"Wisdom, Eyes, See ",Transcendentalismo
That which is not good for the bee-hive cannot be good for the bees.,Marcus Aurelius,"Good, Which, Cannot ",Estoicismo
"He who is of calm and happy nature will hardly feel the pressure of age, but to him who is of an opposite disposition youth and age are equally a burden.",Plato,"Happy, Age, Youth ",Platonismo
"Despise not death, but welcome it, for nature wills it like all else.",Marcus Aurelius,"Death, Welcome, Like ",Estoicismo
"It is the nature of the wise to resist pleasures, but the foolish to be a slave to them.",Epictetus,"Wisdom, Wise, Slave ",Estoicismo
Nature is wont to hide herself.,Heraclitus,"Hide, Herself, Wont ",Pré-socrático
Nature is an infinite sphere of which the center is everywhere and the circumference nowhere.,Blaise Pascal,"Infinite, Center, Which ",Jansenismo / Existencialismo Cristão (precursor)
"The sun, too, shines into cesspools and is not polluted.",Diogenes,"Sun, Too, Shines ",Cinismo
"All men are by nature equal, made all of the same earth by one Workman; and however we deceive ourselves, as dear unto God is the poor peasant as the mighty prince.",Plato,"God, Men, Earth ",Platonismo
"You can hold yourself back from the sufferings of the world, that is something you are free to do and it accords with your nature, but perhaps this very holding back is the one suffering you could avoid.",Franz Kafka,"World, Yourself, Suffering ",Existencialismo (influência) / Absurdo
Nothing happens to any man that he is not formed by nature to bear.,Marcus Aurelius,"Man, Nothing, Bear ",Estoicismo
"The moral virtues, then, are produced in us neither by nature nor against nature. Nature, indeed, prepares in us the ground for their reception, but their complete formation is the product of habit.",Aristotle,"Moral, Habit, Product ",Peripatético / Aristotelismo
"Observe constantly that all things take place by change, and accustom thyself to consider that the nature of the Universe loves nothing so much as to change the things which are, and to make new things like them.",Marcus Aurelius,"Change, Universe, New Things ",Estoicismo
"If one way be better than another, that you may be sure is nature's way.",Aristotle,"Better, Way, You ",Peripatético / Aristotelismo
"Nature is the mother and the habitat of man, even if sometimes a stepmother and an unfriendly home.",John Dewey,"Home, Mother, Environmental ",Pragmatismo
"I would warn you that I do not attribute to nature either beauty or deformity, order or confusion. Only in relation to our imagination can things be called beautiful or ugly, well-ordered or confused.",Baruch Spinoza,"Beauty, Beautiful ",Racionalismo
"The sway of alcohol over mankind is unquestionably due to its power to stimulate the mystical faculties of human nature, usually crushed to earth by the cold facts and dry criticisms of the sober hour.",William James,"Power, Alcohol, Human Nature ",Pragmatismo
Whatever the universal nature assigns to any man at any time is for the good of that man at that time.,Marcus Aurelius,"Time, Good, Man ",Estoicismo
"Only that thing is free which exists by the necessities of its own nature, and is determined in its actions by itself alone.",Baruch Spinoza,"Alone, Free, Actions ",Racionalismo
"Retaliation is related to nature and instinct, not to law. Law, by definition, cannot obey the same rules as nature.",Albert Camus,"Law, Rules, Same ",Existencialismo / Absurdismo
"It is better to do one's own duty, however defective it may be, than to follow the duty of another, however well one may perform it. He who does his duty as his own nature reveals it, never sins.",Lao Tzu,"Better, Duty, Follow ",Taoismo
"When nature has work to be done, she creates a genius to do it.",Ralph Waldo Emerson,"Work, Genius, She ",Transcendentalismo
Nature is not human hearted.,Lao Tzu,"Human, Hearted ",Taoismo
Every great advance in science has issued from a new audacity of imagination.,John Dewey,"Great, Imagination, New ",Pragmatismo
Science does not know its debt to imagination.,Ralph Waldo Emerson,"Imagination, Know, Debt ",Transcendentalismo
"When I look upon seamen, men of science and philosophers, man is the wisest of all beings; when I look upon priests and prophets nothing is as contemptible as man.",Diogenes,"Man, Men, Look ",Cinismo
Science is nothing but perception.,Plato,"Perception, Nothing ",Platonismo
"Therefore, the good of man must be the end of the science of politics.",Aristotle,"Good, Man, Politics ",Peripatético / Aristotelismo
Freedom is absolutely necessary for the progress in science and the liberal arts.,Baruch Spinoza,"Freedom, Progress, Liberal ",Racionalismo
"I do not believe in God; his existence has been disproved by Science. But in the concentration camp, I learned to believe in men.",Jean-Paul Sartre,"God, Men, Believe ",Existencialismo
Wisdom alone is the science of other sciences.,Plato,"Wisdom, Alone, Sciences ",Platonismo
The one exclusive sign of thorough knowledge is the power of teaching.,Aristotle,"Knowledge, Power, Sign ",Peripatético / Aristotelismo
"If I am walking with two other men, each of them will serve as my teacher. I will pick out the good points of the one and imitate them, and the bad points of the other and correct them in myself.",Confucius,"Good, Myself, I Am ",Confucionismo
Why not whip the teacher when the pupil misbehaves?,Diogenes,"Why, Why Not, Pupil ",Cinismo
"After all manner of professors have done their best for us, the place we are to get knowledge is in books. The true university of these days is a collection of books.",Albert Camus,"Knowledge, Best, Place ",Existencialismo / Absurdismo
Every new beginning comes from some other beginning's end.,Seneca,"Beginning, End ",Estoicismo
Blessed are the hearts that can bend they shall never be broken. ,Albert Camus,"Blessed, Broken, Bend ",Existencialismo / Absurdismo
I can't go on. I'll go on.,Samuel Beckett,Go ,Teatro do Absurdo
"Time heals griefs and quarrels, for we change and are no longer the same persons. Neither the offender nor the offended are any more themselves.",Blaise Pascal,"Change, Time, Offended ",Jansenismo / Existencialismo Cristão (precursor)
It is the false shame of fools to try to conceal wounds that have not healed.,Horace,"Fools, Shame, Try ",Epicurismo (influência)
Silence is a source of great strength.,Lao Tzu,"Great, Silence, Source ",Taoismo
The strength of a nation derives from the integrity of the home.,Confucius,"Integrity, Home, Nation ",Confucionismo
Mastering others is strength. Mastering yourself is true power.,Lao Tzu,"Power, Yourself, True ",Taoismo
"There is an invisible strength within us; when it recognizes two opposing objects of desire, it grows stronger.",Rumi,"Stronger, Desire, Within ",Sufismo
He who conquers others is strong He who conquers himself is mighty. ,Lao Tzu,"Strong, Others, Mighty ",Taoismo
We gain the strength of the temptation we resist.,Ralph Waldo Emerson,"Wisdom, Temptation, Gain ",Transcendentalismo
"Because your own strength is unequal to the task, do not assume that it is beyond the powers of man; but if anything is within the powers and province of man, believe that it is within your own compass also.",Marcus Aurelius,"Man, Believe, Assume ",Estoicismo
Simulated disorder postulates perfect discipline simulated fear postulates courage simulated weakness postulates strength. ,Lao Tzu,"Courage, Fear, Discipline ",Taoismo
"The strength of a man's virtue should not be measured by his special exertions, but by his habitual acts.",Blaise Pascal,"Man, Special, Virtue ",Jansenismo / Existencialismo Cristão (precursor)
"Peace is not the absence of war, but a virtue based on strength of character.",Baruch Spinoza,"Peace, Character, War ",Racionalismo
"Atheism shows strength of mind, but only to a certain degree.",Blaise Pascal,"Mind, Degree, Atheism ",Jansenismo / Existencialismo Cristão (precursor)
"The relationship to one's fellow man is the relationship of prayer, the relationship to oneself is the relationship of striving; it is from prayer that one draws the strength for one's striving.",Franz Kafka,"Relationship, Man, Prayer ",Existencialismo (influência) / Absurdo
"I have just three things to teach: simplicity, patience, compassion. These three are your greatest treasures.",Lao Tzu,"Wisdom, Compassion ",Taoismo
Death may be the greatest of all human blessings.,Socrates,"Blessings, Greatest, Human ",Filosofia Socrática
"Life and death are one thread, the same line viewed from different sides.",Lao Tzu,"Life, Life And Death, Thread ",Taoismo
Without health life is not life it is only a state of langour and suffering - an image of death. ,Buddha,"Life, Health, Suffering ",Budismo
"God is dead. God remains dead. And we have killed him. Yet his shadow still looms. How shall we comfort ourselves, the murderers of all murderers? What was holiest and mightiest of all that the world has yet owned has bled to death under our knives; who will wipe this blood off us? What water is there for us to clean ourselves?",Friedrich Nietzsche,"God, Water, World ",Niilismo / Existencialismo (precursor)
"Regard your soldiers as your children, and they will follow you into the deepest valleys; look on them as your own beloved sons, and they will stand by you even unto death.",Sun Tzu,"Children, Stand, You ",Filosofia Militar Chinesa
Even death is not to be feared by one who has lived wisely.,Buddha,"Fear, Lived, Wisely ",Budismo
"If I take death into my life, acknowledge it, and face it squarely, I will free myself from the anxiety of death and the pettiness of life - and only then will I be free to become myself.",Martin Heidegger,"Life, Myself, Anxiety ",Fenomenologia / Existencialismo
"If we don't know life, how can we know death?",Confucius,"Life, Know, How ",Confucionismo
"To be idle is a short road to death and to be diligent is a way of life; foolish people are idle, wise people are diligent.",Buddha,"Life, Wise, Short ",Budismo
"No evil can happen to a good man, either in life or after death.",Plato,"Life, Good, Evil ",Platonismo
"Death comes to all, but great achievements build a monument which shall endure until the sun grows cold.",Ralph Waldo Emerson,"Great, Sun, Build ",Transcendentalismo
"To run away from trouble is a form of cowardice and, while it is true that the suicide braves death, he does it not for some noble object but to escape some ill.",Aristotle,"Suicide, Escape, Run ",Peripatético / Aristotelismo
Death and life have their determined appointments riches and honors depend upon heaven. ,Confucius,"Life, Heaven, Determined ",Confucionismo
Ordinary people seem not to realize that those who really apply themselves in the right way to philosophy are directly and of their own accord preparing themselves for dying and death.,Socrates,"Philosophy, People, Realize ",Filosofia Socrática
The 'kingdom of Heaven' is a condition of the heart - not something that comes 'upon the earth' or 'after death.',Friedrich Nietzsche,"Heart, Earth, Heaven ",Niilismo / Existencialismo (precursor)
"Prohibit the taking of omens, and do away with superstitious doubts. Then, until death itself comes, no calamity need be feared.",Sun Tzu,"Need, Doubts, Calamity ",Filosofia Militar Chinesa
"One is still what one is going to cease to be and already what one is going to become. One lives one's death, one dies one's life.",Jean-Paul Sartre,"Life, Going, Become ",Existencialismo
Pale Death beats equally at the poor man's gate and at the palaces of kings.,Horace,"Man, Kings, Poor ",Epicurismo (influência)
"Good is positive. Evil is merely privative, not absolute: it is like cold, which is the privation of heat. All evil is so much death or nonentity. Benevolence is absolute and real. So much benevolence as a man hath, so much life hath he.",Ralph Waldo Emerson,"Life, Positive, Good ",Transcendentalismo
"Do the thing we fear, and death of fear is certain.",Ralph Waldo Emerson,"Fear, Certain, Thing ",Transcendentalismo
"Death is a release from the impressions of the senses, and from desires that make us their puppets, and from the vagaries of the mind, and from the hard service of the flesh.",Marcus Aurelius,"Service, Mind, Puppets ",Estoicismo
"It is old age, rather than death, that is to be contrasted with life. Old age is life's parody, whereas death transforms life into a destiny: in a way it preserves it by giving it the absolute dimension. Death does away with time.",Simone de Beauvoir,"Life, Time, Age ",Existencialismo / Feminismo
Death is not the worst that can happen to men.,Plato,"Men, Worst, Happen ",Platonismo
"Just as I shall select my ship when I am about to go on a voyage, or my house when I propose to take a residence, so I shall choose my death when I am about to depart from life.",Seneca,"Life, I Am, Ship ",Estoicismo
I am not made for politics because I am incapable of wanting or accepting the death of the adversary.,Albert Camus,"Politics, I Am, Wanting ",Existencialismo / Absurdismo
"For centuries the death penalty, often accompanied by barbarous refinements, has been trying to hold crime in check; yet crime persists. Why? Because the instincts that are warring in man are not, as the law claims, constant forces in a state of equilibrium.",Albert Camus,"Man, Law, Why ",Existencialismo / Absurdismo
"The charm of fame is so great that we like every object to which it is attached, even death.",Blaise Pascal,"Great, Fame, Charm ",Jansenismo / Existencialismo Cristão (precursor)
"In order to speak about all and to all, one has to speak of what all know and of the reality common to us all. The sea, rains, necessity, desire, the struggle against death... these are things that unite us all.",Albert Camus,"Struggle, Sea, Reality ",Existencialismo / Absurdismo
Birth was the death of him.,Samuel Beckett,"Birth, Him ",Teatro do Absurdo
"Know one knows whether death, which people fear to be the greatest evil, may not be the greatest good.",Plato,"Good, Fear, Evil ",Platonismo
"It is not death or pain that is to be dreaded, but the fear of pain or death.",Epictetus,"Fear, Pain, Dreaded ",Estoicismo
"It is possible to provide security against other ills, but as far as death is concerned, we men live in a city without walls.",Epicurus,"Men, City, Live ",Epicurismo
The worst form of inequality is to try to make unequal things equal.,Aristotle,"Inequality, Equal, Try ",Peripatético / Aristotelismo
"Democracy... is a charming form of government, full of variety and disorder; and dispensing a sort of equality to equals and unequals alike.",Plato,"Democracy, Government ",Platonismo
"If liberty and equality, as is thought by some, are chiefly to be found in democracy, they will be best attained when all persons alike share in government to the utmost.",Aristotle,"Best, Democracy, Government ",Peripatético / Aristotelismo
"Then not only custom, but also nature affirms that to do is more disgraceful than to suffer injustice, and that justice is equality.",Plato,"Nature, Justice, Injustice ",Platonismo
Good habits formed at youth make all the difference.,Aristotle,"Good, Youth, Habits ",Peripatético / Aristotelismo
"Music is a moral law. It gives soul to the universe, wings to the mind, flight to the imagination, and charm and gaiety to life and to everything.",Plato,"Life, Law, Imagination ",Platonismo
Music is the movement of sound to reach the soul for the education of its virtue.,Plato,"Education, Soul, Reach ",Platonismo
"How to play music may be known. At the commencement of the piece, all the parts should sound together. As it proceeds, they should be in harmony while severally distinct and flowing without break, and thus on to the conclusion.",Confucius,"Together, Harmony, Play ",Confucionismo
"Those who have virtue always in their mouths, and neglect it in practice, are like a harp, which emits a sound pleasing to others, while itself is insensible of the music.",Diogenes,"Practice, Sound, Virtue ",Cinismo
"One and the same thing can at the same time be good, bad, and indifferent, e.g., music is good to the melancholy, bad to those who mourn, and neither good nor bad to the deaf.",Baruch Spinoza,"Time, Good, Deaf ",Racionalismo
Is Wagner a human being at all? Is he not rather a disease? He contaminates everything he touches - he has made music sick.,Friedrich Nietzsche,"Sick, Human, Human Being ",Niilismo / Existencialismo (precursor)
For the introduction of a new kind of music must be shunned as imperiling the whole state since styles of music are never disturbed without affecting the most important political institutions. ,Plato,"Political, Important ",Platonismo
The age of a woman doesn't mean a thing. The best tunes are played on the oldest fiddles.,Ralph Waldo Emerson,"Women, Best, Woman ",Transcendentalismo
"When marrying, ask yourself this question: Do you believe that you will be able to converse well with this person into your old age? Everything else in marriage is transitory.",Friedrich Nietzsche,"Marriage, Believe, Yourself ",Niilismo / Existencialismo (precursor)
Education is the best provision for old age.,Aristotle,"Education, Best, Old Age ",Peripatético / Aristotelismo
"Old age, believe me, is a good and pleasant thing. It is true you are gently shouldered off the stage, but then you are given such a comfortable front stall as spectator.",Confucius,"Good, Believe, Me ",Confucionismo
"Alas, after a certain age every man is responsible for his face.",Albert Camus,"Man, Face, Responsible ",Existencialismo / Absurdismo
"Bashfulness is an ornament to youth, but a reproach to old age.",Aristotle,"Youth, Old Age, Old ",Peripatético / Aristotelismo
Let no one be slow to seek wisdom when he is young nor weary in the search of it when he has grown old. For no age is too early or too late for the health of the soul.,Epicurus,"Wisdom, Health, Soul ",Epicurismo
"All diseases run into one, old age.",Ralph Waldo Emerson,"Old Age, Run, Old ",Transcendentalismo
"Each age, it is found, must write its own books; or rather, each generation for the next succeeding.",Ralph Waldo Emerson,"Generation, Succeeding, Next ",Transcendentalismo
"Every age has its own poetry; in every age the circumstances of history choose a nation, a race, a class to take up the torch by creating situations that can be expressed or transcended only through poetry.",Jean-Paul Sartre,"History, Poetry, Nation ",Existencialismo
What is an adult? A child blown up by age.,Simone de Beauvoir,"Child, Up, Adult ",Existencialismo / Feminismo
"To enjoy good health, to bring true happiness to one's family, to bring peace to all, one must first discipline and control one's own mind. If a man can control his mind he can find the way to Enlightenment, and all wisdom and virtue will naturally come to him.",Buddha,"Family, Wisdom, Peace ",Budismo
There is only one way to happiness and that is to cease worrying about things which are beyond the power of our will.,Epictetus,"Power, Way, Will ",Estoicismo
"Morality is not the doctrine of how we may make ourselves happy, but how we may make ourselves worthy of happiness.",Immanuel Kant,"Happy, Morality, May ",Idealismo Transcendental
"Happiness is not an ideal of reason, but of imagination.",Immanuel Kant,"Imagination, Reason, Ideal ",Idealismo Transcendental
"They must often change, who would be constant in happiness or wisdom.",Confucius,"Change, Wisdom, Must ",Confucionismo
"Different men seek after happiness in different ways and by different means, and so make for themselves different modes of life and forms of government.",Aristotle,"Life, Men, Government ",Peripatético / Aristotelismo
But what is happiness except the simple harmony between a man and the life he leads?,Albert Camus,"Life, Man, Simple ",Existencialismo / Absurdismo
All happiness or unhappiness solely depends upon the quality of the object to which we are attached by love.,Baruch Spinoza,"Love, Quality, Which ",Racionalismo
"Happiness is neither without us nor within us. It is in God, both without us and within us.",Blaise Pascal,"God, Within, Without ",Jansenismo / Existencialismo Cristão (precursor)
Heroism is accessible. Happiness is more difficult.,Albert Camus,"Heroism, Difficult ",Existencialismo / Absurdismo
"We must exercise ourselves in the things which bring happiness, since, if that be present, we have everything, and, if that be absent, all our actions are directed toward attaining it.",Epicurus,"Exercise, Present, Bring ",Epicurismo
"In theory there is a possibility of perfect happiness: To believe in the indestructible element within one, and not to strive towards it.",Franz Kafka,"Believe, Perfect, Within ",Existencialismo (influência) / Absurdo
Action may not bring happiness but there is no happiness without action.,William James,"Action, Bring, May ",Pragmatismo
"Happiness is a virtue, not its reward.",Baruch Spinoza,"Reward, Virtue ",Racionalismo
"It is not God's will merely that we should be happy, but that we should make ourselves happy.",Immanuel Kant,"Happy, God, Be Happy ",Idealismo Transcendental
Such happiness as life is capable of comes from the full participation of all our powers in the endeavor to wrest from each changing situations of experience its own full and unique meaning.,John Dewey,"Life, Experience, Unique ",Pragmatismo
"How to gain, how to keep, how to recover happiness is in fact for most men at all times the secret motive of all they do, and of all they are willing to endure.",William James,"Men, Endure, Secret ",Pragmatismo
"If virtue promises happiness, prosperity and peace, then progress in virtue is progress in each of these for to whatever point the perfection of anything brings us, progress is always an approach toward it.",Epictetus,"Peace, Progress, Perfection ",Estoicismo
We find delight in the beauty and happiness of children that makes the heart too big for the body.,Ralph Waldo Emerson,"Beauty, Children, Heart ",Transcendentalismo
"Imagination disposes of everything; it creates beauty, justice, and happiness, which are everything in this world.",Blaise Pascal,"Beauty, Justice, Imagination ",Jansenismo / Existencialismo Cristão (precursor)
"Politicians also have no leisure, because they are always aiming at something beyond political life itself, power and glory, or happiness.",Aristotle,"Life, Power, Politics ",Peripatético / Aristotelismo
Your successes and happiness are forgiven you only if you generously consent to share them.,Albert Camus,"You, Consent, Successes ",Existencialismo / Absurdismo
"You traverse the world in search of happiness, which is within the reach of every man. A contented mind confers it on all.",Horace,"Man, World, Mind ",Epicurismo (influência)
The sun is new each day.,Heraclitus,"Day, Sun, New ",Pré-socrático
"In the morning a man walks with his whole body; in the evening, only with his legs.",Ralph Waldo Emerson,"Man, Body, Evening ",Transcendentalismo
There is no great genius without some touch of madness.,Aristotle,"Great, Genius, Madness ",Peripatético / Aristotelismo
Common sense is genius dressed in its working clothes.,Ralph Waldo Emerson,"Clothes, Genius ",Transcendentalismo
An intellectual is someone whose mind watches itself.,Albert Camus,"Mind, Watches, Intellectual ",Existencialismo / Absurdismo
"If you would take, you must first give, this is the beginning of intelligence.",Lao Tzu,"Beginning, You, First ",Taoismo
Immaturity is the incapacity to use one's intelligence without the guidance of another.,Immanuel Kant,"Guidance, Without ",Idealismo Transcendental
Man is the most intelligent of the animals - and the most silly.,Diogenes,"Man, Silly, Animals ",Cinismo
"It is only the enlightened ruler and the wise general who will use the highest intelligence of the army for the purposes of spying, and thereby they achieve great results.",Sun Tzu,"Great, Wise, Army ",Filosofia Militar Chinesa
The modern mind is in complete disarray. Knowledge has stretched itself to the point where neither the world nor our intelligence can find any foot-hold. It is a fact that we are suffering from nihilism.,Albert Camus,"Knowledge, World, Mind ",Existencialismo / Absurdismo
Genius always finds itself a century too early.,Ralph Waldo Emerson,"Genius, Early, Always ",Transcendentalismo
"Ah! yes, I know: those who see me rarely trust my word: I must look too intelligent to keep it.",Jean-Paul Sartre,"Trust, Me, Know ",Existencialismo
"Poets are the sense, philosophers the intelligence of humanity.",Samuel Beckett,"Humanity, Sense ",Teatro do Absurdo
The heart has its reasons of which reason knows nothing.,Blaise Pascal,"Heart, Nothing, Reason ",Jansenismo / Existencialismo Cristão (precursor)
"He who learns but does not think, is lost! He who thinks but does not learn is in great danger.",Confucius,"Great, Lost, Think ",Confucionismo
He who would learn to fly one day must first learn to stand and walk and run and climb and dance one cannot fly into flying. ,Friedrich Nietzsche,"Day, Dance, Walk ",Niilismo / Existencialismo (precursor)
Much learning does not teach understanding.,Heraclitus,"Understanding, Teach, Does ",Pré-socrático
Learning without thought is labor lost thought without learning is perilous.,Confucius,"Thought, Lost, Labor ",Confucionismo
"Ignorance of all things is an evil neither terrible nor excessive, nor yet the greatest of all; but great cleverness and much learning, if they be accompanied by a bad training, are a much greater misfortune.",Plato,"Great, Training, Evil ",Platonismo
"The learning and knowledge that we have, is, at the most, but little compared with that of which we are ignorant.",Plato,"Knowledge, Ignorant, Little ",Platonismo
We do not learn and what we call learning is only a process of recollection.,Plato,"Process, Learn, Call ",Platonismo
I would fain grow old learning many things.,Plato,"Grow, Old, Things ",Platonismo
The only real progress lies in learning to be wrong all alone.,Albert Camus,"Alone, Progress, Real ",Existencialismo / Absurdismo
"Entire ignorance is not so terrible or extreme an evil, and is far from being the greatest of all; too much cleverness and too much learning, accompanied with ill bringing-up, are far more fatal.",Plato,"Knowledge, Ignorance, Evil ",Platonismo
No man ever prayed heartily without learning something.,Ralph Waldo Emerson,"Man, Without, Something ",Transcendentalismo
"So long as you have food in your mouth, you have solved all questions for the time being.",Franz Kafka,"Time, Questions, Long ",Existencialismo (influência) / Absurdo
"Agriculture is now a motorized food industry, the same thing in its essence as the production of corpses in the gas chambers and the extermination camps, the same thing as blockades and the reduction of countries to famine, the same thing as the manufacture of hydrogen bombs.",Martin Heidegger,"Agriculture, Now, Same ",Fenomenologia / Existencialismo
"And what, Socrates, is the food of the soul? Surely, I said, knowledge is the food of the soul.",Plato,"Knowledge, Soul, Said ",Platonismo
What is food to one man is bitter poison to others.,Lucretius,"Man, Poison, Bitter ",Epicurismo
"I would rather live my life as if there is a God and die to find out there isn't, than live as if there isn't and to die to find out that there is.",Albert Camus,"Life, God, Live ",Existencialismo / Absurdismo
God is a thought who makes crooked all that is straight.,Friedrich Nietzsche,"God, Thought, Straight ",Niilismo / Existencialismo (precursor)
Only a god can save us.,Martin Heidegger,"God, Us, Save ",Fenomenologia / Existencialismo
There is not enough religion in the world even to destroy religion.,Friedrich Nietzsche,"World, Enough, Destroy ",Niilismo / Existencialismo (precursor)
All religions must be tolerated... for every man must get to heaven in his own way.,Epictetus,"Man, Heaven, Way ",Estoicismo
Religion is the recognition of all our duties as divine commands.,Immanuel Kant,"Recognition, Divine, Our ",Idealismo Transcendental
Human beings must be known to be loved but Divine beings must be loved to be known.,Blaise Pascal,"Loved, Human, Human Beings ",Jansenismo / Existencialismo Cristão (precursor)
"If we must not act save on a certainty, we ought not to act on religion, for it is not certain. But how many things we do on an uncertainty, sea voyages, battles!",Blaise Pascal,"Sea, Uncertainty, Act ",Jansenismo / Existencialismo Cristão (precursor)
So potent was religion in persuading to evil deeds.,Lucretius,"Evil, Deeds, Potent ",Epicurismo
"I was born poor and without religion, under a happy sky, feeling harmony, not hostility, in nature. I began not by feeling torn, but in plenitude.",Albert Camus,"Nature, Happy, Sky ",Existencialismo / Absurdismo
"Unless we place our religion and our treasure in the same thing, religion will always be sacrificed.",Epictetus,"Treasure, Place, Same ",Estoicismo
Such are the heights of wickedness to which men are driven by religion.,Lucretius,"Men, Heights, Which ",Epicurismo
Only the guy who isn't rowing has time to rock the boat.,Jean-Paul Sartre,"Leadership, Boat, Rock ",Existencialismo
"Anybody can become angry - that is easy, but to be angry with the right person and to the right degree and at the right time and for the right purpose, and in the right way - that is not within everybody's power and is not easy.",Aristotle,"Power, Anger, Purpose ",Peripatético / Aristotelismo
All things are subject to interpretation whichever interpretation prevails at a given time is a function of power and not truth.,Friedrich Nietzsche,"Truth, Power, Interpretation ",Niilismo / Existencialismo (precursor)
"Our greatest glory is not in never failing, but in rising up every time we fail.",Ralph Waldo Emerson,"Great, Greatest, Fail ",Transcendentalismo
"We live in deeds, not years; in thoughts, not breaths; in feelings, not in figures on a dial. We should count time by heart throbs. He most lives who thinks most, feels the noblest, acts the best.",Aristotle,"Best, Heart, Thoughts ",Peripatético / Aristotelismo
"I am not the first Buddha who came upon Earth, nor shall I be the last. In due time, another Buddha will arise in the world - a Holy One, a supremely enlightened One, endowed with wisdom in conduct, auspicious, knowing the universe, an incomparable leader of men, a master of angels and mortals.",Buddha,"Wisdom, Leader, I Am ",Budismo
Time itself comes in drops.,William James,"Drops, Itself ",Pragmatismo
Time and memory are true artists they remould reality nearer to the heart's desire.,John Dewey,"Heart, Memory, Reality ",Pragmatismo
"We name time when we say: every thing has its time. This means: everything which actually is, every being comes and goes at the right time and remains for a time during the time allotted to it. Every thing has its time.",Martin Heidegger,"Name, Right Time, Right ",Fenomenologia / Existencialismo
The most thought-provoking thing in our thought-provoking time is that we are still not thinking.,Martin Heidegger,"Thinking, Most, Still ",Fenomenologia / Existencialismo
"Employ your time in improving yourself by other men's writings, so that you shall gain easily what others have labored hard for.",Socrates,"Men, Yourself, You ",Filosofia Socrática
"Nothing great is created suddenly, any more than a bunch of grapes or a fig. If you tell me that you desire a fig. I answer you that there must be time. Let it first blossom, then bear fruit, then ripen.",Epictetus,"Great, Me, Fruit ",Estoicismo
"Time is a sort of river of passing events, and strong is its current; no sooner is a thing brought to sight than it is swept by and another takes its place, and this too will be swept away.",Marcus Aurelius,"Strong, River, Place ",Estoicismo
How much time he saves who does not look to see what his neighbor says or does or thinks.,Marcus Aurelius,"Neighbor, Look, See ",Estoicismo
True time is four-dimensional.,Martin Heidegger,True ,Fenomenologia / Existencialismo
"Conscious of not being able to separate myself from my time, I have decided to become part of it.",Albert Camus,"Myself, Become, Being ",Existencialismo / Absurdismo
"Ah, women. They make the highs higher and the lows more frequent.",Friedrich Nietzsche,"Higher, More, Lows ",Niilismo / Existencialismo (precursor)
"Nothing can be more absurd than the practice that prevails in our country of men and women not following the same pursuits with all their strengths and with one mind, for thus, the state instead of being whole is reduced to half.",Plato,"Men, Mind, Practice ",Platonismo
Women are considered deep - why? Because one can never discover any bottom to them. Women are not even shallow.,Friedrich Nietzsche,"Deep, Why, Never ",Niilismo / Existencialismo (precursor)
"If I became a philosopher, if I have so keenly sought this fame for which I'm still waiting, it's all been to seduce women basically.",Jean-Paul Sartre,"Waiting, Fame, Still ",Existencialismo
Genteel women suppose that those things do not really exist about which it is impossible to talk in polite company.,Friedrich Nietzsche,"Impossible, Company, Talk ",Niilismo / Existencialismo (precursor)
The most mediocre of males feels himself a demigod as compared with women.,Simone de Beauvoir,"Himself, Mediocre, Most ",Existencialismo / Feminismo
"Behind all their personal vanity, women themselves always have an impersonal contempt for woman.",Friedrich Nietzsche,"Woman, Vanity, Personal ",Niilismo / Existencialismo (precursor)
"Stupid as a man, say the women: cowardly as a woman, say the men. Stupidity in a woman is unwomanly.",Friedrich Nietzsche,"Man, Woman, Men ",Niilismo / Existencialismo (precursor)
"The key is to keep company only with people who uplift you, whose presence calls forth your best.",Epictetus,"Motivational, Company ",Estoicismo
My best friend is the man who in wishing me well wishes it for my sake.,Aristotle,"Friendship, Best Friend, Man ",Peripatético / Aristotelismo
"At his best, man is the noblest of all animals; separated from law and justice he is the worst.",Aristotle,"Justice, Man, Law ",Peripatético / Aristotelismo
"The ideal man bears the accidents of life with dignity and grace, making the best of circumstances.",Aristotle,"Life, Man, Grace ",Peripatético / Aristotelismo
The best work is not what is most difficult for you it is what you do best.,Jean-Paul Sartre,"Work, You, Difficult ",Existencialismo
The fox has many tricks. The hedgehog has but one. But that is the best of all.,Ralph Waldo Emerson,"Fox, Hedgehog, Tricks ",Transcendentalismo
"Make the best use of what is in your power, and take the rest as it happens.",Epictetus,"Power, Rest, Happens ",Estoicismo
To refrain from imitation is the best revenge.,Marcus Aurelius,"Revenge, Imitation, Refrain ",Estoicismo
The best effort of a fine person is felt after we have left their presence.,Ralph Waldo Emerson,"Effort, Person, Fine ",Transcendentalismo
Our best thoughts come from others.,Ralph Waldo Emerson,"Thoughts, Others, Come ",Transcendentalismo
"A good traveler has no fixed plans, and is not intent on arriving.",Lao Tzu,"Travel, Plans, Intent ",Taoismo
To keep the body in good health is a duty... otherwise we shall not be able to keep our mind strong and clear.,Buddha,"Health, Strong, Mind ",Budismo
It is easy to hate and it is difficult to love. This is how the whole scheme of things works. All good things are difficult to achieve and bad things are very easy to get.,Confucius,"Love, Hate, Easy ",Confucionismo
"Just as treasures are uncovered from the earth, so virtue appears from good deeds, and wisdom appears from a pure and peaceful mind. To walk safely through the maze of human life, one needs the light of wisdom and the guidance of virtue.",Buddha,"Life, Wisdom, Light ",Budismo
A good decision is based on knowledge and not on numbers.,Plato,"Knowledge, Decision, Numbers ",Platonismo
"By all means, marry. If you get a good wife, you'll become happy; if you get a bad one, you'll become a philosopher.",Socrates,"Marriage, Happy, Wife ",Filosofia Socrática
"When one has not had a good father, one must create one.",Friedrich Nietzsche,"Father, Create, Good Father ",Niilismo / Existencialismo (precursor)
"Treat those who are good with goodness, and also treat those who are not good with goodness. Thus goodness is attained. Be honest to those who are honest, and be also honest to those who are not honest. Thus honesty is attained.",Lao Tzu,"Honesty, Treat, Goodness ",Taoismo
A good commander is benevolent and unconcerned with fame.,Sun Tzu,"Fame, Commander, Unconcerned ",Filosofia Militar Chinesa
We are all ready to be savage in some cause. The difference between a good man and a bad one is the choice of the cause.,William James,"Man, Choice, Savage ",Pragmatismo
"Persuasion is achieved by the speaker's personal character when the speech is so spoken as to make us think him credible. We believe good men more fully and more readily than others: this is true generally whatever the question is, and absolutely true where exact certainty is impossible and opinions are divided.",Aristotle,"Character, Men, Believe ",Peripatético / Aristotelismo
"The evil that is in the world almost always comes of ignorance, and good intentions may do as much harm as malevolence if they lack understanding.",Albert Camus,"Ignorance, Evil, World ",Existencialismo / Absurdismo
It takes more than just a good looking body. You've got to have the heart and soul to go with it.,Epictetus,"Health, Heart, Soul ",Estoicismo
"The general who advances without coveting fame and retreats without fearing disgrace, whose only thought is to protect his country and do good service for his sovereign, is the jewel of the kingdom.",Sun Tzu,"Service, Thought, Fame ",Filosofia Militar Chinesa
The aim of a college education is to teach you to know a good man when you see one.,William James,"Education, Man, College ",Pragmatismo
"Not life, but good life, is to be chiefly valued.",Socrates,"Life, Good Life, Valued ",Filosofia Socrática
Doing well is the result of doing good. That's what capitalism is all about.,Ralph Waldo Emerson,"Doing Good, Capitalism ",Transcendentalismo
Virtue is persecuted more by the wicked than it is loved by the good.,Buddha,"Loved, Virtue, Than ",Budismo
"We ought to do good to others as simply as a horse runs, or a bee makes honey, or a vine bears grapes season after season without thinking of the grapes it has borne.",Marcus Aurelius,"Thinking, Horse, Bee ",Estoicismo
Whoever does not have a good father should procure one.,Friedrich Nietzsche,"Father, Good Father, Should ",Niilismo / Existencialismo (precursor)
"Jealousy is both reasonable and belongs to reasonable men, while envy is base and belongs to the base, for the one makes himself get good things by jealousy, while the other does not allow his neighbour to have them through envy.",Aristotle,"Jealousy, Men, Good Things ",Peripatético / Aristotelismo
"Twice and thrice over, as they say, good is it to repeat and review what is good.",Plato,"They Say, Review, Say ",Platonismo
"Of all that is good, sublimity is supreme. Succeeding is the coming together of all that is beautiful. Furtherance is the agreement of all that is just. Perseverance is the foundation of all actions.",Lao Tzu,"Perseverance, Beautiful ",Taoismo
"When one has the feeling of dislike for evil, when one feels tranquil, one finds pleasure in listening to good teachings; when one has these feelings and appreciates them, one is free of fear.",Buddha,"Fear, Listening, Evil ",Budismo
It is not good to be too free. It is not good to have everything one wants.,Blaise Pascal,"Free, Everything, Wants ",Jansenismo / Existencialismo Cristão (precursor)
"Here is the rule to remember in the future, When anything tempts you to be bitter: not, 'This is a misfortune' but 'To bear this worthily is good fortune.'",Marcus Aurelius,"Future, Remember ",Estoicismo
"A heart well prepared for adversity in bad times hopes, and in good times fears for a change in fortune.",Horace,"Change, Wisdom, Adversity ",Epicurismo (influência)
"As a matter of self-preservation, a man needs good friends or ardent enemies, for the former instruct him and the latter take him to task.",Diogenes,"Friends, Man, Good Friends ",Cinismo
A good indignation brings out all one's powers.,Ralph Waldo Emerson,"Brings, Out, Indignation ",Transcendentalismo
What I like to drink most is wine that belongs to others.,Diogenes,"Wine, Drink, Like ",Cinismo
Man is not logical and his intellectual history is a record of mental reserves and compromises. He hangs on to what he can in his old beliefs even when he is compelled to surrender their logical basis.,John Dewey,"Man, Intellectual, Beliefs ",Pragmatismo
"Jesus Christ belonged to the true race of prophets. He saw with open eye the mystery of the soul. Drawn by its severe harmony, ravished with its beauty, he lived in it and had his being there. Alone in all history, he estimated the greatness of man.",Ralph Waldo Emerson,"Beauty, Alone, Mystery ",Transcendentalismo
"To correct a natural indifference I was placed half-way between misery and the sun. Misery kept me from believing that all was well under the sun, and the sun taught me that history wasn't everything.",Albert Camus,"Sun, Me, Natural ",Existencialismo / Absurdismo
The history of mankind is the instant between two strides taken by a traveler.,Franz Kafka,"Mankind, Two, Between ",Existencialismo (influência) / Absurdo
But every historical statement and legitimization itself moves within a certain relation to history.,Martin Heidegger,"Within, Historical ",Fenomenologia / Existencialismo
"In the course of history, men come to see that iron necessity is neither iron nor necessary.",Friedrich Nietzsche,"Men, Iron, See ",Niilismo / Existencialismo (precursor)
"Pessimism leads to weakness, optimism to power.",William James,"Positive, Optimism, Weakness ",Pragmatismo
"There will be no end to the troubles of states, or of humanity itself, till philosophers become kings in this world, or till those we now call kings and rulers really and truly become philosophers, and political power and philosophy thus come into the same hands.",Plato,"Humanity, World, Philosophy ",Platonismo
The ultimate value of life depends upon awareness and the power of contemplation rather than upon mere survival.,Aristotle,"Life, Value, Survival ",Peripatético / Aristotelismo
Balk the enemy's power force him to reveal himself. ,Sun Tzu,"Enemy, Force, Him ",Filosofia Militar Chinesa
"What it lies in our power to do, it lies in our power not to do.",Aristotle,"Lies, Our ",Peripatético / Aristotelismo
I only wish that ordinary people had an unlimited capacity for doing harm then they might have an unlimited power for doing good. ,Socrates,"Good, Doing Good, People ",Filosofia Socrática
It is folly for a man to pray to the gods for that which he has the power to obtain by himself.,Epicurus,"Man, Pray, Folly ",Epicurismo
"In a democracy the poor will have more power than the rich, because there are more of them, and the will of the majority is supreme.",Aristotle,"Democracy, Rich, Poor ",Peripatético / Aristotelismo
To give aid to every poor man is far beyond the reach and power of every man. Care of the poor is incumbent on society as a whole.,Baruch Spinoza,"Man, Society, Care ",Racionalismo
"I assess the power of a will by how much resistance, pain, torture it endures and knows how to turn to its advantage.",Friedrich Nietzsche,"Pain, Resistance, Turn ",Niilismo / Existencialismo (precursor)
"And so it is, that both the Devil and the angelic Spirit present us with objects of desire to awaken our power of choice.",Rumi,"Devil, Choice, Present ",Sufismo
To live happily is an inward power of the soul.,Marcus Aurelius,"Soul, Live, Inward ",Estoicismo
"Justice and power must be brought together, so that whatever is just may be powerful, and whatever is powerful may be just.",Blaise Pascal,"Justice, Together, Powerful ",Jansenismo / Existencialismo Cristão (precursor)
The world itself is the will to power - and nothing else! And you yourself are the will to power - and nothing else!,Friedrich Nietzsche,"World, Yourself, You ",Niilismo / Existencialismo (precursor)
Ambition is the immoderate desire for power.,Baruch Spinoza,"Ambition, Desire ",Racionalismo
"What is good? All that heightens the feeling of power, the will to power, power itself in man.",Friedrich Nietzsche,"Good, Man, Feeling ",Niilismo / Existencialismo (precursor)
Man's greatness lies in his power of thought.,Blaise Pascal,"Man, Greatness, Thought ",Jansenismo / Existencialismo Cristão (precursor)
"Not necessity, not desire - no, the love of power is the demon of men. Let them have everything - health, food, a place to live, entertainment - they are and remain unhappy and low-spirited: for the demon waits and waits and will be satisfied.",Friedrich Nietzsche,"Love, Food, Health ",Niilismo / Existencialismo (precursor)
Freedom is nothing but a chance to be better.,Albert Camus,"Freedom, Better, Nothing ",Existencialismo / Absurdismo
There is no chance and anarchy in the universe. All is system and gradation. Every god is there sitting in his sphere.,Ralph Waldo Emerson,"God, Universe, Anarchy ",Transcendentalismo
"There are people who want to make men's lives more difficult for no other reason than the chance it provides them afterwards to offer their prescription for alleviating life; their Christianity, for instance.",Friedrich Nietzsche,"Life, Men, People ",Niilismo / Existencialismo (precursor)
"Chance gives rise to thoughts, and chance removes them; no art can keep or acquire them.",Blaise Pascal,"Art, Thoughts, Rise ",Jansenismo / Existencialismo Cristão (precursor)
"It is just that we should be grateful, not only to those with whose views we may agree, but also to those who have expressed more superficial views; for these also contributed something, by developing before us the powers of thought.",Aristotle,"Grateful, Thought, May ",Peripatético / Aristotelismo
"Never lose an opportunity of seeing anything beautiful, for beauty is God's handwriting.",Ralph Waldo Emerson,"Beauty, Beautiful ",Transcendentalismo
"Woman is a ray of God. She is not that earthly beloved: she is creative, not created.",Rumi,"Woman, Creative, She ",Sufismo
Whosoever is delighted in solitude is either a wild beast or a god.,Aristotle,"Solitude, Wild, Beast ",Peripatético / Aristotelismo
God is the indwelling and not the transient cause of all things.,Baruch Spinoza,"Things, Transient ",Racionalismo
"If God listened to the prayers of men, all men would quickly have perished: for they are forever praying for evil against one another.",Epicurus,"Men, Evil, Forever ",Epicurismo
Is man one of God's blunders? Or is God one of man's blunders?,Friedrich Nietzsche,"Man, Blunders ",Niilismo / Existencialismo (precursor)
Woman was God's second mistake.,Friedrich Nietzsche,"Woman, Mistake, Second ",Niilismo / Existencialismo (precursor)
"The end of life is to be like God, and the soul following God will be like Him.",Socrates,"Life, Soul, End ",Filosofia Socrática
"There cannot be a God because if there were one, I could not believe that I was not He.",Friedrich Nietzsche,"Believe, Because, Cannot ",Niilismo / Existencialismo (precursor)
The blame is his who chooses: God is blameless.,Plato,"Blame, His, Who ",Platonismo
God enters by a private door into every individual.,Ralph Waldo Emerson,"Faith, Door, Individual ",Transcendentalismo
"Whatsoever is, is in God, and without God nothing can be, or be conceived.",Baruch Spinoza,"Nothing, Without, Whatsoever ",Racionalismo
God has entrusted me with myself.,Epictetus,"Myself, Me, Entrusted ",Estoicismo
"He who is unable to live in society, or who has no need because he is sufficient for himself, must be either a beast or a god.",Aristotle,"Society, Live, Need ",Peripatético / Aristotelismo
The highest revelation is that God is in every man.,Ralph Waldo Emerson,"Man, Revelation, Every ",Transcendentalismo
"There are two kinds of people one can call reasonable: those who serve God with all their heart because they know him, and those who seek him with all their heart because they do not know him.",Blaise Pascal,"Heart, People, Know ",Jansenismo / Existencialismo Cristão (precursor)
Today I love myself as I love my god: who could charge me with a sin today? I know only sins against my god but who knows my god?,Friedrich Nietzsche,"Love, Myself, Today ",Niilismo / Existencialismo (precursor)
I would believe only in a God that knows how to Dance.,Friedrich Nietzsche,"Dance, Believe, Knows ",Niilismo / Existencialismo (precursor)
We turn toward God only to obtain the impossible.,Albert Camus,"Impossible, Turn, Toward ",Existencialismo / Absurdismo
"The finite is annihilated in the presence of the infinite, and becomes a pure nothing. So our spirit before God, so our justice before divine justice.",Blaise Pascal,"Justice, Nothing, Spirit ",Jansenismo / Existencialismo Cristão (precursor)
"It is the heart which perceives God and not the reason. That is what faith is: God perceived by the heart, not by the reason.",Blaise Pascal,"Faith, Heart, Reason ",Jansenismo / Existencialismo Cristão (precursor)
"Human behavior flows from three main sources: desire, emotion, and knowledge.",Plato,"Behavior, Emotion, Three ",Platonismo
Real knowledge is to know the extent of one's ignorance.,Confucius,"Ignorance, Know, Real ",Confucionismo
"To know what you know and what you do not know, that is true knowledge.",Confucius,"Know, True, You ",Confucionismo
Opinion is the medium between knowledge and ignorance.,Plato,"Ignorance, Opinion, Between ",Platonismo
It is beyond a doubt that all our knowledge begins with experience.,Immanuel Kant,"Experience, Doubt, Beyond ",Idealismo Transcendental
"Those who have knowledge, don't predict. Those who predict, don't have knowledge.",Lao Tzu,"Predict, Who, Those ",Taoismo
Knowledge without justice ought to be called cunning rather than wisdom.,Plato,"Wisdom, Justice, Without ",Platonismo
Knowledge which is acquired under compulsion obtains no hold on the mind.,Plato,"Mind, Hold, Which ",Platonismo
Knowledge is true opinion.,Plato,"Opinion, True ",Platonismo
"We are sinful not only because we have eaten of the Tree of Knowledge, but also because we have not yet eaten of the Tree of Life. The state in which we are is sinful, irrespective of guilt.",Franz Kafka,"Life, Tree, Guilt ",Existencialismo (influência) / Absurdo
"When you know a thing, to hold that you know it, and when you do not know a thing, to allow that you do not know it - this is knowledge.",Confucius,"Know, You, Hold ",Confucionismo
"I am not one who was born in the possession of knowledge; I am one who is fond of antiquity, and earnest in seeking it there.",Confucius,"I Am, Born, Possession ",Confucionismo
"I had therefore to remove knowledge, in order to make room for belief.",Immanuel Kant,"Belief, Order, Room ",Idealismo Transcendental
"Intuition and concepts constitute... the elements of all our knowledge, so that neither concepts without an intuition in some way corresponding to them, nor intuition without concepts, can yield knowledge.",Immanuel Kant,"Intuition, Way, Without ",Idealismo Transcendental
If the Great Way perishes there will morality and duty. When cleverness and knowledge arise great lies will flourish. When relatives fall out with one another there will be filial duty and love. When states are in confusion there will be faithful servants.,Lao Tzu,"Love, Great, Fall ",Taoismo
To attain any assured knowledge about the soul is one of the most difficult things in the world.,Aristotle,"Soul, World, Difficult ",Peripatético / Aristotelismo
"How pathetically scanty my self-knowledge is compared with, say, my knowledge of my room. There is no such thing as observation of the inner world, as there is of the outer world.",Franz Kafka,"World, Observation, Say ",Existencialismo (influência) / Absurdo
Knowledge is knowing that we cannot know.,Ralph Waldo Emerson,"Know, Knowing, Cannot ",Transcendentalismo
"It is not when truth is dirty, but when it is shallow, that the lover of knowledge is reluctant to step into its waters.",Friedrich Nietzsche,"Truth, Step, Truth Is ",Niilismo / Existencialismo (precursor)
Knowledge without education is but armed injustice.,Horace,"Education, Injustice ",Epicurismo (influência)
"There are three methods to gaining wisdom. The first is reflection, which is the highest. The second is limitation, which is the easiest. The third is experience, which is the bitterest.",Confucius,"Wisdom, Reflection, Three ",Confucionismo
The belief that all genuine education comes about through experience does not mean that all experiences are genuinely or equally educative.,John Dewey,"Education, Belief, Mean ",Pragmatismo
You cannot create experience. You must undergo it.,Albert Camus,"You, Create, Must ",Existencialismo / Absurdismo
The years teach much which the days never know.,Ralph Waldo Emerson,"Teach, Know, Years ",Transcendentalismo
When you have really exhausted an experience you always reverence and love it.,Albert Camus,"Love, You, Always ",Existencialismo / Absurdismo
To use the same words is not a sufficient guarantee of understanding one must use the same words for the same genus of inward experience ultimately one must have one's experiences in common. ,Friedrich Nietzsche,"Words, Understanding ",Niilismo / Existencialismo (precursor)
"Two things control men's nature, instinct and experience.",Blaise Pascal,"Nature, Men, Control ",Jansenismo / Existencialismo Cristão (precursor)
"Suffering is but another name for the teaching of experience, which is the parent of instruction and the schoolmaster of life.",Horace,"Life, Suffering, Parent ",Epicurismo (influência)
If you know the enemy and know yourself you need not fear the results of a hundred battles.,Sun Tzu,"Yourself, Know Yourself ",Filosofia Militar Chinesa
"Fear? If I have gained anything by damning myself, it is that I no longer have anything to fear.",Jean-Paul Sartre,"Myself, Anything, Longer ",Existencialismo
"If you look into your own heart, and you find nothing wrong there, what is there to worry about? What is there to fear?",Confucius,"Heart, Worry, You ",Confucionismo
Fear is the mother of morality.,Friedrich Nietzsche,"Mother, Morality ",Niilismo / Existencialismo (precursor)
Courage is a mean with regard to fear and confidence.,Aristotle,"Courage, Confidence, Mean ",Peripatético / Aristotelismo
"It is better for you to be free of fear lying upon a pallet, than to have a golden couch and a rich table and be full of trouble.",Epicurus,"Free, Better, Rich ",Epicurismo
I have gained this from philosophy: that I do without being commanded what others do only from fear of the law.,Aristotle,"Law, Philosophy, Without ",Peripatético / Aristotelismo
"Where there is reverence there is fear, but there is not reverence everywhere that there is fear, because fear presumably has a wider extension than reverence.",Socrates,"Reverence, Where, Than ",Filosofia Socrática
Men are swayed more by fear than by reverence.,Aristotle,"Men, Reverence, Than ",Peripatético / Aristotelismo
"My 'fear' is my substance, and probably the best part of me.",Franz Kafka,"Best, Me, Substance ",Existencialismo (influência) / Absurdo
"The generality of men are naturally apt to be swayed by fear rather than reverence, and to refrain from evil rather because of the punishment that it brings than because of its own foulness.",Aristotle,"Men, Evil, Punishment ",Peripatético / Aristotelismo
"Injustice is censured because the censures are afraid of suffering, and not from any fear which they have of doing injustice.",Plato,"Suffering, Injustice, Doing ",Platonismo
The cautious seldom err.,Confucius,"Cautious, Err, Seldom ",Confucionismo
"He who is prudent and lies in wait for an enemy who is not, will be victorious.",Sun Tzu,"Enemy, Wait, Will ",Filosofia Militar Chinesa
Be the chief but never the lord.,Lao Tzu,"Never, Lord, Chief ",Taoismo
"If you want a quality, act as if you already had it.",William James,"Quality, Want, You ",Pragmatismo
"If you care enough for a result, you will most certainly attain it.",William James,"Care, You, Will ",Pragmatismo
They certainly give very strange names to diseases.,Plato,"Strange, Names, Give ",Platonismo
"Three things cannot be long hidden: the sun, the moon, and the truth.",Buddha,"Sun, Moon, Long ",Budismo
"There are only two mistakes one can make along the road to truth; not going all the way, and not starting.",Buddha,"Mistakes, Road, Way ",Budismo
"On the mountains of truth you can never climb in vain: either you will reach a point higher up today, or you will be training your powers so that you will be able to climb higher tomorrow.",Friedrich Nietzsche,"Today, Mountains, Training ",Niilismo / Existencialismo (precursor)
"That which is false troubles the heart, but truth brings joyous tranquillity.",Rumi,"Heart, False, Which ",Sufismo
The object of the superior man is truth.,Confucius,"Man, Superior, Superior Man ",Confucionismo
And we should consider every day lost on which we have not danced at least once. And we should call every truth false which was not accompanied by at least one laugh.,Friedrich Nietzsche,"Day, Lost, Laugh ",Niilismo / Existencialismo (precursor)
Language is the house of the truth of Being.,Martin Heidegger,"Language, House, Being ",Fenomenologia / Existencialismo
I was born into the world as the king of truth for the salvation of the world.,Buddha,"World, King, Born ",Budismo
The universe is transformation: life is opinion.,Marcus Aurelius,"Life, Universe, Opinion ",Estoicismo
"The foolish man conceives the idea of 'self.' The wise man sees there is no ground on which to build the idea of 'self;' thus, he has a right conception of the world and well concludes that all compounds amassed by sorrow will be dissolved again, but the truth will remain.",Buddha,"Wise, Man, World ",Budismo
How can sincerity be a condition of friendship? A taste for truth at any cost is a passion which spares nothing.,Albert Camus,"Friendship, Passion ",Existencialismo / Absurdismo
"In a controversy the instant we feel anger we have already ceased striving for the truth, and have begun striving for ourselves.",Buddha,"Anger, Striving, Feel ",Budismo
"Truth, like light, blinds. Falsehood, on the contrary, is a beautiful twilight that enhances every object.",Albert Camus,"Beautiful, Light, Like ",Existencialismo / Absurdismo
"Speak the truth, do not yield to anger; give, if thou art asked for little; by these three steps thou wilt go near the gods.",Confucius,"Art, Anger, Speak ",Confucionismo
"There are only two things. Truth and lies. Truth is indivisible, hence it cannot recognize itself; anyone who wants to recognize it has to be a lie.",Franz Kafka,"Lie, Truth Is, Two ",Existencialismo (influência) / Absurdo
"Belief is a wise wager. Granted that faith cannot be proved, what harm will come to you if you gamble on its truth and it proves false? If you gain, you gain all; if you lose, you lose nothing. Wager, then, without hesitation, that He exists.",Blaise Pascal,"Faith, Wise, Belief ",Jansenismo / Existencialismo Cristão (precursor)
"When virtue is lost, benevolence appears, when benevolence is lost right conduct appears, when right conduct is lost, expedience appears. Expediency is the mere shadow of right and truth; it is the beginning of disorder.",Lao Tzu,"Shadow, Beginning, Lost ",Taoismo
"In the consciousness of the truth he has perceived, man now sees everywhere only the awfulness or the absurdity of existence and loathing seizes him.",Friedrich Nietzsche,"Man, Existence ",Niilismo / Existencialismo (precursor)
Mystical explanations are thought to be deep the truth is that they are not even shallow. ,Friedrich Nietzsche,"Deep, Thought, Truth Is ",Niilismo / Existencialismo (precursor)
"Plato is dear to me, but dearer still is truth.",Aristotle,"Me, Plato, Still ",Peripatético / Aristotelismo
Piety requires us to honor truth above our friends.,Aristotle,"Friends, Honor, Us ",Peripatético / Aristotelismo
"Nothing is beautiful, only man: on this piece of naivete rests all aesthetics, it is the first truth of aesthetics. Let us immediately add its second: nothing is ugly but degenerate man - the domain of aesthetic judgment is therewith defined.",Friedrich Nietzsche,"Beautiful, Man, Ugly ",Niilismo / Existencialismo (precursor)
I tore myself away from the safe comfort of certainties through my love for truth - and truth rewarded me.,Simone de Beauvoir,"Love, Myself, Me ",Existencialismo / Feminismo
We should consider every day lost on which we have not danced at least once. And we should call every truth false which was not accompanied by at least one laugh.,Friedrich Nietzsche,"Day, Lost, Laugh ",Niilismo / Existencialismo (precursor)
"Truth is beautiful, without doubt; but so are lies.",Ralph Waldo Emerson,"Beautiful, Doubt, Truth Is ",Transcendentalismo
The words of truth are always paradoxical.,Lao Tzu,"Words, Always, Paradoxical ",Taoismo
Words are but symbols for the relations of things to one another and to us nowhere do they touch upon absolute truth. ,Friedrich Nietzsche,"Words, Touch, Symbols ",Niilismo / Existencialismo (precursor)
Truth is simply a compliment paid to sentences seen to be paying their way.,Richard Rorty,"Truth Is, Compliment, Way ",Neopragmatismo
"Truth is mysterious, elusive, always to be conquered. Liberty is dangerous, as hard to live with as it is elating. We must march toward these two goals, painfully but resolutely, certain in advance of our failings on so long a road.",Albert Camus,"Goals, Road, Liberty ",Existencialismo / Absurdismo
All truth is simple... is that not doubly a lie?,Friedrich Nietzsche,"Simple, Lie, Truth Is ",Niilismo / Existencialismo (precursor)
Every mind must make its choice between truth and repose. It cannot have both.,Ralph Waldo Emerson,"Mind, Choice, Between ",Transcendentalismo
"There are various eyes. Even the Sphinx has eyes: and as a result there are various truths, and as a result there is no truth.",Friedrich Nietzsche,"Eyes, Result, Even ",Niilismo / Existencialismo (precursor)
"Truth lives, in fact, for the most part on a credit system. Our thoughts and beliefs pass, so long as nothing challenges them, just as bank-notes pass so long as nobody refuses them.",William James,"Thoughts, Challenges, Long ",Pragmatismo
"Truth is the beginning of every good to the gods, and of every good to man.",Plato,"Good, Man, Beginning ",Platonismo
The least initial deviation from the truth is multiplied later a thousandfold.,Aristotle,"Truth Is, Later, Initial ",Peripatético / Aristotelismo
"One may sometimes tell a lie, but the grimace that accompanies it tells the truth.",Friedrich Nietzsche,"Lie, Sometimes, May ",Niilismo / Existencialismo (precursor)
"Defending the truth is not something one does out of a sense of duty or to allay guilt complexes, but is a reward in itself.",Simone de Beauvoir,"Reward, Guilt, Truth Is ",Existencialismo / Feminismo
"Not when truth is dirty, but when it is shallow, does the enlightened man dislike to wade into its waters.",Friedrich Nietzsche,"Man, Truth Is, Dirty ",Niilismo / Existencialismo (precursor)
"It is good to express a thing twice right at the outset and so to give it a right foot and also a left one. Truth can surely stand on one leg, but with two it will be able to walk and get around.",Friedrich Nietzsche,"Good, Walk, Stand ",Niilismo / Existencialismo (precursor)
Justice and truth are too such subtle points that our tools are too blunt to touch them accurately.,Blaise Pascal,"Justice, Tools, Touch ",Jansenismo / Existencialismo Cristão (precursor)
Truth is the property of no individual but is the treasure of all men.,Ralph Waldo Emerson,"Men, Truth Is, Treasure ",Transcendentalismo
"All credibility, all good conscience, all evidence of truth come only from the senses.",Friedrich Nietzsche,"Good, Conscience, Senses ",Niilismo / Existencialismo (precursor)
A taste for truth at any cost is a passion which spares nothing.,Albert Camus,"Passion, Nothing, Cost ",Existencialismo / Absurdismo
Truth is what works.,William James,"Truth Is, Works ",Pragmatismo
"Wisdom, compassion, and courage are the three universally recognized moral qualities of men.",Confucius,"Wisdom, Compassion, Men ",Confucionismo
From caring comes courage.,Lao Tzu,Caring ,Taoismo
You will never do anything in this world without courage. It is the greatest quality of the mind next to honor.,Aristotle,"Quality, World, Mind ",Peripatético / Aristotelismo
"He is a man of courage who does not run away, but remains at his post and fights against the enemy.",Socrates,"Man, Enemy, Run ",Filosofia Socrática
"Faced with what is right, to leave it undone shows a lack of courage.",Confucius,"Right, Leave, Lack ",Confucionismo
"It is courage, courage, courage, that raises the blood of life to crimson splendor. Live bravely and present a brave front to adversity.",Horace,"Life, Adversity, Brave ",Epicurismo (influência)
"Real nobility is based on scorn, courage, and profound indifference.",Albert Camus,"Real, Profound, Indifference ",Existencialismo / Absurdismo
Courage is a kind of salvation.,Plato,"Kind, Salvation ",Platonismo
"To see what is right and not to do it is want of courage, or of principle.",Confucius,"Want, Right, See ",Confucionismo
A great part of courage is the courage of having done the thing before.,Ralph Waldo Emerson,"Great, Done, Part ",Transcendentalismo
"Every man has his own courage, and is betrayed because he seeks in himself the courage of other persons.",Ralph Waldo Emerson,"Man, Himself, Every ",Transcendentalismo
Do the difficult things while they are easy and do the great things while they are small. A journey of a thousand miles must begin with a single step.,Lao Tzu,"Motivational, Journey, Small ",Taoismo
The greatest weapon against stress is our ability to choose one thought over another.,William James,"Stress, Thought, Greatest ",Pragmatismo
All truly great thoughts are conceived by walking.,Friedrich Nietzsche,"Thoughts, Walking, Truly ",Niilismo / Existencialismo (precursor)
"The essence of all beautiful art, all great art, is gratitude.",Friedrich Nietzsche,"Gratitude, Art, Beautiful ",Niilismo / Existencialismo (precursor)
A man's worth is no greater than his ambitions.,Marcus Aurelius,"Man, Worth, Than ",Estoicismo
The greatest way to live with honor in this world is to be what we pretend to be.,Socrates,"World, Honor, Greatest ",Filosofia Socrática
Governing a great nation is like cooking a small fish - too much handling will spoil it.,Lao Tzu,"Cooking, Government, Small ",Taoismo
Great men are they who see that spiritual is stronger than any material force - that thoughts rule the world.,Ralph Waldo Emerson,"Spiritual, Men, World ",Transcendentalismo
The demand to be loved is the greatest of all arrogant presumptions.,Friedrich Nietzsche,"Greatest, Loved, Arrogant ",Niilismo / Existencialismo (precursor)
A great city is not to be confounded with a populous one.,Aristotle,"City, Great City, Confounded ",Peripatético / Aristotelismo
"Enthusiasm is the mother of effort, and without it nothing great was ever achieved.",Ralph Waldo Emerson,"Mother, Effort, Enthusiasm ",Transcendentalismo
"Better a little which is well done, than a great deal imperfectly.",Plato,"Well Done, Better, Done ",Platonismo
"The sensitivity of men to small matters, and their indifference to great ones, indicates a strange inversion.",Blaise Pascal,"Men, Small, Strange ",Jansenismo / Existencialismo Cristão (precursor)
The first and greatest victory is to conquer yourself to be conquered by yourself is of all things most shameful and vile. ,Plato,"Yourself, Victory, Greatest ",Platonismo
"Suffering becomes beautiful when anyone bears great calamities with cheerfulness, not through insensibility but through greatness of mind.",Aristotle,"Beautiful, Greatness, Mind ",Peripatético / Aristotelismo
Success has always been a great liar.,Friedrich Nietzsche,"Success, Liar, Always ",Niilismo / Existencialismo (precursor)
Germany is a great nation only because its people have so much Polish blood in their veins.,Friedrich Nietzsche,"People, Blood, Nation ",Niilismo / Existencialismo (precursor)
"All difficult things have their origin in that which is easy, and great things in that which is small.",Lao Tzu,"Small, Easy, Great Things ",Taoismo
"The wicked leader is he who the people despise. The good leader is he who the people revere. The great leader is he who the people say, 'We did it ourselves.'",Lao Tzu,"Good, Leader, People ",Taoismo
It is great wealth to a soul to live frugally with a contented mind.,Lucretius,"Soul, Mind, Wealth ",Epicurismo
The first wealth is health.,Ralph Waldo Emerson,"Wealth, First ",Transcendentalismo
"The health of the eye seems to demand a horizon. We are never tired, so long as we can see far enough.",Ralph Waldo Emerson,"Eye, Tired, Long ",Transcendentalismo
Attention to health is life's greatest hindrance.,Plato,"Life, Greatest, Attention ",Platonismo
It is better to travel well than to arrive.,Buddha,"Better, Well, Than ",Budismo
"Strange - is it not? That of the myriads who Before us passed the door of Darkness through, Not one returns to tell us of the road Which to discover we must travel too.",Horace,"Road, Door, Darkness ",Epicurismo (influência)
"We should feel sorrow, but not sink under its oppression.",Confucius,"Oppression, Feel, Sorrow ",Confucionismo
"One's life has value so long as one attributes value to the life of others, by means of love, friendship, indignation and compassion.",Simone de Beauvoir,"Love, Life, Friendship ",Existencialismo / Feminismo
The community stagnates without the impulse of the individual. The impulse dies away without the sympathy of the community.,William James,"Community, Individual ",Pragmatismo
Believe that life is worth living and your belief will help create the fact.,William James,"Life, Believe, Help ",Pragmatismo
"Suffering is the positive element in this world, indeed it is the only link between this world and the positive.",Franz Kafka,"World, Suffering, Between ",Existencialismo (influência) / Absurdo
"When a nation is filled with strife, then do patriots flourish.",Lao Tzu,"Nation, Patriots, Strife ",Taoismo
We are twice armed if we fight with faith.,Plato,"Fight, Twice, Armed ",Platonismo
Faith: not wanting to know what is true.,Friedrich Nietzsche,"Know, True, Wanting ",Niilismo / Existencialismo (precursor)
In faith there is enough light for those who want to believe and enough shadows to blind those who don't.,Blaise Pascal,"Light, Blind, Believe ",Jansenismo / Existencialismo Cristão (precursor)
"Faith is different from proof; the latter is human, the former is a Gift from God.",Blaise Pascal,"God, Gift, Human ",Jansenismo / Existencialismo Cristão (precursor)
"Faith certainly tells us what the senses do not, but not the contrary of what they see; it is above, not against them.",Blaise Pascal,"See, Senses, Us ",Jansenismo / Existencialismo Cristão (precursor)
To me faith means not worrying.,John Dewey,"Me, Worrying, Means ",Pragmatismo
Whatever universe a professor believes in must at any rate be a universe that lends itself to lengthy discourse. A universe definable in two sentences is something for which the professorial intellect has no use. No faith in anything of that cheap kind!,William James,"Universe, Kind, Discourse ",Pragmatismo
Our faith comes in moments our vice is habitual. ,Ralph Waldo Emerson,"Moments, Vice, Habitual ",Transcendentalismo
The faith that stands on authority is not faith.,Ralph Waldo Emerson,"Authority, Stands ",Transcendentalismo
"To insure the adoration of a theorem for any length of time, faith is not enough, a police force is needed as well.",Albert Camus,"Time, Police, Well ",Existencialismo / Absurdismo
Faith embraces many truths which seem to contradict each other.,Blaise Pascal,"Which, Contradict, Many ",Jansenismo / Existencialismo Cristão (precursor)
"Faith indeed tells what the senses do not tell, but not the contrary of what they see. It is above them and not contrary to them.",Blaise Pascal,"See, Senses, Tell ",Jansenismo / Existencialismo Cristão (precursor)
Faith means belief in something concerning which doubt is theoretically possible.,William James,"Doubt, Belief, Possible ",Pragmatismo
It is only by risking our persons from one hour to another that we live at all. And often enough our faith beforehand in an uncertified result is the only thing that makes the result come true.,William James,"Live, True, Enough ",Pragmatismo
"Let it be your constant method to look into the design of people's actions, and see what they would be at, as often as it is practicable; and to make this custom the more significant, practice it first upon yourself.",Marcus Aurelius,"Yourself, Practice, People ",Estoicismo
"May this marriage be full of laughter, our every day in paradise.",Rumi,"Day, Laughter, Paradise ",Sufismo
May these vows and this marriage be blessed.,Rumi,"Blessed, May, Vows ",Sufismo
"As to marriage or celibacy, let a man take which course he will, he will be sure to repent.",Socrates,"Man, Will, Sure ",Filosofia Socrática
"Woman, or more precisely put, perhaps, marriage, is the representative of life with which you are meant to come to terms.",Franz Kafka,"Life, Woman, You ",Existencialismo (influência) / Absurdo
All I have seen teaches me to trust the creator for all I have not seen.,Ralph Waldo Emerson,"Me, Creator, Seen ",Transcendentalismo
"Trust your instinct to the end, though you can render no reason.",Ralph Waldo Emerson,"End, You, Reason ",Transcendentalismo
What we learn only through the ears makes less impression upon our minds than what is presented to the trustworthy eye.,Horace,"Eye, Learn, Through ",Epicurismo (influência)
"Seize the day, and put the least possible trust in tomorrow.",Horace,"Day, Tomorrow, Possible ",Epicurismo (influência)
"He who does not trust enough, Will not be trusted.",Lao Tzu,"Enough, Will, Trusted ",Taoismo
Trust men and they will be true to you treat them greatly and they will show themselves great. ,Ralph Waldo Emerson,"Great, Men, Treat ",Transcendentalismo
"He that takes truth for his guide, and duty for his end, may safely trust to God's providence to lead him aright.",Blaise Pascal,"Truth, God, End ",Jansenismo / Existencialismo Cristão (precursor)
"If there is something to pardon in everything, there is also something to condemn.",Friedrich Nietzsche,"Everything, Something ",Niilismo / Existencialismo (precursor)
Those who are believed to be most abject and humble are usually most ambitious and envious.,Baruch Spinoza,"Humble, Most, Ambitious ",Racionalismo
What is a weed? A plant whose virtues have never been discovered.,Ralph Waldo Emerson,"Plant, Never, Virtues ",Transcendentalismo
To dwell is to garden.,Martin Heidegger,"Garden, Dwell ",Fenomenologia / Existencialismo
"Beauty surrounds us, but usually we need to be walking in a garden to know it.",Rumi,"Walking, Garden, Know ",Sufismo
Flowers... are a proud assertion that a ray of beauty outvalues all the utilities of the world.,Ralph Waldo Emerson,"Flowers, World, Proud ",Transcendentalismo
Beauty is a short-lived tyranny.,Socrates,"Tyranny, Short-Lived ",Filosofia Socrática
"A woman of the world is anxious to exhibit her form and shape, whether walking, standing, sitting, or sleeping. Even when represented as a picture, she desires to captivate with the charms of her beauty and, thus, to rob men of their steadfast heart.",Buddha,"Heart, Woman, World ",Budismo
Personal beauty is a greater recommendation than any letter of reference.,Aristotle,"Personal, Recommendation ",Peripatético / Aristotelismo
Youth is happy because it has the ability to see beauty. Anyone who keeps the ability to see beauty never grows old.,Franz Kafka,"Happy, Youth, See ",Existencialismo (influência) / Absurdo
Beauty is the bait which with delight allures man to enlarge his kind.,Socrates,"Man, Kind, Delight ",Filosofia Socrática
Anyone who keeps the ability to see beauty never grows old.,Franz Kafka,"Never, See, Ability ",Existencialismo (influência) / Absurdo
Beauty without grace is the hook without the bait.,Ralph Waldo Emerson,"Grace, Without, Hook ",Transcendentalismo
"A more secret, sweet, and overpowering beauty appears to man when his heart and mind open to the sentiment of virtue.",Ralph Waldo Emerson,"Heart, Man, Mind ",Transcendentalismo
"The artist forges himself to the others, midway between the beauty he cannot do without and the community he cannot tear himself away from. That is why true artists scorn nothing: they are obliged to understand rather than to judge.",Albert Camus,"Community, Artist, Why ",Existencialismo / Absurdismo
"Beauty is an outward gift, which is seldom despised, except by those to whom it has been refused.",Ralph Waldo Emerson,"Gift, Been, Which ",Transcendentalismo
"As we grow old, the beauty steals inward.",Ralph Waldo Emerson,"Grow, Old, Inward ",Transcendentalismo
We are all born mad. Some remain so.,Samuel Beckett,"Born, Mad, Some ",Teatro do Absurdo
What do I know of man's destiny? I could tell you more about radishes.,Samuel Beckett,"Man, Destiny, Know ",Teatro do Absurdo
It may easily come to pass that a vain man may become proud and imagine himself pleasing to all when he is in reality a universal nuisance.,Baruch Spinoza,"Man, Reality, Proud ",Racionalismo
"Imagine for yourself a character, a model personality, whose example you determine to follow, in private as well as in public.",Epictetus,"Character, Personality ",Estoicismo
Imagination decides everything.,Blaise Pascal,Everything ,Jansenismo / Existencialismo Cristão (precursor)
Men often take their imagination for their heart and they believe they are converted as soon as they think of being converted.,Blaise Pascal,"Heart, Men, Believe ",Jansenismo / Existencialismo Cristão (precursor)
"America is a poem in our eyes; its ample geography dazzles the imagination, and it will not wait long for metres.",Ralph Waldo Emerson,"Eyes, America, Long ",Transcendentalismo
"Aptitude found in the understanding and is often inherited. Genius coming from reason and imagination, rarely.",Marcus Aurelius,"Genius, Understanding ",Estoicismo
"Don Quixote's misfortune is not his imagination, but Sancho Panza.",Franz Kafka,"Misfortune, His, Quixote ",Existencialismo (influência) / Absurdo
"In art, the hand can never execute anything higher than the heart can imagine.",Ralph Waldo Emerson,"Heart, Never, Anything ",Transcendentalismo
A picture is a poem without words.,Horace,"Words, Picture, Without ",Epicurismo (influência)
"Be slow to fall into friendship; but when thou art in, continue firm and constant.",Socrates,"Friendship, Fall, Slow ",Filosofia Socrática
Rhetoric is the art of ruling the minds of men.,Plato,"Men, Rhetoric, Minds ",Platonismo
The art of being wise is the art of knowing what to overlook.,William James,"Wisdom, Wise, Knowing ",Pragmatismo
The art of living is more like wrestling than dancing.,Marcus Aurelius,"Life, Living, Wrestling ",Estoicismo
Rhetoric may be defined as the faculty of observing in any given case the available means of persuasion. This is not a function of any other art.,Aristotle,"Persuasion, Rhetoric, May ",Peripatético / Aristotelismo
"For art to exist, for any sort of aesthetic activity to exist, a certain physiological precondition is indispensable: intoxication.",Friedrich Nietzsche,"Aesthetic, Activity, Exist ",Niilismo / Existencialismo (precursor)
The art of living well and the art of dying well are one.,Epicurus,"Living, Dying, Well ",Epicurismo
It is Homer who has chiefly taught other poets the art of telling lies skillfully.,Aristotle,"Lies, Taught, Other ",Peripatético / Aristotelismo
Sleeping is no mean art: for its sake one must stay awake all day.,Friedrich Nietzsche,"Day, Mean, Sleeping ",Niilismo / Existencialismo (precursor)
Art is the proper task of life.,Friedrich Nietzsche,"Life, Task, Proper ",Niilismo / Existencialismo (precursor)
The art of being a slave is to rule one's master.,Diogenes,"Master, Slave, Being ",Cinismo
To catch a husband is an art to hold him is a job.,Simone de Beauvoir,"Relationship, Job, Husband ",Existencialismo / Feminismo
Homer has taught all other poets the art of telling lies skillfully.,Aristotle,"Lies, Taught, Other ",Peripatético / Aristotelismo
"When thou art above measure angry, bethink thee how momentary is man's life.",Marcus Aurelius,"Life, Man, Angry ",Estoicismo
Pictures must not be too picturesque.,Ralph Waldo Emerson,"Pictures, Must, Too ",Transcendentalismo
"Without freedom, no art; art lives only on the restraints it imposes on itself, and dies of all others.",Albert Camus,"Freedom, Others, Without ",Existencialismo / Absurdismo
One of the penalties for refusing to participate in politics is that you end up being governed by your inferiors.,Plato,"End, You, Up ",Platonismo
"Democracy is when the indigent, and not the men of property, are the rulers.",Aristotle,"Men, Democracy, Property ",Peripatético / Aristotelismo
Politics is a science. You can demonstrate that you are right and that others are wrong.,Jean-Paul Sartre,"Science, You, Right ",Existencialismo
Don't walk behind me I may not lead. Don't walk in front of me I may not follow. Just walk beside me and be my friend.,Albert Camus,"Friend, Walk, Me ",Existencialismo / Absurdismo
Love is blind friendship closes its eyes.,Friedrich Nietzsche,"Love, Eyes, Love Is ",Niilismo / Existencialismo (precursor)
"Of all the things which wisdom provides to make us entirely happy, much the greatest is the possession of friendship.",Epicurus,"Wisdom, Happy, Greatest ",Epicurismo
"A woman may very well form a friendship with a man, but for this to endure, it must be assisted by a little physical antipathy.",Friedrich Nietzsche,"Man, Woman, Endure ",Niilismo / Existencialismo (precursor)
Friendship is essentially a partnership.,Aristotle,"Partnership, Essentially ",Peripatético / Aristotelismo
Never contract friendship with a man that is not better than thyself.,Confucius,"Man, Better, Never ",Confucionismo
"Friendship, like the immortality of the soul, is too good to be believed.",Ralph Waldo Emerson,"Good, Soul, Like ",Transcendentalismo
"Friendship often ends in love, but love in friendship - never.",Albert Camus,"Love, Never, Ends ",Existencialismo / Absurdismo
He who hath many friends hath none.,Aristotle,"Friends, None, Many ",Peripatético / Aristotelismo
"It is not so much our friends' help that helps us, as the confidence of their help.",Epicurus,"Friends, Confidence, Help ",Epicurismo
Friendship always benefits love sometimes injures.,Seneca,"Love, Sometimes, Always ",Estoicismo
"Perfect friendship is the friendship of men who are good, and alike in excellence; for these wish well alike to each other qua good, and they are good in themselves.",Aristotle,"Good, Excellence, Men ",Peripatético / Aristotelismo
"Rejoicing in our joy, not suffering over our suffering, makes someone a friend.",Friedrich Nietzsche,"Joy, Friend, Suffering ",Niilismo / Existencialismo (precursor)
"You left and I cried tears of blood. My sorrow grows. Its not just that You left. But when You left my eyes went with You. Now, how will I cry?",Rumi,"Eyes, Tears, Sorrow ",Sufismo
"Sad people dislike the happy, and the happy the sad; the quick thinking the sedate, and the careless the busy and industrious.",Horace,"Happy, Thinking, Busy ",Epicurismo (influência)
"Quality is not an act, it is a habit.",Aristotle,"Quality, Habit, Act ",Peripatético / Aristotelismo
"The will to win, the desire to succeed, the urge to reach your full potential... these are the keys that will unlock the door to personal excellence.",Confucius,"Excellence, Door, Win ",Confucionismo
Ever tried. Ever failed. No matter. Try Again. Fail again. Fail better.,Samuel Beckett,"Better, Try, Fail ",Teatro do Absurdo
Arriving at one goal is the starting point to another.,John Dewey,"Goal, Starting, Point ",Pragmatismo
We aim above the mark to hit the mark.,Ralph Waldo Emerson,"Aim, Mark, Above ",Transcendentalismo
"Don't think, just do.",Horace,"Think, Just ",Epicurismo (influência)
Begin to be now what you will be hereafter.,William James,"You, Now, Will ",Pragmatismo
"To know oneself, one should assert oneself.",Albert Camus,"Know, Should, Oneself ",Existencialismo / Absurdismo
Hitch your wagon to a star.,Ralph Waldo Emerson,"Star, Your, Hitch ",Transcendentalismo
Do not weep do not wax indignant. Understand. ,Baruch Spinoza,"Understand, Wax, Indignant ",Racionalismo
Men are what their mothers made them.,Ralph Waldo Emerson,"Men, Mothers, Made ",Transcendentalismo
Mothers are fonder than fathers of their children because they are more certain they are their own.,Aristotle,"Children, Mothers, Than ",Peripatético / Aristotelismo
There was never a child so lovely but his mother was glad to get him to sleep.,Ralph Waldo Emerson,"Mother, Sleep, Child ",Transcendentalismo
An oppressive government is more to be feared than a tiger.,Confucius,"Tiger, More, Than ",Confucionismo
"He who exercises government by means of his virtue may be compared to the north polar star, which keeps its place and all the stars turn towards it.",Confucius,"Stars, Place, Virtue ",Confucionismo
Democracy passes into despotism.,Plato,"Democracy, Despotism, Passes ",Platonismo
"The punishment which the wise suffer who refuse to take part in the government, is to live under the government of worse men.",Plato,"Wise, Men, Live ",Platonismo
"By definition, a government has no conscience. Sometimes it has a policy, but nothing more.",Albert Camus,"Nothing, Conscience ",Existencialismo / Absurdismo
A man in debt is so far a slave.,Ralph Waldo Emerson,"Man, Slave, Debt ",Transcendentalismo
Money often costs too much.,Ralph Waldo Emerson,"Too Much, Costs, Too ",Transcendentalismo
"If our soldiers are not overburdened with money, it is not because they have a distaste for riches; if their lives are not unduly long, it is not because they are disinclined to longevity.",Sun Tzu,"Long, Soldiers, Longevity ",Filosofia Militar Chinesa
No man's credit is as good as his money.,John Dewey,"Good, Man, Credit ",Pragmatismo
A man is usually more careful of his money than he is of his principles.,Ralph Waldo Emerson,"Man, Principles, Than ",Transcendentalismo
Education is not preparation for life education is life itself. ,John Dewey,"Life, Preparation, Itself ",Pragmatismo
"The roots of education are bitter, but the fruit is sweet.",Aristotle,"Roots, Fruit, Sweet ",Peripatético / Aristotelismo
"If a man neglects education, he walks lame to the end of his life.",Plato,"Life, Man, End ",Platonismo
Education is an ornament in prosperity and a refuge in adversity.,Aristotle,"Adversity, Prosperity ",Peripatético / Aristotelismo
"Education, therefore, is a process of living and not a preparation for future living.",John Dewey,"Future, Preparation, Living ",Pragmatismo
To accuse others for one's own misfortunes is a sign of want of education. To accuse oneself shows that one's education has begun. To accuse neither oneself nor others shows that one's education is complete.,Epictetus,"Want, Others, Sign ",Estoicismo
The direction in which education starts a man will determine his future in life.,Plato,"Life, Future, Man ",Platonismo
"Since we cannot know all that there is to be known about anything, we ought to know a little about everything.",Blaise Pascal,"Know, Anything, Little ",Jansenismo / Existencialismo Cristão (precursor)
Natural ability without education has more often raised a man to glory and virtue than education without natural ability.,Marcus Aurelius,"Man, Virtue, Glory ",Estoicismo
The most important part of education is proper training in the nursery.,Plato,"Training, Important ",Platonismo
"In large states public education will always be mediocre, for the same reason that in large kitchens the cooking is usually bad.",Friedrich Nietzsche,"Cooking, Public Education ",Niilismo / Existencialismo (precursor)
The journey of a thousand miles begins with one step.,Lao Tzu,"Journey, Step, Thousand ",Taoismo
"When it is obvious that the goals cannot be reached, don't adjust the goals, adjust the action steps.",Confucius,"Goals, Action, Steps ",Confucionismo
"Knowing others is wisdom, knowing yourself is Enlightenment.",Lao Tzu,"Yourself, Enlightenment ",Taoismo
Be as you wish to seem.,Socrates,"Wish, You, Seem ",Filosofia Socrática
"Commitment is an act, not a word.",Jean-Paul Sartre,"Commitment, Word, Act ",Existencialismo
"True wisdom comes to each of us when we realize how little we understand about life, ourselves, and the world around us.",Socrates,"Life, World, Realize ",Filosofia Socrática
"It's not what happens to you, but how you react to it that matters.",Epictetus,"React, Matters, You ",Estoicismo
Wisdom begins in wonder.,Socrates,"Wonder, Begins ",Filosofia Socrática
There is more wisdom in your body than in your deepest philosophy.,Friedrich Nietzsche,"Philosophy, Body, Deepest ",Niilismo / Existencialismo (precursor)
"There are three classes of men; lovers of wisdom, lovers of honor, and lovers of gain.",Plato,"Men, Honor, Three ",Platonismo
"I decided that it was not wisdom that enabled poets to write their poetry, but a kind of instinct or inspiration, such as you find in seers and prophets who deliver all their sublime messages without knowing in the least what they mean.",Socrates,"Poetry, Inspiration, You ",Filosofia Socrática
He who lives in harmony with himself lives in harmony with the universe.,Marcus Aurelius,"Universe, Harmony, Himself ",Estoicismo
"Let my skin and sinews and bones dry up, together with all the flesh and blood of my body! I welcome it! But I will not move from this spot until I have attained the supreme and final wisdom.",Buddha,"Together, Welcome, Body ",Budismo
"Both old and young alike ought to seek wisdom: the former in order that, as age comes over him, he may be young in good things because of the grace of what has been, and the latter in order that, while he is young, he may at the same time be old, because he has no fear of the things which are to come.",Epicurus,"Time, Age, Fear ",Epicurismo
Does wisdom perhaps appear on the earth as a raven which is inspired by the smell of carrion?,Friedrich Nietzsche,"Earth, Smell, Which ",Niilismo / Existencialismo (precursor)
Start with what is right rather than what is acceptable.,Franz Kafka,"Start, Right, Rather ",Existencialismo (influência) / Absurdo
Wise kings generally have wise counselors and he must be a wise man himself who is capable of distinguishing one. ,Diogenes,"Wise, Man, Wise Man ",Cinismo
Cunning... is but the low mimic of wisdom.,Plato,"Cunning, Low, Mimic ",Platonismo
The sum of wisdom is that time is never lost that is devoted to work.,Ralph Waldo Emerson,"Work, Time, Lost ",Transcendentalismo
"The virtue of justice consists in moderation, as regulated by wisdom.",Aristotle,"Justice, Virtue, Moderation ",Peripatético / Aristotelismo
Before we acquire great power we must acquire wisdom to use it well.,Ralph Waldo Emerson,"Great, Power, Well ",Transcendentalismo
The fall of dropping water wears away the Stone.,Lucretius,"Water, Stone, Fall ",Epicurismo
"Wisdom has its root in goodness, not goodness its root in wisdom.",Ralph Waldo Emerson,"Goodness, Root ",Transcendentalismo
"Excellence, then, is a state concerned with choice, lying in a mean, relative to us, this being determined by reason and in the way in which the man of practical wisdom would determine it.",Aristotle,"Man, Excellence, Choice ",Peripatético / Aristotelismo
Wisdom is not wisdom when it is derived from books alone.,Horace,"Alone, Books, Derived ",Epicurismo (influência)
"For every minute you remain angry, you give up sixty seconds of peace of mind.",Ralph Waldo Emerson,"Anger, Mind, Peace Of Mind ",Transcendentalismo
Peace comes from within. Do not seek it without.,Buddha,"Within, Without, Seek ",Budismo
Those who are free of resentful thoughts surely find peace.,Buddha,"Thoughts, Free, Find ",Budismo
"Better than a thousand hollow words, is one word that brings peace.",Buddha,"Words, Better, One Word ",Budismo
Nobody can bring you peace but yourself.,Ralph Waldo Emerson,"Yourself, You, Bring ",Transcendentalismo
"Do not overrate what you have received, nor envy others. He who envies others does not obtain peace of mind.",Buddha,"Mind, Peace Of Mind, You ",Budismo
Nowhere can man find a quieter or more untroubled retreat than in his own soul.,Marcus Aurelius,"Man, Soul, Find ",Estoicismo
One can not reflect in streaming water. Only those who know internal peace can give it to others.,Lao Tzu,"Water, Know, Give ",Taoismo
"Do not dwell in the past, do not dream of the future, concentrate the mind on the present moment.",Buddha,"Future, Past, Mind ",Budismo
"Very little is needed to make a happy life; it is all within yourself, in your way of thinking.",Marcus Aurelius,"Happy, Thinking, Yourself ",Estoicismo
Life is a series of natural and spontaneous changes. Don't resist them - that only creates sorrow. Let reality be reality. Let things flow naturally forward in whatever way they like.,Lao Tzu,"Changes, Reality, Life Is A ",Taoismo
Beware the barrenness of a busy life.,Socrates,"Busy, Beware, Busy Life ",Filosofia Socrática
He who has a why to live can bear almost any how.,Friedrich Nietzsche,"Live, Why, Bear ",Niilismo / Existencialismo (precursor)
All life is an experiment. The more experiments you make the better.,Ralph Waldo Emerson,"Better, You, Experiment ",Transcendentalismo
"A chain is no stronger than its weakest link, and life is after all a chain.",William James,"Stronger, Chain, Than ",Pragmatismo
Why should we think upon things that are lovely? Because thinking determines life. It is a common habit to blame life upon the environment. Environment modifies life but does not govern life. The soul is stronger than its surroundings.,William James,"Soul, Thinking, Blame ",Pragmatismo
"It is not length of life, but depth of life.",Ralph Waldo Emerson,"Depth, Length ",Transcendentalismo
Life must be lived as play.,Plato,"Play, Lived, Must ",Platonismo
"Everything has been figured out, except how to live.",Jean-Paul Sartre,"Live, Everything, Been ",Existencialismo
"With the past, I have nothing to do; nor with the future. I live now.",Ralph Waldo Emerson,"Future, Past, Live ",Transcendentalismo
Execute every act of thy life as though it were thy last.,Marcus Aurelius,"Last, Act, Every ",Estoicismo
"Begin at once to live, and count each separate day as a separate life.",Seneca,"Day, Live, Count ",Estoicismo
"This life is worth living, we can say, since it is what we make it.",William James,"Living, Worth Living, Say ",Pragmatismo
"Life is a succession of lessons which must be lived to be understood. All is riddle, and the key to a riddle is another riddle.",Ralph Waldo Emerson,"Life Is A, Key, Lived ",Transcendentalismo
Life consists in what a man is thinking of all day.,Ralph Waldo Emerson,"Day, Man, Thinking ",Transcendentalismo
Life is largely a matter of expectation.,Horace,"Expectation, Matter, Largely ",Epicurismo (influência)
Remember when life's path is steep to keep your mind even.,Horace,"Path, Mind, Remember ",Epicurismo (influência)
The greatest use of a life is to spend it on something that will outlast it.,William James,"Greatest, Will, Spend ",Pragmatismo
He who loves 50 people has 50 woes he who loves no one has no woes. ,Buddha,"People, He, Who ",Budismo
Adapt yourself to the things among which your lot has been cast and love sincerely the fellow creatures with whom destiny has ordained that you shall live.,Marcus Aurelius,"Love, Destiny, Yourself ",Estoicismo
Invincibility lies in the defence the possibility of victory in the attack. ,Sun Tzu,"Victory, Attack, Defence ",Filosofia Militar Chinesa
The superior man makes the difficulty to be overcome his first interest success only comes later. ,Confucius,"Man, First, Overcome ",Confucionismo
One man cannot practice many arts with success.,Plato,"Man, Practice, Arts ",Platonismo
"Forward, as occasion offers. Never look round to see whether any shall note it... Be satisfied with success in even the smallest matter, and think that even such a result is no trifle.",Marcus Aurelius,"Think, Look, See ",Estoicismo
"Not every difficult and dangerous thing is suitable for training, but only that which is conducive to success in achieving the object of our effort.",Epictetus,"Training, Achieving, Effort ",Estoicismo
"Hence poetry is something more philosophic and of graver import than history, since its statements are rather of the nature of universals, whereas those of history are singulars.",Aristotle,"Nature, History, Something ",Peripatético / Aristotelismo
No poems can please for long or live that are written by water drinkers.,Horace,"Water, Live, Long ",Epicurismo (influência)
"A hero is born among a hundred, a wise man is found among a thousand, but an accomplished one might not be found even among a hundred thousand men.",Plato,"Hero, Wise, Man ",Platonismo
Victory usually goes to the army who has better trained officers and men.,Sun Tzu,"Victory, Army, Better ",Filosofia Militar Chinesa
All men's miseries derive from not being able to sit in a quiet room alone.,Blaise Pascal,"Alone, Quiet, Being ",Jansenismo / Existencialismo Cristão (precursor)
"All men's souls are immortal, but the souls of the righteous are immortal and divine.",Socrates,"Divine, Immortal, Righteous ",Filosofia Socrática
"It disturbs me no more to find men base, unjust, or selfish than to see apes mischievous, wolves savage, or the vulture ravenous.",Jean-Paul Sartre,"Selfish, Me, Savage ",Existencialismo
"I have often wondered how it is that every man loves himself more than all the rest of men, but yet sets less value on his own opinions of himself than on the opinions of others.",Marcus Aurelius,"Man, Value, Opinions ",Estoicismo
"All men can see these tactics whereby I conquer, but what none can see is the strategy out of which victory is evolved.",Sun Tzu,"Strategy, Victory, Conquer ",Filosofia Militar Chinesa
I do not believe in a fate that falls on men however they act but I do believe in a fate that falls on them unless they act. ,Buddha,"Believe, Fate, Act ",Budismo
"Let men see, let them know, a real man, who lives as he was meant to live.",Marcus Aurelius,"Man, Live, Real Man ",Estoicismo
The superior man is distressed by the limitations of his ability he is not distressed by the fact that men do not recognize the ability that he has. ,Confucius,"Man, Ability, Fact ",Confucionismo
"With fools, there is no companionship. Rather than to live with men who are selfish, vain, quarrelsome, and obstinate, let a man walk alone.",Buddha,"Alone, Man, Walk ",Budismo
"Men are disturbed not by things, but by the view which they take of them.",Epictetus,"View, Things, Which ",Estoicismo
Now the reason the enlightened prince and the wise general conquer the enemy whenever they move and their achievements surpass those of ordinary men is foreknowledge.,Sun Tzu,"Wise, Conquer, Enemy ",Filosofia Militar Chinesa
Bad men are full of repentance.,Aristotle,"Bad, Repentance, Full ",Peripatético / Aristotelismo
There are only two kinds of men: the righteous who think they are sinners and the sinners who think they are righteous.,Blaise Pascal,"Think, Two, Righteous ",Jansenismo / Existencialismo Cristão (precursor)
How could man rejoice in victory and delight in the slaughter of men?,Lao Tzu,"Man, Victory, Delight ",Taoismo
"If we know that our own men are in a condition to attack, but are unaware that the enemy is not open to attack, we have gone only halfway towards victory.",Sun Tzu,"Victory, Enemy, Know ",Filosofia Militar Chinesa
It is unbecoming for young men to utter maxims.,Aristotle,"Young, Maxims, Utter ",Peripatético / Aristotelismo
There is no such thing as justice in the abstract it is merely a compact between men. ,Epicurus,"Justice, Abstract, Between ",Epicurismo
"When a hundred men stand together, each of them loses his mind and gets another one.",Friedrich Nietzsche,"Together, Mind, Stand ",Niilismo / Existencialismo (precursor)
I will not be concerned at other men's not knowing me I will be concerned at my own want of ability. ,Confucius,"Me, Want, Not Knowing ",Confucionismo
"Regarding life, the wisest men of all ages have judged alike: it is worthless.",Friedrich Nietzsche,"Life, Alike, Wisest ",Niilismo / Existencialismo (precursor)
Nothing astonishes men so much as common sense and plain dealing.,Ralph Waldo Emerson,"Common Sense, Dealing ",Transcendentalismo
Men exist for the sake of one another.,Marcus Aurelius,"Exist, Sake, Another ",Estoicismo
The world would be happier if men had the same capacity to be silent that they have to speak.,Baruch Spinoza,"World, Speak, Silent ",Racionalismo
Most men are within a finger's breadth of being mad.,Diogenes,"Mad, Finger, Within ",Cinismo
Every actual State is corrupt. Good men must not obey laws too well.,Ralph Waldo Emerson,"Good, Laws, Good Men ",Transcendentalismo
A great value of antiquity lies in the fact that its writings are the only ones that modern men still read with exactness.,Friedrich Nietzsche,"Great, Value, Modern ",Niilismo / Existencialismo (precursor)
"Those who excel in virtue have the best right of all to rebel, but then they are of all men the least inclined to do so.",Aristotle,"Best, Rebel, Virtue ",Peripatético / Aristotelismo
"You will not be punished for your anger, you will be punished by your anger.",Buddha,"You, Will, Your ",Budismo
"When anger rises, think of the consequences.",Confucius,"Consequences, Think, Rises ",Confucionismo
Holding on to anger is like grasping a hot coal with the intent of throwing it at someone else you are the one who gets burned. ,Buddha,"You, Hot, Intent ",Budismo
"The one who cannot restrain their anger will wish undone, what their temper and irritation prompted them to do.",Horace,"Wish, Will, Temper ",Epicurismo (influência)
"When you are offended at any man's fault, turn to yourself and study your own failings. Then you will forget your anger.",Epictetus,"Man, Yourself, You ",Estoicismo
Anger is a short madness.,Horace,"Short, Madness ",Epicurismo (influência)
Anger cannot be dishonest.,Marcus Aurelius,"Dishonest, Cannot ",Estoicismo
Lawyers are men who hire out their words and anger.,Horace,"Men, Words, Lawyers ",Epicurismo (influência)
There is nothing permanent except change.,Heraclitus,"Nothing, Permanent, Except ",Pré-socrático
"If you do not change direction, you may end up where you are heading.",Lao Tzu,"End, Direction, You ",Taoismo
Change in all things is sweet.,Aristotle,"Sweet, All Things, Things ",Peripatético / Aristotelismo
"Excess generally causes reaction, and produces a change in the opposite direction, whether it be in the seasons, or in individuals, or in governments.",Plato,"Seasons, Direction, Reaction ",Platonismo
To change ones life: Start immediately. Do it flamboyantly.,William James,"Life, Start, Immediately ",Pragmatismo
No change of circumstances can repair a defect of character.,Ralph Waldo Emerson,"Character, Circumstances ",Transcendentalismo
The universe is change our life is what our thoughts make it. ,Marcus Aurelius,"Life, Thoughts, Universe ",Estoicismo
"If you realize that all things change, there is nothing you will try to hold on to. If you are not afraid of dying, there is nothing you cannot achieve.",Lao Tzu,"You, Try, Realize ",Taoismo
"If you believe that feeling bad or worrying long enough will change a past or future event, then you are residing on another planet with a different reality system.",William James,"Future, Past, Believe ",Pragmatismo
Change alone is unchanging.,Heraclitus,"Alone, Unchanging ",Pré-socrático
"Win as if you were used to it, lose as if you enjoyed it for a change.",Ralph Waldo Emerson,"Win, You, Lose ",Transcendentalismo
"There was something undifferentiated and yet complete, which existed before Heaven and Earth. Soundless and formless, it depends on nothing and does not change. It operates everywhere and is free from danger. It may be considered the mother of the universe. I do not know its name; I call it Tao.",Lao Tzu,"Mother, Universe, Free ",Taoismo
"The faults of a superior person are like the sun and moon. They have their faults, and everyone sees them; they change and everyone looks up to them.",Confucius,"Sun, Moon, Person ",Confucionismo
"It may be that the satisfaction I need depends on my going away, so that when I've gone and come back, I'll find it at home.",Rumi,"Find, Satisfaction, Back ",Sufismo
There are a thousand ways to kneel and kiss the ground there are a thousand ways to go home again. ,Rumi,"Kiss, Go, Ground ",Sufismo
An artist has no home in Europe except in Paris.,Friedrich Nietzsche,"Artist, Paris, Europe ",Niilismo / Existencialismo (precursor)
"However much I might try to expound or explain Love, when I come to Love itself, I am ashamed of my explanations... Love alone can explain the mysteries of love and lovers.",Rumi,"Love, I Am, Try ",Sufismo
Virtue is not left to stand alone. He who practices it will have neighbors.,Confucius,"Stand, Neighbors, Virtue ",Confucionismo
"Of those beings who live in ignorance, shut up and confined, as it were, in an egg, I have first broken the eggshell of ignorance and alone in the universe obtained the most exalted, universal Buddhahood.",Buddha,"Ignorance, Universe, Live ",Budismo
"If you are lonely when you're alone, you are in bad company.",Jean-Paul Sartre,"Lonely, Company, You ",Existencialismo
He alone is free who lives with free consent under the entire guidance of reason.,Baruch Spinoza,"Free, Reason, Guidance ",Racionalismo
"There are two types of poor people, those who are poor together and those who are poor alone. The first are the true poor, the others are rich people out of luck.",Jean-Paul Sartre,"Together, Luck, Rich ",Existencialismo
Every man is born as many men and dies as a single one.,Martin Heidegger,"Man, Men, Born ",Fenomenologia / Existencialismo
Perhaps I know best why it is man alone who laughs he alone suffers so deeply that he had to invent laughter. ,Friedrich Nietzsche,"Best, Laughter, Man ",Niilismo / Existencialismo (precursor)
"It is the fight alone that pleases us, not the victory.",Blaise Pascal,"Fight, Victory, Us ",Jansenismo / Existencialismo Cristão (precursor)
"It is not necessary that you leave the house. Remain at your table and listen. Do not even listen, only wait. Do not even wait, be wholly still and alone. The world will present itself to you for its unmasking, it can do no other, in ecstasy it will writhe at your feet.",Franz Kafka,"World, Feet, You ",Existencialismo (influência) / Absurdo
"Sensual love deceives one as to the nature of heavenly love; it could not do so alone, but since it unconsciously has the element of heavenly love within it, it can do so.",Franz Kafka,"Love, Nature, Within ",Existencialismo (influência) / Absurdo
"The Fuhrer alone is the present and future German reality and its law. Learn to know ever more deeply: from now on every single thing demands decision, and every action responsibility.",Martin Heidegger,"Future, Responsibility, Law ",Fenomenologia / Existencialismo
"Society, being codified by man, decrees that woman is inferior; she can do away with this inferiority only by destroying the male's superiority.",Simone de Beauvoir,"Man, Woman, She ",Existencialismo / Feminismo
"To cut short the question of the law of retaliation, we must note that even in its primitive form it can operate only between two individuals of whom one is absolutely innocent, and the other absolutely guilty. The victim, to be sure, is innocent. But can the society that is supposed to represent the victim lay claim to innocence?",Albert Camus,"Law, Short, Innocence ",Existencialismo / Absurdismo
"The society based on production is only productive, not creative.",Albert Camus,"Creative, Production ",Existencialismo / Absurdismo
Society cares for the individual only so far as he is profitable.,Simone de Beauvoir,"Individual, Far, Cares ",Existencialismo / Feminismo
Justice in the life and conduct of the State is possible only as first it resides in the hearts and souls of the citizens.,Plato,"Life, Justice, First ",Platonismo
It is right to give every man his due.,Plato,"Man, Right, Give ",Platonismo
The chain of wedlock is so heavy that it takes two to carry it - and sometimes three.,Heraclitus,"Sometimes, Three, Chain ",Pré-socrático
The only way to deal with an unfree world is to become so absolutely free that your very existence is an act of rebellion.,Albert Camus,"World, Rebellion, Free ",Existencialismo / Absurdismo
"A free press can, of course, be good or bad, but, most certainly without freedom, the press will never be anything but bad.",Albert Camus,"Good, Free, Bad ",Existencialismo / Absurdismo
The desire of gold is not for gold. It is for the means of freedom and benefit.,Ralph Waldo Emerson,"Gold, Desire, Benefit ",Transcendentalismo
"I am not an Athenian or a Greek, but a citizen of the world.",Diogenes,"I Am, World, Citizen ",Cinismo
Men are never really willing to die except for the sake of freedom: therefore they do not believe in dying completely.,Albert Camus,"Men, Believe, Die ",Existencialismo / Absurdismo
I wish that every human life might be pure transparent freedom.,Simone de Beauvoir,"Life, Wish, Human ",Existencialismo / Feminismo
Is freedom anything else than the right to live as we wish? Nothing else.,Epictetus,"Live, Wish, Right ",Estoicismo
Nothing has been purchased more dearly than the little bit of reason and sense of freedom which now constitutes our pride.,Friedrich Nietzsche,"Pride, Nothing, Reason ",Niilismo / Existencialismo (precursor)
Undeservedly you will atone for the sins of your fathers.,Horace,"You, Will, Sins ",Epicurismo (influência)
"If you think in terms of a year, plant a seed; if in terms of ten years, plant trees; if in terms of 100 years, teach the people.",Confucius,"Trees, People, Plant ",Confucionismo
"Study the past, if you would divine the future.",Confucius,"Past, Study, You ",Confucionismo
Real generosity toward the future lies in giving all to the present.,Albert Camus,"Giving, Generosity, Present ",Existencialismo / Absurdismo
"Look back over the past, with its changing empires that rose and fell, and you can foresee the future, too.",Marcus Aurelius,"Rose, Past, You ",Estoicismo
The future influences the present just as much as the past.,Friedrich Nietzsche,"Past, Present, Just ",Niilismo / Existencialismo (precursor)
Enjoy present pleasures in such a way as not to injure future ones.,Seneca,"Enjoy, Present, Way ",Estoicismo
"Cease to inquire what the future has in store, and take as a gift whatever the day brings forth.",Horace,"Day, Gift, Whatever ",Epicurismo (influência)
"In each action we must look beyond the action at our past, present, and future state, and at others whom it affects, and see the relations of all those things. And then we shall be very cautious.",Blaise Pascal,"Past, Action, See ",Jansenismo / Existencialismo Cristão (precursor)
"All sciences are now under the obligation to prepare the ground for the future task of the philosopher, which is to solve the problem of value, to determine the true hierarchy of values.",Friedrich Nietzsche,"Value, Values, Problem ",Niilismo / Existencialismo (precursor)
A quality is something capable of being completely embodied. A law never can be embodied in its character as a law except by determining a habit. A quality is how something may or might have been. A law is how an endless future must continue to be.,Charles Sanders Peirce,"Character, Law, Quality ",Pragmatismo
